"V1"
"Haolan Chen,Di Niu,Kunfeng Lai,Yu Xu,Masoud Ardakani"
"Dimitrios Rafailidis,Fabio Crestani"
"Myungha Jang,John Foley,Shiri Dori-Hacohen,James Allan"
"Tomasz Kusmierczyk,Kjetil Nørvåg"
"Seong-Ping Chuah,Huayu Wu 0001,Yu Lu 0003,Liang Yu,Stéphane Bressan"
"Minwei Feng,Bing Xiang,Bowen Zhou"
"Ragunathan Mariappan,Balaji Peddamuthu,Preethi R. Raajaratnam,Sandipan Dandapat,Neeta Pande,Shourya Roy"
"Lei Shi 0002,Hanghang Tong,Chaoli Wang 0001,Leman Akoglu"
"Dongwoo Kim 0002,Lexing Xie,Cheng Soon Ong"
"Lei Zhang 0034,Michael Färber 0001,Achim Rettinger"
"Sangwoo Kim,Jake Y. Chen,Vincenzo Cutello,Doheon Lee"
"Md. Saiful Islam 0003,Chengfei Liu,J. Wenny Rahayu,Tarique Anwar"
"Mostafa Dehghani 0001,Hosein Azarbonyad,Jaap Kamps,Djoerd Hiemstra,Maarten Marx"
"Jarana Manotumruksa,Craig MacDonald,Iadh Ounis"
"Wenjie Ruan,Peipei Xu,Quan Z. Sheng,Nguyen Khoi Tran 0001,Nickolas J. G. Falkner,Xue Li 0001,Wei Emma Zhang"
"Chengyu Wang 0001,Rong Zhang 0002,Xiaofeng He,Aoying Zhou"
"Cheng Chen 0019,Fang Dong,Kui Wu 0001,Venkatesh Srinivasan 0001,Alex Thomo"
"Saar Kuzi,Anna Shtok,Oren Kurland"
"Jiangfeng Zeng,Ke Zhou 0001,Xiao Ma,Fuhao Zou,Hua Wang 0008"
"Yuli Liu,Yiqun Liu 0001,Ke Zhou 0003,Min Zhang 0006,Shaoping Ma,Yue Yin,Hengliang Luo"
"Yong-Yeon Jo,Jiwon Hong,Myung-Hwan Jang,Jae-Geun Bang,Sang-Wook Kim"
"Niels Dalum Hansen,Christina Lioma,Kåre Mølbak"
"Yuki Yano,Yukihiro Tagami,Akira Tajima"
"Kelsey Suyehira,Francesca Spezzano"
"Zhongfang Zhuang,Chuan Lei,Elke A. Rundensteiner,Mohamed Y. Eltabakh"
"Wei Wang 0064,Yue Ning,Huzefa Rangwala,Naren Ramakrishnan"
"Zhan Li,Olga Papaemmanouil,Mitch Cherniack"
"Sandipan Sikdar,Matteo Marsili,Niloy Ganguly,Animesh Mukherjee 0001"
"Qi Zhang 0001,Yeyun Gong,Jindou Wu,Haoran Huang,Xuanjing Huang"
"Aleksandr Chuklin,Maarten de Rijke"
"Kan Ren,Weinan Zhang 0001,Yifei Rong,Haifeng Zhang 0002,Yong Yu 0001,Jun Wang 0012"
"Shaojie Tang,Jing Yuan 0002"
"Weize Kong,James Allan"
"Zhaochun Ren,Oana Inel,Lora Aroyo,Maarten de Rijke"
"Elham Shaabani,Hamidreza Alvari,Paulo Shakarian,J. E. Kelly Snyder"
"Hengfeng Li,Lars Kulik,Kotagiri Ramamohanarao"
"Tong Zhao 0002,Irwin King"
"Jiongqian Liang,Srinivasan Parthasarathy 0001"
"Paris Carbone,Jonas Traub,Asterios Katsifodimos,Seif Haridi,Volker Markl"
"Hagit Grushka-Cohen,Oded Sofer,Ofer Biller,Bracha Shapira,Lior Rokach"
"Feifan Fan,Yansong Feng,Lili Yao,Dongyan Zhao 0001"
"Yiu-ming Cheung,Jian Lou 0001"
"Chong Wang,Achir Kalra,Cristian Borcea,Yi Chen 0001"
"Takuya Akiba,Yosuke Yano,Naoto Mizuno"
"Fuzhen Zhuang,Ping Luo 0001,Sinno Jialin Pan,Hui Xiong 0001,Qing He 0003"
"Kashyap Popat,Subhabrata Mukherjee,Jannik Strötgen,Gerhard Weikum"
"Piyush Bansal,Carsten Eickhoff,Thomas Hofmann"
"Tuan-Anh Hoang-Vu,Huy T. Vo,Juliana Freire"
"Ting Hua,Xuchao Zhang,Wei Wang 0064,Chang-Tien Lu,Naren Ramakrishnan"
"Matthew Ekstrand-Abueg,Richard McCreadie,Virgil Pavlu,Fernando Diaz 0001"
"Pengfei Li,Mark Sanderson,Mark James Carman,Falk Scholer"
"Henry S. Vieira,Altigran Soares da Silva,Pável Calado,Marco Cristo,Edleno Silva de Moura"
"Zhichen Gong,Huanhuan Chen"
"Li Jin,Zhuonan Feng,Ling Feng"
"Xuezhi Cao,Yong Yu 0001"
"Kosetsu Tsukuda,Masahiro Hamasaki,Masataka Goto"
"Xiaoyi Fan,Feng Wang 0001,Jiangchuan Liu"
"Thanh-Nam Doan,Ee-Peng Lim"
"Brian Brost,Yevgeny Seldin,Ingemar J. Cox,Christina Lioma"
"Bin Tong,Martin Klinkigt,Makoto Iwayama,Yoshiyuki Kobayashi,Anshuman Sahu,Ravigopal Vennelakanti"
"Chao Huang 0001,Xian Wu,Dong Wang 0002"
"Fangzhao Wu,Sixing Wu,Yongfeng Huang 0001,Songfang Huang,Yong Qin"
"Jiafeng Guo,Yixing Fan,Qingyao Ai,W. Bruce Croft"
"Suhang Wang,Jiliang Tang,Charu C. Aggarwal,Huan Liu 0001"
"Kaiqi Zhao 0001,Gao Cong,Aixin Sun"
"Xin Wang 0030,Junhu Wang,Xiaowang Zhang"
"Zhuyun Dai,Chenyan Xiong,Jamie Callan"
"Xing Wang 0011,Jessica Lin 0001,Nital Patel,Martin Braun"
"Amine Roukh,Ladjel Bellatreche,Carlos Ordonez 0001"
"Xianzhi Wang 0001,Quan Z. Sheng,Lina Yao,Xue Li 0001,Xiu Susie Fang,Xiaofei Xu,Boualem Benatallah"
"Daniel Preotiuc-Pietro,Jordan Carpenter,Salvatore Giorgi,Lyle H. Ungar"
"Shu Chen,Ran Wei,Diana Popova,Alex Thomo"
"Rui Yan,Yiping Song,Xiangyang Zhou,Hua Wu 0003"
"Qin Liu,Zhenguo Li,John C. S. Lui,Jiefeng Cheng"
"Quanzhi Li,Sameena Shah,Armineh Nourbakhsh,Xiaomo Liu,Rui Fang"
"Sanguthevar Rajasekaran,Subrata Saha"
"Zhi Liu,Yan Huang 0002"
"Yuhao Zhang,Wenji Mao,Daniel Dajun Zeng"
"Jiafeng Guo,Yixing Fan,Qingyao Ai,W. Bruce Croft"
"Xin Jin 0010,Daniel Agun,Tao Yang 0009,Qinghao Wu,Yifan Shen,Susen Zhao"
"Besnik Fetahu,Katja Markert,Wolfgang Nejdl,Avishek Anand"
"Zhifei Zhang,Yang Song,Wei Wang 0063,Hairong Qi"
"Liangyue Li,Hanghang Tong,Nan Cao,Kate Ehrlich,Yu-Ru Lin,Norbou Buchler"
"Swarup Chandra,Ahsanul Haque,Latifur Khan,Charu C. Aggarwal"
"Sumit Negi,Santanu Chaudhury"
"Leonid Boytsov,David Novak,Yury Malkov,Eric Nyberg"
"Wei Lu 0006,Korris Fu-Lai Chung,Kunfeng Lai"
"Chong Peng,Zhao Kang,Ming Yang,Qiang Cheng"
"Zhenghua Xu,Cheng Chen 0002,Thomas Lukasiewicz,Yishu Miao,Xiangwu Meng"
"Hoang Anh Dau,Nurjahan Begum,Eamonn J. Keogh"
"Ignacio Fernández-Tobías,Roi Blanco"
"Roohollah Etemadi,Jianguo Lu,Yung H. Tsin"
"Jaewon Kim,Paul Thomas,Ramesh Sankaranarayana,Tom Gedeon,Hwan-Jin Yoon"
"Christophe Van Gysel,Maarten de Rijke,Evangelos Kanoulas"
"Ryan A. Rossi,Rong Zhou 0001"
"David Maxwell,Leif Azzopardi"
"Quanzhi Li,Sameena Shah,Xiaomo Liu,Armineh Nourbakhsh,Rui Fang"
"Gjergji Kasneci,Thomas Gottron"
"Thomas Niebler,Martin Becker 0003,Daniel Zoller,Stephan Doerfel,Andreas Hotho"
"Dmitry Lagun,Donal McMahon,Vidhya Navalpakkam"
"Chenghao Liu,Steven C. H. Hoi,Peilin Zhao,Jianling Sun,Ee-Peng Lim"
"Qinzhe Zhang,Jia Wu 0001,Hong Yang,Weixue Lu,Guodong Long,Chengqi Zhang"
"Miyoung Han,Pierre Senellart,Stéphane Bressan,Huayu Wu 0001"
"Jianwei Zhang,Jia Zeng,Mingxuan Yuan,Weixiong Rao,Jianfeng Yan"
"Maksim Tkachenko,Hady Wirawan Lauw"
"Mingxuan Yue,Liyue Fan,Cyrus Shahabi"
"Yao Lu,Zhi Qiao,Chuan Zhou 0001,Yue Hu 0002,Li Guo 0001"
"Jyun-Yu Jiang,Cheng-Te Li"
"Liang Wang,Kuang-chih Lee,Quan Lu"
"Junhua Fang,Rong Zhang 0002,Xiaotong Wang,Tom Z. J. Fu,Zhenjie Zhang,Aoying Zhou"
"Karthik Subbian,Charu C. Aggarwal,Kshiteesh Hegde"
"Xinyang Zhang,Dashun Wang,Ting Wang"
"Chenliang Li,Jian Xing,Aixin Sun,Zongyang Ma"
"Huigui Rong,Xun Zhou,Chang Yang,M. Zubair Shafiq,Alex X. Liu"
"Gordon V. Cormack,Maura R. Grossman"
"Noa Avigdor-Elgrabli,Mark Cwalinski,Dotan Di Castro,Iftah Gamzu,Irena Grabovitch-Zuyev,Liane Lewin-Eytan,Yoelle Maarek"
"Li Gao,Jia Wu 0001,Zhi Qiao,Chuan Zhou 0001,Hong Yang,Yue Hu 0002"
"Erheng Zhong,Yue Shi,Nathan Liu,Suju Rajan"
"Javid Ebrahimi,Dejing Dou"
"Sihong Xie,Shaoxiong Wang,Philip S. Yu"
"Ziwei Zheng,Xiaojun Wan 0001"
"Jiangwei Yu Rafiei,Davood Rafiei"
"Martin Boissier 0001,Carsten Alexander Meyer,Timo Djürken,Jan Lindemann,Kathrin Mao,Pascal Reinhardt,Tim Specht,Tim Zimmermann,Matthias Uflacker"
"Jelena Stojanovic,Djordje Gligorijevic,Zoran Obradovic"
"Casper Petersen,Jakob Grue Simonsen,Kalervo Järvelin,Christina Lioma"
"Matthias Hagen,Michael Völske,Steve Göring,Benno Stein 0001"
"Chris Xing Tian,Aditya Pan,Yong Chiang Tay"
"Feng Wang 0009,Li Chen 0009,Weike Pan"
"Yodsawalai Chodpathumwan,Amirhossein Aleyasen,Arash Termehchy,Yizhou Sun"
"Minh-Tien Nguyen,Chien-Xuan Tran,Duc-Vu Tran,Minh-Le Nguyen"
"Carlos Castillo 0001,Fernando Diaz 0001,Yu-Ru Lin,Jie Yin"
"Yashar Moshfeghi,Kristiyan Velinov,Peter Triantafillou"
"Min Xie,Hongzhi Yin,Hao Wang 0005,Fanjiang Xu,Weitong Chen,Sen Wang 0001"
"Jun Wang 0023,Jinmao Wei,Zhenglu Yang"
"Yale Song,Miriam Redi,Jordi Vallmitjana,Alejandro Jaimes"
"Zhiqiang Xu,Yiping Ke"
"Shuting Wang,Alexander Ororbia,Zhaohui Wu 0002,Kyle Williams,Chen Liang 0001,Bart Pursel,C. Lee Giles"
"David Montoya,Thomas Pellissier Tanon,Serge Abiteboul,Fabian M. Suchanek"
"Wenjie Ruan,Quan Z. Sheng,Peipei Xu,Nguyen Khoi Tran 0001,Nickolas J. G. Falkner,Xue Li 0001,Wei Emma Zhang"
"Ridho Reinanda,Edgar Meij,Maarten de Rijke"
"Luca Maria Aiello,Ioannis Arapakis,Ricardo Baeza-Yates,Xiao Bai 0002,Nicola Barbieri,Amin Mantrach,Fabrizio Silvestri"
"Norases Vesdapunt,Hector Garcia-Molina"
"Yael Anava,Anna Shtok,Oren Kurland,Ella Rabinovich"
"Ling Luo,Bin Li 0015,Irena Koprinska,Shlomo Berkovsky,Fang Chen 0001"
"Yu-Wen Liu,Liang-Chih Liu,Chuan-Ju Wang,Ming-Feng Tsai"
"Gaurav Baruah,Haotian Zhang 0001,Rakesh Guttikonda,Jimmy J. Lin,Mark D. Smucker,Olga Vechtomova"
"Qiao Kang,Wei-keng Liao,Ankit Agrawal,Alok N. Choudhary"
"John Foley,Brendan O'Connor,James Allan"
"Panagiotis Liakos,Katia Papakonstantinopoulou,Alex Delis"
"Linda Andersson,Mihai Lupu,João R. M. Palotti,Allan Hanbury,Andreas Rauber"
"Ning Yang 0001,Philip S. Yu"
"Jiafeng Hu,Xiaowei Wu 0001,Reynold Cheng,Siqiang Luo,Yixiang Fang"
"Haejoon Lee,Minseo Kang,Sun-Bum Youn,Jae-Gil Lee 0001,YongChul Kwon"
"Salvador Aguiñaga,Rodrigo Palácios,David Chiang 0001,Tim Weninger"
"Yinan Liu,Wei Shen 0004,Xiaojie Yuan"
"Xin Wang 0019,Wei Lu,Martin Ester,Can Wang 0001,Chun Chen 0001"
"Dae Hoon Park,Yi Fang 0008,Mengwen Liu,ChengXiang Zhai"
"Xi Zhang,Di Ma,Lin Gan,Shanshan Jiang,Gady Agam"
"Jesús Camacho-Rodríguez,Dario Colazzo,Melanie Herschel,Ioana Manolescu,Soudip Roy Chowdhury"
"Manmeet Singh,W. Bruce Croft"
"Dingming Wu 0001,Christian S. Jensen"
"Fangzhou Zhu,Chen Luo,Mingxuan Yuan,Yijian Zhu,Zhengqing Zhang,Tao Gu,Ke Deng,Weixiong Rao,Jia Zeng"
"Jiawei Zhang 0001,Philip S. Yu,Yuanhua Lv,Qianyi Zhan"
"Bing Zhang,Goce Trajcevski,Feiying Liu"
"Lili Mou,Ran Jia,Yan Xu 0013,Ge Li 0001,Lu Zhang 0023,Zhi Jin"
"Tobias Bleifuß,Susanne Bülow,Johannes Frohnhofen,Julian Risch,Georg Wiese,Sebastian Kruse 0001,Thorsten Papenbrock,Felix Naumann"
"Xiang Li 0067,Ben Kao,Yudian Zheng,Zhipeng Huang 0001"
"Lu Chen,Chengfei Liu,Xiaochun Yang 0001,Bin Wang 0015,Jianxin Li 0001,Rui Zhou 0001"
"Chandima Hewa Nadungodage,Yuni Xia,John Jaehwan Lee"
"Suhang Wang,Jiliang Tang,Fred Morstatter,Huan Liu 0001"
"Ali Braytee,Daniel R. Catchpoole,Paul J. Kennedy,Wei Liu 0007"
"Nikita V. Spirin,Alexander S. Kotov,Karrie G. Karahalios,Vassil Mladenov,Pavel A. Izhutov"
"Zhiqiang Tao,Hongfu Liu,Sheng Li 0001,Yun Fu 0001"
"Liang Ma 0002,Mudhakar Srivatsa,Derya Cansever,Xifeng Yan,Sue Kase,Michelle Vanni"
"Asif R. Khan,Hector Garcia-Molina"
"Min-Hee Jang,Christos Faloutsos,Sang-Wook Kim,U Kang,Jiwoon Ha"
"Tianyou Guo,Jun Xu 0001,Xiaohui Yan,Jianpeng Hou,Ping Li,Zhaohui Li,Jiafeng Guo,Xueqi Cheng"
"Pengwei Wang,Lei Ji,Jun Yan 0001,Lianwen Jin,Wei-Ying Ma"
"Bahareh Sadat Arab,Dieter Gawlick,Vasudha Krishnaswamy,Venkatesh Radhakrishnan,Boris Glavic"
"Chenxi Qiu,Anna Cinzia Squicciarini,Barbara Carminati,James Caverlee,Dev Rishi Khare"
"Yi Fang 0008,Maarten de Rijke,Huangming Xie"
"Sameen Mansha,Faisal Kamiran,Asim Karim,Aizaz Anwar"
"Cheng Chen 0019,Sean Chester,Venkatesh Srinivasan 0001,Kui Wu 0001,Alex Thomo"
"Zimu Zheng,Dan Wang 0002,Jian Pei,Yi Yuan 0005,Cheng Fan,Linda Fu Xiao"
"Fei Wu 0007,Zhenhui Li"
"Nghia Duong-Trung,Nicolas Schilling,Lars Schmidt-Thieme"
"Wei Emma Zhang,Mingkui Tan,Quan Z. Sheng,Lina Yao,Qinfeng Shi"
"Xiangdong Huang,Jianmin Wang 0001,Raymond K. Wong,Jinrui Zhang,Chen Wang 0018"
"Prudhvi Ratna Badri Satya,Kyumin Lee,Dongwon Lee 0001,Thanh Tran 0005,Jason (Jiasheng) Zhang"
"Ibrahim M. Alabdulmohsin,Yufei Han,Yun Shen,Xiangliang Zhang 0001"
"Abhishek Sikchi,Pawan Goyal,Samik Datta"
"Hung T. Nguyen 0003,Preetam Ghosh,Michael L. Mayo,Thang N. Dinh"
"Xinyue Liu,Xiangnan Kong,Yanhua Li"
"Shengyu Huang,K. Selçuk Candan,Maria Luisa Sapino"
"Jia Li,Yang Cao 0012,Xudong Liu"
"Kais Allab,Lazhar Labiod,Mohamed Nadif"
"Chenwei Zhang,Sihong Xie,Yaliang Li,Jing Gao 0004,Wei Fan 0001,Philip S. Yu"
"Bortik Bandyopadhyay,David Fuhry,Aniket Chakrabarti,Srinivasan Parthasarathy 0001"
"Yong Wu,Yuan Yao 0001,Feng Xu 0007,Hanghang Tong,Jian Lu 0001"
"Jun-Zhe Wang,Jiun-Long Huang"
"Lingxun Meng,Yan Li,Mengyi Liu,Peng Shu"
"Hongkun Yu,Jingbo Shang,Meichun Hsu,Malú Castellanos,Jiawei Han 0001"
"Hossein Hamooni,Biplob Debnath,Jianwu Xu,Hui Zhang 0002,Guofei Jiang,Abdullah Mueen"
"Hancheng Ge,James Caverlee,Nan Zhang,Anna Cinzia Squicciarini"
"Navid Rekabsaz,Mihai Lupu,Allan Hanbury,Guido Zuccon"
"Vladimir Ufimtsev,Soumya Sarkar,Animesh Mukherjee 0001,Sanjukta Bhowmick"
"Aldo Lipani,Mihai Lupu,Evangelos Kanoulas,Allan Hanbury"
"Haixing Huang,Jinghe Song,Xuelian Lin,Shuai Ma 0001,Jinpeng Huai"
"Daokun Zhang,Jie Yin,Xingquan Zhu,Chengqi Zhang"
"Erik Ordentlich,Lee Yang,Andy Feng,Peter Cnudde,Mihajlo Grbovic,Nemanja Djuric,Vladan Radosavljevic,Gavin Owens"
"Pavel Dmitriev,Xian Wu"
"Aritra Ghosh 0001,Dinesh Gaurav,Rahul Agrawal"
"Mostafa Dehghani 0001,Samira Abnar,Jaap Kamps"
"Takanori Hayashi 0002,Takuya Akiba,Ken-ichi Kawarabayashi"
"Mehdi Sadri,Sharad Mehrotra,Yaming Yu"
"Zhao Kang,Chong Peng,Ming Yang,Qiang Cheng"
"Prasad Cheema,Nguyen Lu Dang Khoa,Mehrisadat Makki Alamdari,Wei Liu 0007,Yang Wang 0002,Fang Chen 0001,Peter Runcie"
"Giovanni Da San Martino,Alberto Barrón-Cedeño,Salvatore Romeo,Antonio Uva 0001,Alessandro Moschitti"
"Tianyi Lin,Siyuan Zhang,Hong Cheng 0001"
"Ninh Pham,Rasmus Pagh"
"Martin Tutek,Goran Glavas,Jan Snajder,Natasa Milic-Frayling,Bojana Dalbelo Basic"
"Justin Sampson,Fred Morstatter,Liang Wu 0006,Huan Liu 0001"
"Stefan Heindorf,Martin Potthast,Benno Stein 0001,Gregor Engels"
"Chunkai Wang,Xiaofeng Meng 0001,Qi Guo 0001,Zujian Weng,Chen Yang 0009"
"Yusra Ibrahim,Mirek Riedewald,Gerhard Weikum"
"Yu Rong,Qiankun Zhu,Hong Cheng"
"Yu Liu,Baojian Zhou,Feng Chen 0001,David W. Cheung"
"Dhruv Mahajan 0001,Vishwajit Kolathur,Chetan Bansal,Suresh Parthasarathy,Sundararajan Sellamanickam,S. Sathiya Keerthi,Johannes Gehrke"
"Rodrigo M. Silva,Guilherme de Castro Mendes Gomes,Mário S. Alvim,Marcos André Gonçalves"
"Qi Guo,Yang Song 0008"
"Kateryna Tymoshenko,Daniele Bonadiman,Alessandro Moschitti"
"Sebastian Link,Henri Prade"
"Hengtong Zhang,Qi Li 0012,Fenglong Ma,Houping Xiao,Yaliang Li,Jing Gao 0004,Lu Su"
"Liu Yang 0005,Qingyao Ai,Jiafeng Guo,W. Bruce Croft"
"Ankit Agrawal,Alok N. Choudhary"
"Romain Deveaud,Josiane Mothe,Jian-Yun Nie"
"Qirong Ho,Wenqing Lin,Eran Shaham,Shonali Krishnaswamy,The Anh Dang,Jingxuan Wang,Isabel Choo Zhongyan,Amy She-Nash"
"Dejun Huang,Dhruv Gairola,Yu Huang,Zheng Zheng,Fei Chiang"
"Mehdi Kargar,Lukasz Golab,Jaroslaw Szlichta"
"Bei Shi,Wai Lam,Lidong Bing,Yinqing Xu"
"Jiwei Tan,Xiaojun Wan 0001,Jianguo Xiao"
"Shuguang Han,Xing Yi,Zhen Yue,Zhigeng Geng,Alyssa Glass"
"Hao Zhuang,Rameez Rahman,Xia Hu,Tian Guo 0002,Pan Hui,Karl Aberer"
"Namyong Park,Byungsoo Jeon,Jungwoo Lee,U Kang"
"Miao Li,Lisi Chen,Gao Cong,Yu Gu 0002,Ge Yu 0001"
"Guido Zuccon,João R. M. Palotti,Allan Hanbury"
"Jie Tang 0001,Keke Cai,Zhong Su,Hanghang Tong,Michalis Vazirgiannis,Yang Yang 0009"
"Rami Suleiman Alkhawaldeh,Joemon M. Jose,Deepak P 0001"
"Jaspreet Singh,Johannes Hoffart,Avishek Anand"
"Hua Wei 0001,Yuandong Wang,Tianyu Wo,Yaxiao Liu,Jie Xu 0007"
"Stephan Seufert,Klaus Berberich,Srikanta J. Bedathur,Sarath Kumar Kondreddi,Patrick Ernst,Gerhard Weikum"
"Shivakant Mishra,Qin Lv,Richard Han,Jeremy Blackburn"
"Ramakrishna B. Bairi,Raghavendra Udupa,Ganesh Ramakrishnan"
"Raíza Hanada,Maria da Graça Campos Pimentel,Marco Cristo,Fernando Anglada Lores"
"Kewei Cheng,Jundong Li,Huan Liu 0001"
"Jinfeng Rao,Hua He,Jimmy J. Lin"
"Yunlong He,Jiliang Tang,Hua Ouyang,Changsung Kang,Dawei Yin,Yi Chang 0001"
"Han-Ching Ou,Chung-Kuang Chou,Ming-Syan Chen"
"Hamed R. Bonab,Fazli Can"
"Swapnil Mishra,Marian-Andrei Rizoiu,Lexing Xie"
"Tarique Siddiqui,Xiang Ren 0001,Aditya G. Parameswaran,Jiawei Han 0001"
"Tuan-Anh Hoang,Ee-Peng Lim"
"Xidao Wen,Yu-Ru Lin,Konstantinos Pelechrinis"
"Cheng Li 0012,Paul Resnick,Qiaozhu Mei"
"Anastasia Giachanou,Ida Mele,Fabio Crestani"
"Daniel Xavier de Sousa,Sérgio Daniel Canuto,Thierson Couto Rosa,Wellington Santos Martins,Marcos André Gonçalves"
"Shubhra Kanti Karmaker Santu,Parikshit Sondhi,ChengXiang Zhai"
"Jiaxin Jiang,Peipei Yi,Byron Choi,Zhiwei Zhang,Xiaohui Yu 0001"
"Jinjin Guo,Zhiguo Gong"
"Adam Jatowt,Daisuke Kawai,Katsumi Tanaka"
"Bei Shi,Wai Lam"
"Or Levi,Fiana Raiber,Oren Kurland,Ido Guy"
"Fajie Yuan,Guibing Guo,Joemon M. Jose,Long Chen 0008,Haitao Yu 0003,Weinan Zhang 0001"
"Joseph St. Amand,Jun Huan"
"Ramakrishna B. Bairi,Mark James Carman,Ganesh Ramakrishnan"
"Zhipeng Huang 0001,Bogdan Cautis,Reynold Cheng,Yudian Zheng"
"Wendi Ji,Xiaoling Wang,Dell Zhang"
"Xuyun Zhang,Christopher Leckie,Wanchun Dou,Jinjun Chen,Kotagiri Ramamohanarao,Zoran Salcic"
"Daichi Imamori,Keishi Tajima"
"Guangyuan Piao,John G. Breslin"
"Tarique Anwar,Chengfei Liu,Hai Le Vu,Md. Saiful Islam 0003"
"Tao Li 0001,Wubai Zhou,Chunqiu Zeng,Qing Wang 0016,Qifeng Zhou,Dingding Wang 0001,Jia Xu 0003,Yue Huang,Wentao Wang 0006,Minjing Zhang,Steven Luis,Shu-Ching Chen,Naphtali Rishe"
"Elad Kravi,Ido Guy,Avihai Mejer,David Carmel,Yoelle Maarek,Dan Pelleg,Gilad Tsur"
"Xiaoting Wang,Christopher Leckie,Jeffrey Chan,Kwan Hui Lim 0001,Tharshan Vaithianathan"
"Jifan Chen,Qi Zhang 0001,Xuanjing Huang"
"Henning Köhler,Sebastian Link"
"Huazheng Wang,Qingyun Wu,Hongning Wang"
"Tianran Hu,Ruihua Song,Yingzi Wang,Xing Xie 0001,Jiebo Luo"
"Sheng Li 0001,Yaliang Li,Yun Fu 0001"
"Darshan M. Shankaralingappa,Gianmarco De Francisci Morales,Aristides Gionis"
"Nicolas Hanusse,Patrick Kamnang Wanko,Sofian Maabout"
"Ting-Kun Yan,Xin-Shun Xu,Shanqing Guo,Zi Huang,Xiaolin Wang 0003"
"Arunav Mishra,Klaus Berberich"
"Hong Su,Mohamed Zaït,Vladimir Barrière,Joseph Torres,Andre Cavalheiro Menck"
"Chonggang Song,Wynne Hsu,Mong-Li Lee"
"Fusang Zhang,Beihong Jin,Tingjian Ge,Qiang Ji,Yanling Cui"
"Hossein Soleimani,David J. Miller 0001"
"Dawei Chen,Cheng Soon Ong,Lexing Xie"
"Dwaipayan Roy,Debasis Ganguly,Mandar Mitra,Gareth J. F. Jones"
"Sattar Ameri,Mahtab Jahanbani Fard,Ratna Babu Chinnam,Chandan K. Reddy"
"Vincent Wenchen Zheng,Kevin Chen-Chuan Chang"
"Xiaoli Li 0013,Jun Huan"
"Baichuan Zhang,Murat Dundar,Mohammad Al Hasan"
"Saeid Balaneshinkordan,Alexander Kotov"
"Ping Wang,Karthik K. Padthe,Bhanukiran Vinzamuri,Chandan K. Reddy"
"Chi-Chun Lin,Kun-Ta Chuang,Wush Chi-Hsuan Wu,Ming-Syan Chen"
"Laure Soulier,Lynda Tamine,Gia-Hung Nguyen"
"Xiaomo Liu,Quanzhi Li,Armineh Nourbakhsh,Rui Fang,Merine Thomas,Kajsa Anderson,Russ Kociuba,Mark Vedder,Steven Pomerville,Ramdev Wudali,Robert Martin,John Duprey,Arun Vachher,William Keenan,Sameena Shah"
"Saurav Ghosh,Prithwish Chakraborty,Emily Cohn,John S. Brownstein,Naren Ramakrishnan"
"Ruochen Xu,Yiming Yang,Hanxiao Liu,Andrew Hsi"
"Xianzhi Wang 0001,Quan Z. Sheng,Lina Yao,Xue Li 0001,Xiu Susie Fang,Xiaofei Xu,Boualem Benatallah"
"Travis R. Goodwin,Sanda M. Harabagiu"
"Hamed Zamani,Javid Dadashkarimi,Azadeh Shakery,W. Bruce Croft"
"Yuqiong Liu,Chang Zhou,Jun Gao,Zhiguo Fan"
"Madian Khabsa,Aidan C. Crook,Ahmed Hassan Awadallah,Imed Zitouni,Tasos Anastasakos,Kyle Williams"
"Gilad Tsur,Yuval Pinter,Idan Szpektor,David Carmel"
"Mohammad Karami,Youngsam Park,Damon McCoy"
"Rodérick Fanou,Gareth Tyson,Pierre François,Arjuna Sathiaseelan"
"Giridhari Venkatadri,Oana Goga,Changtao Zhong,Bimal Viswanath,Krishna P. Gummadi,Nishanth R. Sastry"
"Austin R. Benson,Ravi Kumar 0001,Andrew Tomkins"
"Panagiotis Mavridis,David Gross-Amblard,Zoltán Miklós 0001"
"Beidou Wang,Martin Ester,Jiajun Bu,Yu Zhu,Ziyu Guan,Deng Cai 0001"
"Flavio Chierichetti,Anirban Dasgupta 0001,Ravi Kumar 0001,Silvio Lattanzi,Tamás Sarlós"
"Kenneth Joseph,Wei Wei 0019,Kathleen M. Carley"
"Marco De Nadai,Jacopo Staiano,Roberto Larcher,Nicu Sebe,Daniele Quercia,Bruno Lepri"
"Dokyun Lee,Kartik Hosanagar"
"Javad Nejati,Aruna Balasubramanian"
"Shomir Wilson,Florian Schaub,Rohan Ramanath,Norman M. Sadeh,Fei Liu 0004,Noah A. Smith,Frederick Liu"
"Christophe Van Gysel,Maarten de Rijke,Marcel Worring"
"Onur Catakoglu,Marco Balduzzi,Davide Balzarotti"
"Giovanni Quattrone,Davide Proserpio,Daniele Quercia,Licia Capra,Mirco Musolesi"
"Jiezhong Qiu,Yixuan Li,Jie Tang 0001,Zheng Lu,Hao Ye,Bo Chen,Qiang Yang 0001,John E. Hopcroft"
"Milad Shokouhi,Umut Ozertem,Nick Craswell"
"Alon Y. Halevy,Natalya Fridman Noy,Sunita Sarawagi,Steven Euijong Whang,Xiao Yu"
"Yasuko Matsubara,Yasushi Sakurai,Christos Faloutsos"
"Qingbo Hu,Sihong Xie,Jiawei Zhang 0001,Qiang Zhu 0002,Songtao Guo,Philip S. Yu"
"Cheng-Kang Hsieh,Longqi Yang,Honghao Wei,Mor Naaman,Deborah Estrin"
"Jiongqian Liang,Deepak Ajwani,Patrick K. Nicholson,Alessandra Sala,Srinivasan Parthasarathy 0001"
"Srijan Kumar,Robert West 0001,Jure Leskovec"
"Alexey Borisov,Ilya Markov,Maarten de Rijke,Pavel Serdyukov"
"Bichen Shi,Georgiana Ifrim,Neil J. Hurley"
"Julian J. McAuley,Alex Yang"
"Chris Smith-Clarke,Licia Capra"
"Xiaojing Liao,Chang Liu 0021,Damon McCoy,Elaine Shi,Shuang Hao,Raheem A. Beyah"
"Octavian-Eugen Ganea,Marina Ganea,Aurélien Lucchi,Carsten Eickhoff,Thomas Hofmann"
"Zhonghao Yu,Sam Macbeth,Konark Modi,Josep M. Pujol"
"Yang Song 0008,Qi Guo"
"Ming Yin,Mary L. Gray,Siddharth Suri,Jennifer Wortman Vaughan"
"Justin Cheng,Lada A. Adamic,Jon M. Kleinberg,Jure Leskovec"
"Felipe Pezoa,Juan L. Reutter,Fernando Suárez,Martín Ugarte,Domagoj Vrgoc"
"Renato Paes Leme,Martin Pál,Sergei Vassilvitskii"
"Erdal Kuzey,Vinay Setty,Jannik Strötgen,Gerhard Weikum"
"Jialu Liu,Xiang Ren 0001,Jingbo Shang,Taylor Cassidy,Clare R. Voss,Jiawei Han 0001"
"Le Chen,Alan Mislove,Christo Wilson"
"Gary Soeller,Karrie Karahalios,Christian Sandvig,Christo Wilson"
"Ruining He,Julian J. McAuley"
"Jian Tang 0005,Jingzhou Liu,Ming Zhang 0004,Qiaozhu Mei"
"Yixuan Li,Oscar Martinez,Xing Chen,Yi Li,John E. Hopcroft"
"Flavio Figueiredo,Bruno Ribeiro 0001,Jussara M. Almeida,Christos Faloutsos"
"Avigdor Gal,Haggai Roitman,Tomer Sagi"
"Yingjie Zhang,Beibei Li,Jason Hong"
"Hao Ma,Xueqing Liu 0001,Zhihong Shen"
"Rui Yan,Cheng-Te Li,Hsun-Ping Hsieh,Po Hu,Xiaohua Hu 0001,Tingting He"
"Austin R. Benson,Ravi Kumar 0001,Andrew Tomkins"
"Liangda Li,Hongbo Deng,Yunlong He,Anlei Dong,Yi Chang 0001,Hongyuan Zha"
"Dominique Ritze,Oliver Lehmberg,Yaser Oulabi,Christian Bizer"
"Chenhao Tan,Vlad Niculae,Cristian Danescu-Niculescu-Mizil,Lillian Lee"
"Mahanth Gowda,Ashutosh Dhekne,Romit Roy Choudhury"
"Yang Li,Shulong Tan,Huan Sun,Jiawei Han 0001,Dan Roth,Xifeng Yan"
"Christopher J. Riederer,Yunsung Kim,Augustin Chaintreau,Nitish Korula,Silvio Lattanzi"
"Lu Zhou,Wenbo Wang 0002,Keke Chen"
"Chikashi Nobata,Joel R. Tetreault,Achint Thomas,Yashar Mehdad,Yi Chang 0001"
"Chenwei Zhang,Wei Fan 0001,Nan Du,Philip S. Yu"
"Ellery Wulczyn,Robert West 0001,Leila Zia,Jure Leskovec"
"Amit K. Chopra,Munindar P. Singh"
"Mark Kaminski,Egor V. Kostylev,Bernardo Cuenca Grau"
"Cinar Kilcioglu,Justin M. Rao"
"Dawen Liang,Laurent Charlin,James McInerney,David M. Blei"
"Yeye He,Kaushik Chakrabarti,Tao Cheng,Tomasz Tylenda"
"Arnab Bhadury,Jianfei Chen 0001,Jun Zhu 0001,Shixia Liu"
"Kyle Williams,Julia Kiseleva,Aidan C. Crook,Imed Zitouni,Ahmed Hassan Awadallah,Madian Khabsa"
"Huoran Li,Wei Ai,Xuanzhe Liu,Jian Tang,Gang Huang 0001,Feng Feng 0001,Qiaozhu Mei"
"Maja R. Rudolph,Joseph G. Ellis,David M. Blei"
"Zongcheng Ji,Aixin Sun,Gao Cong,Jialong Han"
"Huan Sun,Hao Ma,Xiaodong He 0001,Wen-tau Yih,Yu Su 0001,Xifeng Yan"
"Tobias Schnabel,Paul N. Bennett,Susan T. Dumais,Thorsten Joachims"
"Yongfeng Zhang,Qi Zhao,Yi Zhang,Daniel Friedman,Min Zhang 0006,Yiqun Liu 0001,Shaoping Ma"
"Fuzheng Zhang,Nicholas Jing Yuan,Kai Zheng 0001,Defu Lian,Xing Xie 0001,Yong Rui"
"Sandro Bauer,Filip Radlinski,Ryen W. White"
"Marcelo Arenas,Gonzalo I. Diaz,Egor V. Kostylev"
"Djellel Eddine Difallah,Gianluca Demartini,Philippe Cudré-Mauroux"
"Pu Yang,Krishnamurthy Iyer,Peter I. Frazier"
"Yating Zhang,Adam Jatowt,Katsumi Tanaka"
"Nicola Barbieri,Fabrizio Silvestri,Mounia Lalmas"
"Bin Liang 0002,Miaoqiang Su,Wei You,Wenchang Shi,Gang Yang"
"Ke Zhou 0003,Miriam Redi,Andrew Haines,Mounia Lalmas"
"Bin Bi,Junghoo Cho"
"Miriam Marciel,Rubén Cuevas,Albert Banchs,Roberto Gonzalez,Stefano Traverso,Mohamed Ahmed,Arturo Azcorra"
"Frank Li 0001,Grant Ho,Eric Kuan,Yuan Niu,Lucas Ballard,Kurt Thomas,Elie Bursztein,Vern Paxson"
"Aston Zhang,Amit Goyal,Ricardo Baeza-Yates,Yi Chang 0001,Jiawei Han 0001,Carl A. Gunter,Hongbo Deng"
"Nethanel Gelernter,Amir Herzberg"
"Oleksii Starov,Johannes Dahse,Syed Sharique Ahmad,Thorsten Holz,Nick Nikiforakis"
"Md. Mustafizur Rahman,Hongning Wang"
"Isabel Mette Kloumann,Chenhao Tan,Jon M. Kleinberg,Lillian Lee"
"Wei Meng 0001,Byoungyoung Lee,Xinyu Xing,Wenke Lee"
"Roi Blanco,Matteo Catena,Nicola Tonellotto"
"Kewen Liao,Matthias Petri,Alistair Moffat,Anthony Wirth"
"Marco Cornolti,Paolo Ferragina,Massimiliano Ciaramita,Stefan Rüd,Hinrich Schütze"
"Yoon-Sik Cho,Greg Ver Steeg,Emilio Ferrara,Aram Galstyan"
"Oren Sar Shalom,Noam Koenigstein,Ulrich Paquet,Hastagiri P. Vanchinathan"
"Alexey Borisov,Pavel Serdyukov,Maarten de Rijke"
"Gabriel Doyle,Daniel Yurovsky,Michael C. Frank"
"Daniel M. Romero,Brian Uzzi,Jon M. Kleinberg"
"Ethan R. Elenberg,Karthikeyan Shanmugam,Michael Borokhovich,Alexandros G. Dimakis"
"Yupeng Gu,Bo Zhao 0001,David Hardtke,Yizhou Sun"
"Desislava Hristova,Matthew J. Williams,Mirco Musolesi,Pietro Panzarasa,Cecilia Mascolo"
"Dominic Coey,Michael Bailey"
"Yu Sun 0021,Nicholas Jing Yuan,Xing Xie 0001,Kieran McDonald,Rui Zhang 0003"
"Shuai Wang 0020,Zhiyuan Chen 0001,Bing Liu 0001"
"Travis Martin,Jake M. Hofman,Amit Sharma,Ashton Anderson,Duncan J. Watts"
"David García 0001,Markus Strohmaier"
"Hong-Han Shuai,Chih-Ya Shen,De-Nian Yang,Yi-Feng Lan,Wang-Chien Lee,Philip S. Yu,Ming-Syan Chen"
"Thomas Pellissier Tanon,Denny Vrandecic,Sebastian Schaffert,Thomas Steiner,Lydia Pintscher"
"Aaron Cahn,Scott Alfeld,Paul Barford,S. Muthukrishnan"
"Santosh K. C.,Arjun Mukherjee"
"Yao Liu 0001,Mengbai Xiao,Ming Zhang,Xin Li 0078,Mian Dong,Zhan Ma,Zhenhua Li 0001,Songqing Chen"
"Markus Rokicki,Sergej Zerr,Stefan Siersdorfer"
"Jiliang Tang,Charu C. Aggarwal,Huan Liu 0001"
"Jiawei Zhang 0001,Philip S. Yu"
"Jessica Su,Aneesh Sharma,Sharad Goel"
"Dhanya R. Krishnan,Do Le Quoc,Pramod Bhatotia,Christof Fetzer,Rodrigo Rodrigues 0001"
"Eric Balkanski,Jason D. Hartline"
"Samuel Barbosa,Dan Cosley,Amit Sharma,Roberto M. Cesar Jr."
"Yoram Bachrach,Sofia Ceppi,Ian A. Kash,Peter B. Key,Mohammad Reza Khani"
"Samuel F. Way,Daniel B. Larremore,Aaron Clauset"
"Aditya Pal,Amaç Herdagdelen,Sourav Chatterji,Sumit Taank,Deepayan Chakrabarti"
"Hongfu Liu,Ming Shao,Sheng Li 0001,Yun Fu 0001"
"Qiaoling Liu,Faizan Javed,Matt McNair"
"Yuheng Hu,Yu-Ru Lin,Jiebo Luo"
"Kazuya Nakagawa,Shinya Suzumura,Masayuki Karasuyama,Koji Tsuda,Ichiro Takeuchi"
"Guimei Liu,Tam T. Nguyen,Gang Zhao,Wei Zha,Jianbo Yang,Jianneng Cao,Min Wu 0008,Peilin Zhao,Wei Chen"
"Matteo Riondato,Eli Upfal"
"Hoang Nguyen,Jon Patrick"
"Taraneh Taghavi,Maria Lupetini,Yaron Kretchmer"
"Anjuli Kannan,Karol Kurach,Sujith Ravi,Tobias Kaufmann,Andrew Tomkins,Balint Miklos,Greg Corrado,László Lukács,Marina Ganea,Peter Young,Vivek Ramavajjala"
"Yanni Li,Hui Li,Tihua Duan,Sheng Wang,Zhi Wang,Yang Cheng"
"Denis Moreira dos Reis,Peter A. Flach,Stan Matwin,Gustavo E. A. P. A. Batista"
"Si Zhang,Hanghang Tong"
"William Trouleau,Azin Ashkan,Weicong Ding,Brian Eriksson"
"Jaroslav M. Fowkes,Charles Sutton"
"Evangelos Simoudis,Mark Gorenberg,Tim Guleri,Matt Ocko,Greg Sands"
"Mina Ghashami,Edo Liberty,Jeff M. Phillips"
"Alex Deng,Xiaolin Shi"
"Liang Zhao 0002,Jieping Ye,Feng Chen 0001,Chang-Tien Lu,Naren Ramakrishnan"
"Sunandan Chakraborty,Ashwin Venkataraman,Srikanth Jagabathula,Lakshminarayanan Subramanian"
"Mirela Madalina Botezatu,Ioana Giurgiu,Jasmina Bogojeska,Dorothea Wiesmann"
"Konstantina Christakopoulou,Filip Radlinski,Katja Hofmann"
"Lifang He 0001,Chun-Ta Lu,Jiaqi Ma 0001,Jianping Cao,Linlin Shen,Philip S. Yu"
"Arlei Silva,Xuan-Hong Dang,Prithwish Basu,Ambuj K. Singh,Ananthram Swami"
"Shuangfei Zhai,Keng-hao Chang,Ruofei Zhang,Zhongfei (Mark) Zhang"
"Wei-Lin Chiang,Mu-Chu Lee,Chih-Jen Lin"
"Yi Yang,Da Yan 0001,Huanhuan Wu,James Cheng,Shuigeng Zhou,John C. S. Lui"
"Nipun Batra 0001,Amarjeet Singh 0001,Kamin Whitehouse"
"Gianmarco De Francisci Morales,Albert Bifet,Latifur Khan,João Gama 0001,Wei Fan 0001"
"Xiang Li 0001,Milad Makkie,Binbin Lin,Mojtaba Sedigh Fazli,Ian Davidson,Jieping Ye,Tianming Liu,Shannon Quinn"
"Michael A. Madaio,Shang-Tse Chen,Oliver L. Haimson,Wenwen Zhang,Xiang Cheng 0002,Matthew Hinds-Aldrich,Duen Horng Chau,Bistra Dilkina"
"Samuel Carton,Jennifer Helsby,Kenneth Joseph,Ayesha Mahmud,Youngsoo Park,Joe Walsh,Crystal Cody,C. P. T. Estella Patterson,Lauren Haynes,Rayid Ghani"
"Laxman Dhulipala,Igor Kabiljo,Brian Karrer,Giuseppe Ottaviano,Sergey Pupyrev,Alon Shalita"
"Shipeng Yu,Evangelia Christakopoulou,Abhishek Gupta"
"Fedor Borisyuk,Krishnaram Kenthapadi,David Stein,Bo Zhao"
"Antonio Maccioni,Daniel J. Abadi"
"Son T. Mai,Ira Assent,Martin Storgaard"
"Lorenzo De Stefani,Alessandro Epasto,Matteo Riondato,Eli Upfal"
"John Paparrizos,Ryen W. White,Eric Horvitz"
"B. Aditya Prakash,Naren Ramakrishnan"
"Wei Chen,Tian Lin,Zihan Tan,Mingfei Zhao,Xuren Zhou"
"Gursimran Singh,Shashank Srikant,Varun Aggarwal"
"Navneet Kapur,Nikita I. Lytkin,Bee-Chung Chen,Deepak Agarwal,Igor Perisic"
"Shiyu Chang,Yang Zhang 0001,Jiliang Tang,Dawei Yin,Yi Chang 0001,Mark A. Hasegawa-Johnson,Thomas S. Huang"
"Adi Omari,Benny Kimelfeld,Eran Yahav,Sharon Shoham"
"Tianqi Chen,Carlos Guestrin"
"Prithu Banerjee,Pranali Yawalkar,Sayan Ranu"
"Abdullah Mueen,Eamonn J. Keogh"
"Tong Xu,Hengshu Zhu,Xiangyu Zhao,Qi Liu 0003,Hao Zhong,Enhong Chen,Hui Xiong 0001"
"Benjamin Letham,Lydia M. Letham,Cynthia Rudin"
"Muhammad R. Khan,Joshua E. Blumenstock"
"Nan Du,Hanjun Dai,Rakshit Trivedi,Utkarsh Upadhyay,Manuel Gomez-Rodriguez,Le Song"
"Yue Ning,Sathappan Muthiah,Huzefa Rangwala,Naren Ramakrishnan"
"Joon Hee Kim,Amin Mantrach,Alejandro Jaimes,Alice H. Oh"
"Hongke Zhao,Qi Liu 0003,Guifeng Wang,Yong Ge,Enhong Chen"
"XianXing Zhang,Yitong Zhou,Yiming Ma,Bee-Chung Chen,Liang Zhang 0021,Deepak Agarwal"
"Bryan Hooi,Hyun Ah Song,Alex Beutel,Neil Shah,Kijung Shin,Christos Faloutsos"
"Wei Ye 0001,Sebastian Goebl,Claudia Plant,Christian Böhm"
"Chunqiu Zeng,Qing Wang 0016,Shekoofeh Mokhtari,Tao Li 0001"
"Yuan Yang,Jianfei Chen 0001,Jun Zhu 0001"
"Erich Kummerfeld,Joseph D. Ramsey"
"Qingyang Li,Shuang Qiu,Shuiwang Ji,Paul M. Thompson,Jieping Ye,Jie Wang 0005"
"Mahsa Salehi,Laura Irina Rusu,Timothy M. Lynar,Anna Phan"
"Yue Cao 0001,Mingsheng Long,Jianmin Wang 0001,Qiang Yang 0001,Philip S. Yu"
"Liangyue Li,Yuan Yao 0001,Jie Tang 0001,Wei Fan 0001,Hanghang Tong"
"Chen Zhu,Hengshu Zhu,Hui Xiong 0001,Pengliang Ding,Fang Xie"
"Shuo Zhou 0001,Xuan Vinh Nguyen,James Bailey 0001,Yunzhe Jia,Ian Davidson"
"Lei Zhang 0116,Shupeng Wang,Xiaoyu Zhang 0002,Yong Wang,Binbin Li,Dinggang Shen,Shuiwang Ji"
"Qingqi Yue,Ao Yuan,Xuan Che,Minh Huynh,Chunxiao Zhou"
"Roel Bertens,Jilles Vreeken,Arno Siebes"
"Zhi Nie,Pinghua Gong,Jieping Ye"
"Giorgos Borboudakis,Ioannis Tsamardinos"
"David T. Arbour,Dan Garant,David D. Jensen"
"Mengting Wan,Xiangyu Chen,Lance M. Kaplan,Jiawei Han 0001,Jing Gao 0004,Bo Zhao 0001"
"Hongyang Zhang,Peter Lofgren,Ashish Goel"
"Bo An 0001,Haipeng Chen 0001,Noseong Park,V. S. Subrahmanian"
"François Petitjean,Geoffrey I. Webb"
"Ellery Wulczyn,Madian Khabsa,Vrushank Vora,Matthew Heston,Joe Walsh,Christopher Berry,Rayid Ghani"
"Zhiyuan Chen 0001,Estevam R. Hruschka Jr.,Bing Liu 0001"
"Liang Tang,Bo Long,Bee-Chung Chen,Deepak Agarwal"
"Parang Saraf,Naren Ramakrishnan"
"Steffen Rendle,Dennis Fetterly,Eugene J. Shekita,Bor-Yiing Su"
"Alexey Poyarkov,Alexey Drutsa,Andrey Khalyavin,Gleb Gusev,Pavel Serdyukov"
"Chen Chen 0022,Hanghang Tong,Lei Xie,Lei Ying,Qing He"
"Guoqing Zheng,Yiming Yang,Jaime G. Carbonell"
"Aston Zhang,Quanquan Gu"
"Yasuko Matsubara,Yasushi Sakurai"
"Meng Jiang 0001,Christos Faloutsos,Jiawei Han 0001"
"Igor Labutov,Frans Schalekamp,Kelvin Luu,Hod Lipson,Christoph Studer"
"Huizhi Xie,Juliette Aurisset"
"Payam Siyari,Bistra Dilkina,Constantine Dovrolis"
"Siddharth Reddy,Igor Labutov,Siddhartha Banerjee,Thorsten Joachims"
"Zhaobin Kuang,James A. Thomson,Michael Caldwell,Peggy L. Peissig,Ron M. Stewart,David Page"
"Corey Lynch,Kamelia Aryafar,Josh Attenberg"
"Igor Melnyk,Arindam Banerjee 0001,Bryan L. Matthews,Nikunj C. Oza"
"Zhouyuan Huo,Feiping Nie 0001,Heng Huang"
"Matthew Burgess,Eugenia Giraudy,Julian Katz-Samuels,Joe Walsh,Derek Willis,Lauren Haynes,Rayid Ghani"
"Polina Rozenshtein,Aristides Gionis,B. Aditya Prakash,Jilles Vreeken"
"Ali Vanderveld,Addhyan Pandey,Angela Han,Rajesh Parekh"
"Frank Seide,Amit Agarwal"
"Qiang Zhu 0002,Songtao Guo,Paul Ogilvie,Yan Liu"
"Chen Chen 0018,Cewu Lu,Qixing Huang,Qiang Yang 0001,Dimitrios Gunopulos,Leonidas J. Guibas"
"Sharad Nandanwar,M. Narasimha Murty"
"Junming Liu,Leilei Sun,Weiwei Chen 0003,Hui Xiong 0001"
"Yu Sun 0021,Nicholas Jing Yuan,Yingzi Wang,Xing Xie 0001,Kieran McDonald,Rui Zhang 0003"
"Bryan Perozzi,Michael Schueppert,Jack Saalweachter,Mayur Thakur"
"Chao Zhang 0014,Keyang Zhang,Quan Yuan 0001,Luming Zhang,Tim Hanratty,Jiawei Han 0001"
"Huang Xu,Zhiwen Yu 0001,Jingyuan Yang,Hui Xiong 0001,Hengshu Zhu"
"Joel Brooks,Matthew Kerr,John V. Guttag"
"Min-Ling Zhang,Bin-Bin Zhou,Xu-Ying Liu"
"Pablo Robles-Granda,Sebastián Moreno,Jennifer Neville"
"Jianhua Yin,Jianyong Wang 0001"
"Xiaoqian Wang,Feiping Nie 0001,Heng Huang"
"Yasuo Tabei,Hiroto Saigo,Yoshihiro Yamanishi,Simon J. Puglisi"
"Rodrigo Augusto da Silva Alves,Renato Martins Assunção,Pedro Olmo Stancioli Vaz de Melo"
"Hao Hu,Joey Velez-Ginorio,Guo-Jun Qi"
"Yuan Zuo,Junjie Wu 0002,Hui Zhang 0028,Hao Lin 0002,Fei Wang,Ke Xu 0001,Hui Xiong 0001"
"Maria-Florina Balcan,Yingyu Liang,Le Song,David P. Woodruff,Bo Xie 0002"
"Xiang Ren 0001,Wenqi He,Meng Qu,Clare R. Voss,Heng Ji,Jiawei Han 0001"
"Bowen Du,Chuanren Liu,Wenjun Zhou 0001,Zhenshan Hou,Hui Xiong 0001"
"Zhipeng Huang 0001,Yudian Zheng,Reynold Cheng,Yizhou Sun,Nikos Mamoulis,Xiang Li 0067"
"Himanshu Jain,Yashoteja Prabhu,Manik Varma"
"Yijun Zhao,Bilal Ahmed,Thomas Thesen,Karen E. Blackmon,Jennifer G. Dy,Carla E. Brodley,Ruben Kuzniecky,Orrin Devinsky"
"JungWoo Ha,Hyuna Pyo,Jeonghee Kim"
"Sahin Cem Geyik,Sergey Faleev,Jianqiang Shen,Sean O'Donnell,Santanu Kolay"
"Animesh Nandi,Atri Mandal,Shubham Atreja,Gargi Banerjee Dasgupta,Subhrajit Bhattacharya"
"Samet Ayhan,Hanan Samet"
"Xin Mu,Feida Zhu 0001,Ee-Peng Lim,Jing Xiao,Jianzong Wang,Zhi-Hua Zhou"
"Lingyang Chu,Zhefeng Wang,Jian Pei,Jiannan Wang,Zijin Zhao,Enhong Chen"
"Yizhou Zhang,Yun Xiong,Xiangnan Kong,Yangyong Zhu"
"Yuyu Zhang,Mohammad Taha Bahadori,Hang Su,Jimeng Sun"
"Ashton Anderson,Jon M. Kleinberg,Sendhil Mullainathan"
"Xiaoxiao Guo,Wei Li 0002,Francesco Iorio"
"Haishan Liu,David Pardoe,Kun Liu,Manoj Thakur,Frank Cao,Chongzhe Li"
"Xinran He,David Kempe 0001"
"Tianlin Shi,Forest Agostinelli,Matthew Staib,David P. Wipf,Thomas Moscibroda"
"Reza Bosagh Zadeh,Xiangrui Meng,Alexander Ulanov,Burak Yavuz,Li Pu,Shivaram Venkataraman,Evan R. Sparks,Aaron Staple,Matei Zaharia"
"Bo Kang,Jefrey Lijffijt,Raúl Santos-Rodriguez,Tijl De Bie"
"Takuya Akiba,Yosuke Yano"
"Ashish Gupta,Neera Agarwal"
"Wenlin Chen,James T. Wilson,Stephen Tyree,Kilian Q. Weinberger,Yixin Chen"
"Fuzheng Zhang,Nicholas Jing Yuan,Defu Lian,Xing Xie 0001,Wei-Ying Ma"
"Tao Yang 0016,Jun Liu 0003,Pinghua Gong,Ruiwen Zhang,Xiaotong Shen,Jieping Ye"
"Xiaoxuan Zhang,Tianbao Yang,Padmini Srinivasan"
"Fei Wang 0001,Ping Zhang 0016,Joel Dudley"
"Yanan Bao,Huasen Wu,Xin Liu 0002"
"Si Si,Kai-Yang Chiang,Cho-Jui Hsieh,Nikhil Rao,Inderjit S. Dhillon"
"Tianyang Zhang,Peng Cui 0001,Christos Faloutsos,Yunfei Lu,Hao Ye,Wenwu Zhu 0001,Shiqiang Yang"
"Kai Ming Ting,Ye Zhu,Mark James Carman,Yue Zhu,Zhi-Hua Zhou"
"Hao Wu 0011,Jiangyun Mao,Weiwei Sun,Baihua Zheng,Hanyuan Zhang,Ziyang Chen,Wei Wang 0009"
"Samuel Maurus,Claudia Plant"
"Aditya Grover,Jure Leskovec"
"Shuai Wang 0020,Zhiyuan Chen 0001,Geli Fei,Bing Liu 0001,Sherry Emery"
"Ha-Myung Park,Sung-Hyon Myaeng,U Kang"
"Lingfei Wu,Ian En-Hsu Yen,Jie Chen,Rui Yan"
"Florian Lemmerich,Martin Becker 0003,Philipp Singer,Denis Helic,Andreas Hotho,Markus Strohmaier"
"Emaad A. Manzoor,Sadegh M. Milajerdi,Leman Akoglu"
"Alexander G. Nikolaev,Shounak Gore,Venu Govindaraju"
"Himabindu Lakkaraju,Stephen H. Bach,Jure Leskovec"
"Subhabrata Mukherjee,Stephan Günnemann,Gerhard Weikum"
"Lei Han 0001,Yu Zhang 0006,Tong Zhang 0001"
"Ying Wei 0001,Yu Zheng 0004,Qiang Yang 0001"
"Dingxiong Deng,Cyrus Shahabi,Ugur Demiryurek,Linhong Zhu,Rose Yu,Yan Liu 0002"
"Yan Li 0052,Jie Wang 0005,Jieping Ye,Chandan K. Reddy"
"Marco Bressan 0002,Stefano Leucci 0001,Alessandro Panconesi,Prabhakar Raghavan,Erisa Terolli"
"Yihan Gao,Aditya G. Parameswaran"
"Steven H. H. Ding,Benjamin C. M. Fung,Philippe Charland"
"Miguel Angel Alcobendas Lisbona,Sheide Chammas,Kuang-chih Lee"
"Wei Cheng 0002,Kai Zhang 0001,Haifeng Chen,Guofei Jiang,Zhengzhang Chen,Wei Wang 0010"
"Leilei Sun,Chuanren Liu,Chonghui Guo,Hui Xiong 0001,Yanming Xie"
"Arnon Lazerson,Daniel Keren,Assaf Schuster"
"Jim Pivarski,Collin Bennett,Robert L. Grossman"
"Huayu Li,Yong Ge,Richang Hong,Hengshu Zhu"
"Purushottam Kar,Shuai Li,Harikrishna Narasimhan,Sanjay Chawla,Fabrizio Sebastiani 0001"
"Hesam Amoualian,Marianne Clausel,Éric Gaussier,Massih-Reza Amini"
"Klaus Ackermann,Eduardo Blancas Reyes,Sue He,Thomas Anderson Keller,Paul van der Boor,Romana Khan,Rayid Ghani,José Carlos González"
"Beidou Wang,Martin Ester,Yikang Liao,Jiajun Bu,Yu Zhu,Ziyu Guan,Deng Cai 0001"
"Bo Jin 0001,Chao Che,Kuifei Yu,Yue Qu,Li Guo 0008,Cuili Yao,Ruiyun Yu,Qiang Zhang 0008"
"Shuo Chen 0008,Thorsten Joachims"
"Jan Van Haaren,Horesh Ben Shitrit,Jesse Davis,Pascal Fua"
"Mingdong Ou,Peng Cui 0001,Jian Pei,Ziwei Zhang,Wenwu Zhu 0001"
"Yu Shi,Myunghwan Kim 0002,Shaunak Chatterjee,Mitul Tiwari,Souvik Ghosh,Rómer Rosales"
"Ping Luo 0001,Su Yan,Zhiqiang Liu,Zhiyong Shen,Shengwen Yang,Qing He 0003"
"Weinan Zhang 0001,Tianxiong Zhou,Jun Wang 0012,Jian Xu"
"John-Mark Agosta,Debraj GuhaThakurta,Robert Horton,Mario Inchiosa,Srini Kumar,Mengyue Zhao"
"Yinyan Tan,Zhe Fan,Guilin Li,Fangshan Wang,Zhengbing Li,Shikai Liu,Qiuling Pan,Eric P. Xing,Qirong Ho"
"Ying Shan,T. Ryan Hoens,Jian Jiao 0007,Haijing Wang,Dong Yu,J. C. Mao"
"Haichuan Yang,Ryohei Fujimaki,Yukitaka Kusumura,Ji Liu 0002"
"Chengxi Zang,Peng Cui 0001,Christos Faloutsos"
"Houping Xiao,Jing Gao 0004,Zhaoran Wang,Shiyu Wang,Lu Su,Han Liu 0001"
"Houping Xiao,Jing Gao 0004,Qi Li 0012,Fenglong Ma,Lu Su,Yunlong Feng,Aidong Zhang"
"Sathappan Muthiah,Patrick Butler,Rupinder Paul Khandpur,Parang Saraf,Nathan Self,Alla Rozovskaya,Liang Zhao 0002,Jose Cadena,Chang-Tien Lu,Anil Vullikanti,Achla Marathe,Kristen Maria Summers,Graham Katz,Andy Doyle,Jaime Arredondo,Dipak K. Gupta,David Mares,Naren Ramakrishnan"
"Edward Choi,Mohammad Taha Bahadori,Elizabeth Searles,Catherine Coffey,Michael Thompson,James Bost,Javier Tejedor-Sojo,Jimeng Sun"
"Caroline Lo,Dan Frankowski,Jure Leskovec"
"Lei Han 0001,Yu Zhang 0006,Xiu-Feng Wan,Tong Zhang 0001"
"Shangsong Liang,Emine Yilmaz,Evangelos Kanoulas"
"Mohammad Reza Karimi,Erfan Tavakoli,Mehrdad Farajtabar,Le Song,Manuel Gomez-Rodriguez"
"Mustafa Coskun,Ananth Grama,Mehmet Koyutürk"
"Hongjian Wang 0002,Daniel Kifer,Corina Graif,Zhenhui Li"
"Ganzhao Yuan,Yin Yang 0001,Zhenjie Zhang,Zhifeng Hao"
"Daixin Wang,Peng Cui 0001,Wenwu Zhu 0001"
"Yanchi Liu,Chuanren Liu,Bin Liu 0020,Meng Qu,Hui Xiong 0001"
"Hui-Ju Hung,Hong-Han Shuai,De-Nian Yang,Liang-Hao Huang,Wang-Chien Lee,Jian Pei,Ming-Syan Chen"
"Marco Túlio Ribeiro,Sameer Singh 0001,Carlos Guestrin"
"Ahmad Mahmoody,Charalampos E. Tsourakakis,Eli Upfal"
"Geli Fei,Shuai Wang 0020,Bing Liu 0001"
"Ya Xu,Nanyu Chen"
"Jia Li,Dhruv Arya,Viet Ha-Thuc,Shakti Sinha"
"Eric Malmi,Pyry Takala,Hannu Toivonen,Tapani Raiko,Aristides Gionis"
"Sara Hajian,Francesco Bonchi,Carlos Castillo 0001"
"Hengshu Zhu,Hui Xiong 0001,Fangshuang Tang,Qi Liu 0003,Yong Ge,Enhong Chen,Yanjie Fu"
"Kaixiang Lin,Jianpeng Xu,Inci M. Baytas,Shuiwang Ji,Jiayu Zhou"
"Rupesh Gupta,Guanfeng Liang,Hsiao-Ping Tseng,Ravi Kiran Holur Vijay,Xiaoyu Chen,Rómer Rosales"
"Geoffrey I. Webb,François Petitjean"
"Hasan Poonawala,Vinay Kolar,Sebastien Blandin,Laura Wynter,Sambit Sahu"
"Kai Zhang 0001,Shandian Zhe,Chaoran Cheng,Zhi Wei,Zhengzhang Chen,Haifeng Chen,Guofei Jiang,Yuan Qi 0001,Jieping Ye"
"Arun Shankar Iyer,J. Saketha Nath,Sunita Sarawagi"
"Boris Chidlovskii,Stéphane Clinchant,Gabriela Csurka"
"Chang Xu 0002,Dacheng Tao,Chao Xu 0006"
"Dawei Yin,Yuening Hu,Jiliang Tang,Tim Daly Jr.,Mianwei Zhou,Hua Ouyang,Jianhui Chen,Changsung Kang,Hongbo Deng,Chikashi Nobata,Jean-Marc Langlois,Yi Chang 0001"
"Jim C. Huang,Rodolphe Jenatton,Cédric Archambeau"
"Jing Gao 0004,Qi Li 0012,Bo Zhao 0001,Wei Fan 0001,Jiawei Han 0001"
"Hirotaka Kawazu,Fujio Toriumi,Masanori Takano,Kazuya Wada,Ichiro Fukuda"
"Jingyuan Yang,Chuanren Liu,Mingfei Teng,March Liao,Hui Xiong 0001"
"Seung-Woo Choi,Aviv Segev"
"Boel Nelson,Tomas Olovsson"
"Subhasis Dasgupta,Kevin Coakley,Amarnath Gupta"
"Sandro Fiore,Marcin Plóciennik,Charles M. Doutriaux,Cosimo Palazzo,J. Boutte,Tomasz Zok,Donatello Elia,Michal Owsiak,Alessandro D'Anca,Z. Shaheen,Riccardo Bruno,Marco Fargetta,Miguel Caballer,Germán Moltó,Ignacio Blanquer,Roberto Barbera,Mário David,Giacinto Donvito,Dean N. Williams,V. Anantharaj,Davide Salomoni,Giovanni Aloisio"
"Soukaina Filali Boubrahimi,Berkay Aydin,Dustin Kempton,Rafal A. Angryk"
"G. S. Smrithy,Sathyan Munirathinam,Ramadoss Balakrishnan"
"Emily Grace,Ankit Rai,Elissa M. Redmiles,Rayid Ghani"
"Yu Ishimaki,Hiroki Imabayashi,Kana Shimizu,Hayato Yamana"
"Zahra Zohrevand,Uwe Glässer,Hamed Yaghoubi Shahir,Mohammad A. Tayebi,Robert Costanzo"
"Sushil Jajodia,Witold Litwin,Thomas J. E. Schwarz"
"Weijia Xu,Natalia Ruiz-Juri,Amit Gupta,Amanda Deering,Chandra Bhat,James Kuhr,Jackson Archer"
"Sunwoo Lee,Wei-keng Liao,Ankit Agrawal,Nikos Hardavellas,Alok N. Choudhary"
"Ryuya Mitsuhashi,Hideyuki Kawashima,Takahiro Nishimichi,Osamu Tatebe"
"Brian Wilson,Rahul Palamuttam,Kim Whitehall,Chris Mattmann,Alex Goodman,Maziyar Boustani,Sujen Shah,Paul Zimdars,Paul M. Ramirez"
"Jasmine J. Lim,Allan N. Zhang"
"Jenq-Haur Wang,Jia-Zhi Lin"
"Christian Böhm,Martin Perdacher,Claudia Plant"
"Chang Liu,Bin Wu,Yi Yang,Zhihong Guo"
"Yuka Kamiko,Mitsuo Yoshida 0001,Hirotada Ohashi,Fujio Toriumi"
"Katie R. Yates,Nicos G. Pavlidis"
"Hông-Ân Cao,Felix Rauchenstein,Tri Kurniawan Wijaya,Karl Aberer,Nuno Nunes 0001"
"Alfredo Cuzzocrea,Carlo Mastroianni,Giorgio Mario Grasso"
"Akira Ishii,Masanori Ajito,Yasuko Kawahata"
"Srinivasan Radhakrishnan,Sagar V. Kamarthi"
"Hitoshi Sato,Ryo Mizote,Satoshi Matsuoka,Hirotaka Ogawa"
"Derrick C. Spell,Ling-Yong Wang,Richard T. Shomer,Bahador Nooraei,Jarrell Waggoner,Xiao-Han T. Zeng,Jae Young Chung,Kai-Chen Cheng,Daniel Kirsche"
"Jihun Choi,Jonghem Youn,Sang-goo Lee"
"Nesreen K. Ahmed,Theodore L. Willke,Ryan A. Rossi"
"Daniel Seybold,Nicolas Wagner,Benjamin Erb,Jörg Domaschka"
"Azad Naik,Huzefa Rangwala"
"Anna Hennig,Anne-Sofie Amodt,Henrik Hernes,Helene Mejer Nygardsmoen,Peter Arenfeldt Larsen,Raghava Rao Mukkamala,Benjamin Flesch,Abid Hussain,Ravi Vatrapu"
"Jason W. Woodworth,Mohsen Amini Salehi,Vijay Raghavan 0001"
"Dazhong Wu,Connor Jennings,Janis P. Terpenny,Soundar R. T. Kumara"
"Simon Hengchen,Mathias Coeckelbergs,Seth van Hooland,Ruben Verborgh,Thomas Steiner"
"David Kimmey,Jin Soung Yoo"
"Aki-Hiro Sato,Tsutomu Watanabe"
"Busra Mutlu,Merve Mutlu,Kasim Oztoprak,Erdogan Dogdu"
"Hiroki Kanezashi,Toyotaro Suzumura"
"Rajaraman Kanagasabai,Anitha Veeramani,Shangfeng Hu,Sangaralingam Kajanan,Giuseppe Manai"
"Jianpeng Xu,Jiayu Zhou,Pang-Ning Tan,Xi Liu,Lifeng Luo"
"Anton Gulenko,Marcel Wallschläger,Florian Schmidt 0006,Odej Kao,Feng Liu"
"Yerzhan Kerimbekov,Hasan Sakir Bilge"
"Xiangfeng Dai,Robert Prout"
"Haofu Liao,Yucheng Li,Tianran Hu,Jiebo Luo"
"Maitham D. Naeemi,Johnny Ren,Nathan Hollcroft,Adam M. Alessio,Sohini Roychowdhury"
"Pankush Kalgotra,Ramesh Sharda"
"Seungwoo Jeon,Jaegi Hong,Bonghee Hong,Chumsu Kim"
"Hariton Efstathiades,Demetris Antoniades,George Pallis 0001,Marios D. Dikaiakos,Zoltán Szlávik,Robert-Jan Sips"
"Yixian Zheng,Wenchao Wu,Haipeng Zeng,Nan Cao,Huamin Qu,Mingxuan Yuan,Jia Zeng,Lionel M. Ni"
"Behnam Hedayatnia,Mehrdad Yazdani,Mai H. Nguyen,Jessica Block,Ilkay Altintas"
"Vijay Dipti Kumar,Paulo S. C. Alencar"
"Ankur Padia,Konstantinos Kalpakis,Tim Finin"
"Jinwei Liu,Haiying Shen,Husnu S. Narman"
"B. Y. Ong,Rong Wen,Allan N. Zhang"
"Santosh Aditham,Nagarajan Ranganathan,Srinivas Katkoori"
"Yao-Ming Yang,Chang-Dong Wang,Jian-Huang Lai"
"Darui Zhang,Bin Xu,Jasmine Wood"
"Hao Zhang,Yuanyuan Zhu,Lu Qin,Hong Cheng 0001,Jeffrey Xu Yu"
"Abir Zayani,Chiheb-Eddine Ben N'cir,Nadia Essoussi"
"Stephen Bonner,John Brennan,Georgios Theodoropoulos 0001,Ibad Kureshi,Andrew Stephen McGough"
"Jorge Veiga,Roberto R. Expósito,Xoán C. Pardo,Guillermo L. Taboada,Juan Touriño"
"Sreenivas R. Sukumar,Ramakrishnan Kannan,Seung-Hwan Lim,Michael A. Matheson"
"Sercan Kulcu,Erdogan Dogdu,A. Murat Ozbayoglu"
"Aduri Pavan,Paul Quint,Stephen D. Scott,N. V. Vinodchandran,J. Smith"
"Boyan Kolev,Raquel Pau,Oleksandra Levchenko,Patrick Valduriez,Ricardo Jiménez-Peris,José Pereira 0001"
"Peter Xenopoulos,Jamison Daniel,Michael Matheson,Sreenivas Sukumar"
"Athanasios N. Nikolakopoulos,Antonia Korba,John D. Garofalakis"
"Vinay Deolalikar,Hernan Laffitte"
"Mei Saouk,Christos Doulkeridis,Akrivi Vlachou,Kjetil Nørvåg"
"Philip Thruesen,Jaroslav Cechák,Blandine Seznec,Roel Castalio,Nattiya Kanhabua"
"Supun Kamburugamuve,Pulasthi Wickramasinghe,Saliya Ekanayake,Chathuri Wimalasena,Milinda Pathirage,Geoffrey C. Fox"
"Khudran Alzhrani,Ethan M. Rudd,C. Edward Chow,Terrance E. Boult"
"Jeffrey S. Saltz,Sibel Yilmazel,Özgür Yilmazel"
"Xiaowei Jia,Xi C. Chen,Anuj Karpatne,Vipin Kumar"
"Wenzhao Zhang,Houjun Tang,Stephen Ranshous,Surendra Byna,Daniel F. Martin,Kesheng Wu,Bin Dong 0002,Scott Klasky,Nagiza F. Samatova"
"Christian Beecks,Alexander Graß"
"Muhammad Kamran Lodhi,Rashid Ansari,Yingwei Yao,Gail M. Keenan,Diana J. Wilkie,Ashfaq A. Khokhar"
"Wenjun Zhou,Yun Zhu,Faizan Javed,Mahmudur Rahman,Janani Balaji,Matt McNair"
"Yuan Yuan,Meisam Fathi Salmi,Yin Huai,Kaibo Wang,Rubao Lee,Xiaodong Zhang 0001"
"Victor Giannakouris,Nikolaos Papailiou,Dimitrios Tsoumakos,Nectarios Koziris"
"Henrikke Hovda Larsen,Johanna Margareta Forsberg,Sigrid Viken Hemstad,Raghava Rao Mukkamala,Abid Hussain,Ravi Vatrapu"
"Meike Klettke,Uta Störl,Manuel Shenavai,Stefanie Scherzinger"
"Matthieu-P. Schapranow,Matthias Uflacker,Murat Sariyar,Sebastian C. Semler,Johannes Klaus Fichte,Dietmar Schielke,Kismet Ekinci,Thomas Zahn"
"Liuhua Chen,Haiying Shen"
"Koji Ueno,Toyotaro Suzumura,Naoya Maruyama,Katsuki Fujisawa,Satoshi Matsuoka"
"Uwe Jugel,Zbigniew Jerzak,Volker Markl"
"Stathis Maroulis,Ioannis Boutsis,Vana Kalogeraki"
"Viktor Botev,Magnus Almgren,Vincenzo Gulisano,Olaf Landsiedel,Marina Papatriantafilou,Joris van Rooij"
"Shusaku Tsumoto,Shoji Hirano,Haruko Iwata"
"Vishnu Gowda Harish,Vinay Kumar Bingi,John A. Miller"
"Christopher Hillman,Karen E. Petrie,Andrew Cobley,Mark Whitehorn"
"Alexander C. Shulyak,Lizy K. John"
"Yudian Ji,Yuda Zang,Wuman Luo,Xibo Zhou,Ye Ding,Lionel M. Ni"
"Ilaria Bordino,Andrea Ferretti,Marco Firrincieli,Francesco Gullo,Marcello Paris,Stefano Pascolutti,Gianluca Sabena"
"Hông-Ân Cao,Tri Kurniawan Wijaya,Karl Aberer,Nuno Nunes 0001"
"Xingang Wang,Zhigang Gai,Suiping Qi"
"Steven Morse,Marta C. González,Natasha Markuzon"
"Nada Basit,Yutong Zhang,Hao Wu,Haoran Liu,Jieming Bin,Yijun He,Abdeltawab M. Hendawi"
"Berkay Aydin,Ahmet Küçük,Rafal A. Angryk"
"Matthew Coole,Paul Rayson,John A. Mariani"
"Yongyi Xian,Chuanfei Xu,Yan Liu"
"Satoshi Imamura,Keitaro Oka,Yuichiro Yasui,Yuichi Inadomi,Katsuki Fujisawa,Toshio Endo,Koji Ueno,Keiichiro Fukazawa,Nozomi Hata,Yuta Kakibuka,Koji Inoue,Takatsugu Ono"
"Chuan Shi,Bowei He,Menghao Zhang,Fuzhen Zhuang,Philip S. Yu,Naiwang Guo"
"Nico Rödder,David Dauer,Kevin Laubis,Paul Karaenke,Christof Weinhardt"
"Wen Jun Tan,Wentong Cai 0001,Zhengping Li"
"Nicolás Poggi,Josep Lluis Berral,Thomas Fenech,David Carrera 0001,José A. Blakeley,Umar Farooq Minhas,Nikola Vujic"
"Jiwan Lee,Jaegi Hong,Bonghee Hong,Jinsu Ahn"
"Yanan Bao,Huasen Wu,Tianxiao Zhang,Albara Ah Ramli,Xin Liu 0002"
"Tomoki Yoshihisa,Takahiro Hara"
"Ankita Mangal,Nishant Kumar 0006"
"Quanzhi Li,Sameena Shah,Mohammad Mahdi Ghassemi,Rui Fang,Armineh Nourbakhsh,Xiaomo Liu"
"Heqing Huang,Cong Zheng,Junyuan Zeng,Wu Zhou,Sencun Zhu,Peng Liu 0005,Suresh Chari,Ce Zhang"
"Rajesh Sankaran,Ricardo A. Calix"
"J. M. Rogers,S. S. Dey,R. Retting,R. Jain,X. Liang,N. Askarzadeh"
"Gheorghi Guzun,Josiah C. McClurg,Guadalupe Canahuate,Raghuraman Mudumbai"
"Yongyi Xian,Yan Liu,Chuanfei Xu"
"Weixiang Shao,Lifang He 0001,Chun-Ta Lu,Philip S. Yu"
"Xiaowei Jia,Ankush Khandelwal,James Gerber,Kimberly Carlson,Paul C. West,Vipin Kumar"
"Chunkun Bo,Ke Wang 0011,Jeffrey J. Fox,Kevin Skadron"
"Pascal Welke,Alexander Markowetz,Torsten Suel,Maria Christoforaki"
"Srabasti Dutta,Sumantro Ray,S. Roy"
"Max Ferguson,Kincho H. Law,Raunak Bhinge,David Dornfeld,Jinkyoo Park,Yung-Tsun Tina Lee"
"Simon Marcin,André Csillaghy"
"Edmon Begoli,Derek Kistler,Jack Bates"
"Sara Riazi,Boyana Norris"
"Vasilis Spyropoulos,Christina Vasilakopoulou,Yannis Kotidis"
"Holly Ferguson,Charles Vardeman,Jarek Nabrzyski"
"Hippolyte Djonon Tsague,Bheki Twala"
"Xiaomeng Liang,Lin-Ching Chang,Arash Massoudieh"
"Guangxia Xu,Jingteng Zhao,Deling Huang"
"Bradford Littooy,Sophie Loire,Michael Georgescu,Igor Mezic"
"Miguel G. Xavier,Kassiano J. Matteussi,Fabian Lorenzo,César A. F. De Rose"
"Madhu Shashanka,Min-Yi Shen,Jisheng Wang"
"Michael Bentley,Soumya Batra"
"Kenji Yamanishi,Kohei Miyaguchi"
"Angen Zheng,Alexandros Labrinidis,Panos K. Chrysanthis,Jack Lange"
"Aparna Oruganti,Fangzhou Sun,Hiba Baroud,Abhishek Dubey"
"Rongda Zhu,Aston Zhang,Jian Peng 0001,Chengxiang Zhai"
"Darja Krushevskaja,William Simpson,S. Muthukrishnan"
"Nicolas Kourtellis,Gianmarco De Francisci Morales,Albert Bifet,Arinto Murdopo"
"Joaquim F. Silva,Carlos Gonçalves,José C. Cunha"
"Mohammad Mehedy Masud,Abdel Rahman Al Harahsheh"
"Priyaa Thavasimani,Paolo Missier"
"Tomasz Tajmajer,Malwina Splawinska,Piotr Wasilewski,Stan Matwin"
"Hu Xu,Sihong Xie,Lei Shu 0004,Philip S. Yu"
"Francesco Versaci,Luca Pireddu,Gianluigi Zanetti"
"Katsunori Miura,Tazro Ohta,Courtney Powell,Masaharu Munetomo"
"Michael Stonebraker,Dong Deng,Michael L. Brodie"
"Jordan DeLoach,Doina Caragea,Xinming Ou"
"Linlin You,Bige Tunçer"
"Daniel Xie,Jiejun Xu,Tsai-Ching Lu"
"Milad Makkie,Xiang Li 0001,Tianming Liu,Shannon Quinn,Binbin Lin,Jieping Ye"
"Rui Ren,Zhen Jia 0001,Lei Wang 0004,Jianfeng Zhan,Tianxu Yi"
"Fang (Cherry) Liu,Fu Shen,Duen Horng Chau,Neil Bright,Mehmet Belgin"
"David Watts,K. M. George,Ashwin Kumar T. K,Zenia Arora"
"A. Murat Ozbayoglu,Yusuf Gökhan Küçükayan,Erdogan Dogdu"
"Zhenyun Zhuang,Haricharan Ramachandra,Badri Sridharan,Brandon Duncan,Kishore Gopalakrishna,Jean-Francois Im"
"Caleb Robinson,Arezoo Shirazi,Mengmeng Liu,Bistra Dilkina"
"Yosuke Oyama,Akihiro Nomura 0002,Ikuro Sato,Hiroki Nishimura,Yukimasa Tamatsu,Satoshi Matsuoka"
"Zhenwei Du,Haopeng Chen,Jian-wei Jiang"
"Austin Harris 0002,Hanna True,Zhen Hu,Jin Cho,Nancy Fell,Mina Sartipi"
"Charles Siegel,Jeff Daily,Abhinav Vishnu"
"Frank Pallas,Johannes Günther 0003,David Bermbach"
"Amit Gupta,Weijia Xu,Natalia Ruiz-Juri,Kenneth Perrine"
"Jaime Alonso-Lorenzo,Enrique Costa-Montenegro,Milagros Fernández Gavilanes"
"Jianbo Yuan,Walid Shalaby,Mohammed Korayem,David Lin,Khalifeh AlJadda,Jiebo Luo"
"Weimao Ke,Javed Mostafa"
"Gary S. W. Goh,Andy J. L. Ang,Allan N. Zhang"
"Ryan J. Oelkers,Keivan G. Stassun,Joshua A. Pepper,Nathan M. De Lee,Martin A. Paegert"
"Philip Derbeko,Shlomi Dolev,Ehud Gudes,Jeffrey D. Ullman"
"A. Aziz Altowayan,Lixin Tao"
"Xiaoyi Lu,Dipti Shankar,Shashank Gugnani,Dhabaleswar K. Panda"
"Li Zhou,Yinglong Xia,Hui Zang,Jian Xu,Mingzhen Xia"
"Sangkeun Lee,Liangzhe Chen,Sisi Duan,Supriya Chinthavali,Mallikarjun Shankar,B. Aditya Prakash"
"Yiheng Zhou,Numair Sani,Jiebo Luo"
"Martino Trevisan,Idilio Drago,Marco Mellia,Han Hee Song,Mario Baldi"
"Michael J. Anderson,Mihai Capota,Javier S. Turek,Xia Zhu,Theodore L. Willke,Yida Wang,Po-Hsuan Chen,Jeremy R. Manning,Peter J. Ramadge,Kenneth A. Norman"
"Duncan Yung,Shi-Kuo Chang"
"Sudharshan S. Vazhkudai,John Harney,Raghul Gunasekaran,Dale Stansberry,Seung-Hwan Lim,Tom Barron,Andrew Nash,Arvind Ramanathan"
"Thong Hoang,Pei Hua Cher,Philips Kokoh Prasetyo,Ee-Peng Lim"
"Genady Ya. Grabarnik,Mauro Tortonesi,Larisa Shwartz"
"Ammar Jabakji,Hasan Dag"
"Teruyoshi Zenmyo,Satoshi Iijima,Ichiro Fukuda"
"Tathagata Mukherjee,Biswas Parajuli,Piyush Kumar,Eduardo L. Pasiliao Jr."
"Lauritz Thamsen,Thomas Renner,Marvin Byfeld,Markus Paeschke,Daniel Schroder,Felix Bohm"
"Vahid Kayvanfar,S. M. Moattar Husseini,Behrooz Karimi,Mohsen S. Sajadieh,Tan Wen Jun"
"Cuong M. Nguyen,Philip J. Rhodes"
"Mehrdad Yazdani,Bryn C. Taylor,Justine W. Debelius,Weizhong Li,Rob Knight,Larry Smarr"
"Laura L. Tupper,David S. Matteson,John C. Handley"
"Michael A. Schuh,Rafal A. Angryk"
"Avinash Kumar,Dhaval Patel,Nikita Jain"
"Shahbaz Atta,Bilal Sadiq,Akhlaq Ahmad,Sheikh Nasir Saeed,Emad A. Felemban"
"Weider D. Yu,Jaspal Singh Gill,Maulin Dalal,Piyush Jha,Sajan Shah"
"Chunqiu Zeng,Qing Wang 0016,Wentao Wang 0006,Tao Li 0001,Larisa Shwartz"
"Shuang Song 0007,Xinnian Zheng,Andreas Gerstlauer,Lizy K. John"
"A. Munoz-Jaramillo,Z. A. Werginz,J. P. Vargas-Acosta,M. D. DeLuca,J. C. Windmueller,J. Zhang,D. W. Longcope,D. A. Lamb,C. E. DeForest,S. Vargas-Dominguez,J. W. Harvey,P. C. H. Martens"
"Kohei Nakamura,Ami Hayashi,Hiroki Matsutani"
"Giri Prakash,Jitendra Kumar 0001,Everett Neil Rush,Robert Records,Anthony Clodfelter,Jimmy W. Voyles"
"Jun He 0006,Yue Zhang,Jiye Wang,Nan Zeng,Hanyong Hao"
"N. Olspert,M. J. Kapyla,J. Pelti"
"John Harney,Seung-Hwan Lim,Sreenivas S. Sukumar,Dale Stansberry,Peter Xenopoulos"
"Jason Laura,Robin L. Fergason"
"Ganesh Venkataraman,Abhimanyu Lad,Lin Guo,Shakti Sinha"
"W. Sean Kennedy,Iraj Saniee,Onuttom Narayan"
"Rishemjit Kaur,Kazutoshi Sasahara"
"Alex Gittens,Aditya Devarakonda,Evan Racah,Michael F. Ringenburg,Lisa Gerhardt,Jey Kottalam,Jialin Liu 0002,Kristyn J. Maschhoff,Shane Canon,Jatin Chhugani,Pramod Sharma,Jiyan Yang,James Demmel,Jim Harrell,Venkat Krishnamurthy,Michael W. Mahoney,Prabhat"
"Shusaku Tsumoto,Shoji Hirano,Haruko Iwata,Norio Yoshimoto,Tomohiro Kimura"
"Yaser Keneshloo,Shuguang Wang,Eui-Hong Sam Han,Naren Ramakrishnan"
"Hiroshi Tsuda,Masakazu Ando,Yu Ichifuji"
"Mylene Simon,Joe Chalfoun,Mary Brady,Peter Bajcsy"
"Amita Gajewar,Lizhong Wu,Jignesh Parmar,Ramana Yerneni"
"Ella Peltonen,Eemil Lagerspetz,Petteri Nurmi,Sasu Tarkoma"
"Hui Wu,Yi Fang,Huming Wu,Shenhong Zhu"
"Ngot Bui,Thanh Le,Vasant G. Honavar"
"Md. Shiblee Sadik,Le Gruenwald,Eleazar Leal"
"Yu Wang 0041,Yang Feng 0001,Jiebo Luo,Xiyang Zhang"
"Athena Vakali,Paschalis Korosoglou,Pavlos Daoglou"
"Jiangye Yuan,Hsiu-Han Lexie Yang,Olufemi A. Omitaomu,Budhendra L. Bhaduri"
"Joya A. Deri,Franz Franchetti,José M. F. Moura"
"Naman Shah 0001,Harshil Shah,Matthew Malensek,Sangmi Lee Pallickara,Shrideep Pallickara"
"Sarasi Lalithsena,Pavan Kapanipathi,Amit P. Sheth"
"Priyanka Kale,Shilpa Balan"
"Alexander Stiemer,Ilir Fetai,Heiko Schuldt"
"Jeffrey S. Saltz,Ivan Shamshurin"
"Panagiotis Liakos,Alexandros Ntoulas,Alex Delis"
"Michael Wojnowicz,Ben Cruz,Xuan Zhao,Brian Wallace,Matt Wolff,Jay Luan,Caleb Crable"
"Antonette Shibani,Elizabeth Koh,Vivian Lai,Kyong Jin Shim"
"Shusaku Tsumoto,Michinori Nakata,Hiroshi Sakai,Chenxi Liu"
"Saman Mostafavi,Benjamin Futrell,John Troxler,Robert W. Cox"
"Ville Hyvönen,Teemu Pitkänen,Sotiris K. Tasoulis,Elias Jaasaari,Risto Tuomainen,Liang Wang 0009,Jukka Corander,Teemu Roos"
"Kevin Paul,Sheri A. Mickelson,John M. Dennis"
"Belainine Billal,Alexsandro Fonseca,Fatiha Sadat"
"Jianliang Gao,Bo Song,Ping Liu,Weimao Ke,Jianxin Wang,Xiaohua Hu 0001"
"Jianwu Wang,Zhichuan Huang,Wenbin Zhang,Ankita Patil,Ketan Patil,Ting Zhu,Eric J. Shiroma,Mitchell A. Schepps,Tamara B. Harris"
"Fang Zhou,Mohamed F. Ghalwash,Zoran Obradovic"
"Hatef Monajemi,David L. Donoho,Victoria Stodden"
"Kazumasa Mori,Takuya Ohmori"
"Si Liu,Eun-Sung Jung,Rajkumar Kettimuthu,Xian-He Sun,Michael E. Papka"
"Christoforos Svingos,Theofilos Mailis,Herald Kllapi,Lefteris Stamatogiannakis,Yannis Kotidis,Yannis E. Ioannidis"
"Fuad Rahman,Marvin J. Slepian,Ari Mitra"
"Daniel Playfair,Amitabh Trehan,Barry McLarnon,Dimitrios S. Nikolopoulos"
"Benito O. Perez,Yiwei Ma,Mengran Wang,Xiaomeng Liang,Negin Askarzadeh"
"Kenneth David Strang,Zhaohao Sun"
"Ellis Giles,Kshitij Doshi,Peter J. Varman"
"Joseph Jupin,Justin Y. Shi,Eduard C. Dragut"
"Sayan Goswami,Arghya Kusum Das,Richard Platania,Kisung Lee,Seung-Jong Park"
"Yanan Xu,Yanmin Zhu"
"Chengcheng Mou,Shaoping Chen,Yi-Cheng Tu"
"Ting Wu,Chen Jason Zhang,Lei Chen 0002,Pan Hui 0001,Siyuan Liu"
"Xiaoyu Ge,Yanbing Xue,Zhipeng Luo,Mohamed A. Sharaf,Panos K. Chrysanthis"
"Hongfu Liu,Yuchao Zhang,Bo Deng,Yun Fu 0001"
"Xiao Li,Reza Sharifi Sedeh,Liao Wang,Yang Yang"
"Geoffrey Mon,Milad Makkie,Xiang Li 0001,Tianming Liu,Shannon Quinn"
"Yunfei Long,Qin Lu 0001,Yue Xiao,Minglei Li 0001,Chu-Ren Huang"
"Noriaki Koide,Yu Ichifuji,Hideki Yoshii,Noboru Sonehara"
"Yang Feng 0001,Jiebo Luo"
"Lina Yu,Hongfeng Yu"
"Hans Vandierendonck,Karen L. Murphy,Mahwish Arif,Dimitrios S. Nikolopoulos"
"Dazhi Yang,Gary S. W. Goh,Siwei Jiang,Allan N. Zhang"
"Ranjeet Devarakonda,Yaxing Wei,Michele Thornton"
"Yan Zhu,Melody Moh,Teng-Sheng Moh"
"Omer Berat Sezer,Erdogan Dogdu,A. Murat Ozbayoglu,Aras Onal"
"Xin Li,Hui Li 0022,Zhihao Huang,Bing Zhu 0003,Jiawei Cai"
"Khoa Doan,Amidu O. Oloso,Kwo-Sen Kuo,Thomas L. Clune,Hongfeng Yu,Brian Nelson,Jian Zhang"
"Xiaoli Song,Xiaotong Wang,Xiaohua Hu 0001"
"Sunghwan Cho,Sunghal Hong,Changsoo Lee"
"Yuan Yuan,Sihong Xie,Chun-Ta Lu,Jie Tang 0001,Philip S. Yu"
"Aharon Abadi,Ashraf Haib,Roie Melamed,Alaa Nassar,Aidan Shribman,Hisham Yasin"
"Vivian Lai,Kyong Jin Shim,Richard Jayadi Oentaryo,Philips Kokoh Prasetyo,Casey Vu,Ee-Peng Lim,David Lo 0001"
"Thibaud Nesztler,Don Kasper,Michael Georgescu,Sophie Loire,Igor Mezic"
"Pavel A. Dmitriev,Brian Frasca,Somit Gupta,Ron Kohavi,Garnet J. Vaz"
"Subhadeep Karan,Jaroslaw Zola"
"Kai Zhao,Denis Khryashchev,Juliana Freire,Cláudio T. Silva,Huy T. Vo"
"Ruoqian Liu,Ankit Agrawal,Wei-keng Liao,Alok N. Choudhary,Marc De Graef"
"Walaa Eldin Moustafa,Vicky Papavasileiou,Ken Yocum,Alin Deutsch"
"Mai H. Nguyen,Dylan Uys,Daniel Crawl,Charles Cowart,Ilkay Altintas"
"Francisco Padillo,José María Luna,Sebastián Ventura"
"Ajinkya Prabhune,Hasebullah Ansari,Anil Keshav,Rainer Stotzka,Michael Gertz 0001,Jürgen Hesser"
"Holly Ferguson,Charles Vardeman,Jarek Nabrzyski"
"Bo Zhang,Liwei Wang 0008"
"Dustin J. Kempton,Michael A. Schuh,Rafal A. Angryk"
"Zhichuan Huang,Ting Zhu"
"Ravikant Dindokar,Neel Choudhury,Yogesh Simmhan"
"Luca Cazzanti,Antonio Davoli,Leonardo Maria Millefiori"
"Sohini Roychowdhury,Johnny Ren"
"Luis Pineda-Morales,Ji Liu 0003,Alexandru Costan,Esther Pacitti,Gabriel Antoniu,Patrick Valduriez,Marta Mattoso"
"Michael L. Rilee,Kwo-Sen Kuo,Thomas L. Clune,Amidu Oloso,Paul G. Brown,Hongfeng Yu"
"Da-Chuan Zhang,Mei Li,Chang-Dong Wang"
"Sampath Jayarathna,Faryaneh Poursardar"
"Evgeny Kharlamov,Theofilos P. Mailis,Konstantina Bereta,Dimitris Bilidas,Sebastian Brandt 0001,Ernesto Jiménez-Ruiz,Steffen Lamparter,Christian Neuenstadt,Özgür L. Özçep,Ahmet Soylu,Christoforos Svingos,Guohui Xiao 0001,Dmitriy Zheleznyakov,Diego Calvanese,Ian Horrocks,Martin Giese,Yannis E. Ioannidis,Yannis Kotidis,Ralf Möller 0001,Arild Waaler"
"Kayhan Moharreri,Jayashree Ramanathan,Rajiv Ramnath"
"Siyuan Lu,Xiaoyan Shao,Marcus Freitag,Levente J. Klein,Jason D. Renwick,Fernando J. Marianno,Conrad M. Albrecht,Hendrik F. Hamann"
"Yadu N. Babuji,Kyle Chard,Aaron Gerow,Eamon Duede"
"Xiaoxia Jia,Peng Cheng 0001,Jiming Chen 0001"
"Ariel Bar,Bracha Shapira,Lior Rokach,Moshe Unger"
"Daniel Yue Zhang,Rungang Han,Dong Wang 0002,Chao Huang 0001"
"Mansurul Alam Bhuiyan,Mohammad Al Hasan"
"Gaurav Paruthi,Enrique Frías-Martínez,Vanessa Frías-Martínez"
"Hsiao-Wei Hu,Hao-Chen Chang,Wen-Shiu Lin"
"Teemu Kanstrén,Jussi Liikka,Jukka Mäkelä,Markus Luoto,Jarmo Prokkola"
"Max Menenberg,Surya Pathak,Hari P. Udyapuram,Srinagesh Gavirneni,Sohini Roychowdhury"
"Rishi Chhatwal,Nathaniel Huber-Fliflet,Robert Keeling,Jianping Zhang,Haozhen Zhao"
"Wenjing Yan,Rong Wen,Allan N. Zhang,Dazhi Yang"
"Yu Ichifuji,Yoshihide Matsuo,Noriaki Koide,Nobuhiro Akashi,Yoshitaka Terai,Toru Kobayashi"
"Anahita Davoudi,Mainak Chatterjee"
"Xiang Liu,Torsten Suel"
"Hoseong Yang,Hye Jin Lee,Sungzoon Cho,Eugene Cho"
"Chenxiao Dou,Daniel Sun,Yi-Cheng Chen,Guoqiang Li 0001,Jianquan Liu"
"Zexi Chen,Ranga Raju Vatsavai,Bharathkumar Ramachandra,Qiang Zhang,Nagendra Singh,Sreenivas Sukumar"
"Xuchao Zhang,Zhiqian Chen,Weisheng Zhong,Arnold P. Boedihardjo,Chang-Tien Lu"
"Srinivasa Rao Kundeti,J. Vijayananda,Srikanth Mujjiga,M. Kalyan"
"Parul Sharma,Teng-Sheng Moh"
"Anne M. Denton,Mostofa Ahsan,David W. Franzen,John Nowatzki"
"Bonnie J. Dorr,Peter C. Fontana,Craig S. Greenberg,Marion Le Bras,Mark A. Przybocki"
"Juergen Heit,Jiayi Liu,Mohak Shah"
"Fang Du,Ting Li,Yingjie Shi,Lijuan Song,Xiaojun Gu"
"Aravind Mohan,Mahdi Ebrahimi,Shiyong Lu,Alexander Kotov"
"Jian Zou,Chuqin Huang"
"Stephen Bonner,John Brennan,Georgios Theodoropoulos 0001,Ibad Kureshi,Andrew Stephen McGough"
"Sergey Nepomnyachiy,Torsten Suel"
"Kyle Chard,Mike D'Arcy,Benjamin D. Heavner,Ian T. Foster,Carl Kesselman,Ravi K. Madduri,Alexis Rodriguez,Stian Soiland-Reyes,Carole A. Goble,Kristi Clark,Eric W. Deutsch,Ivo D. Dinov,Nathan D. Price 0001,Arthur W. Toga"
"Ioanna Tsalouchidou,Gianmarco De Francisci Morales,Francesco Bonchi,Ricardo Baeza-Yates"
"Mansurul Alam Bhuiyan,Mohammad Al Hasan"
"Stratos Dimopoulos,Chandra Krintz,Rich Wolski"
"Anders Høst-Madsen,Elyas Sabeti,Chad Walton,Su Jun Lim"
"Jinwei Liu,Haiying Shen"
"Thomas Renner,Lauritz Thamsen,Odej Kao"
"Nicholas A. James,Arun Kejariwal,David S. Matteson"
"Yating Zhang,Adam Jatowt,Katsumi Tanaka"
"Gopi Chand Nutakki,Olfa Nasraoui"
"Takuya Yoshida,M. Emre Celebi,Gerald Schaefer,Hitoshi Iyatomi"
"Brahim Hnich,Faisal R. Al-Osaimi,Ata Sasmaz,Ozkan Sayin,Amine Lamine,Majid Alotaibi"
"Sai C. Pallaprolu,Josephine M. Namayanja,Vandana P. Janeja,C. T. Sai Adithya"
"Chun Guo 0001,Xiaozhong Liu"
"Jingyuan Zhang,Chun-Ta Lu,Mianwei Zhou,Sihong Xie,Yi Chang 0001,Philip S. Yu"
"Raya Horesh,Kush R. Varshney,Jinfeng Yi"
"Chao Huang 0001,Dong Wang 0002,Shenglong Zhu,Daniel Yue Zhang"
"Yiming Kong,Hui Zang,Xiaoli Ma"
"Soo-Hyung Kim,Changwook Jung,Yoon-Joon Lee"
"Ruilin Liu,Kai Yang 0001,Yanjia Sun,Tao Quan,Jin Yang"
"Xiaopeng Li,Ming Cheung,James She"
"Fan Jiang,Claris Castillo,Charles Schmitt"
"Kaiji Chen,Yongluan Zhou"
"Adiska Fardani Haryadi,Joris Hulstijn,Agung Wahyudi,Haiko Van Der Voort,Marijn Janssen 0001"
"Bennett B. Borden,Jason R. Baron"
"Adel Assiri,Ahmed Emam,Hmood Al-Dossari"
"Rubén Tous,Otto Wüst,Mauro Gomez,Jonatan Poveda,Marc Elena,Jordi Torres,Mouna Makni,Eduard Ayguadé"
"Charith Wickramaarachchi,Rajgopal Kannan,Charalampos Chelmis,Viktor K. Prasanna"
"Juan Lin,Di Zhong,Yiwen Zhong,Hui Zhang 0006"
"Weijia Xu,Ruizhu Huang,Maria Esteva,Jawon Song,Ramona L. Walls"
"Ramyar Saeedi,Hassan Ghasemzadeh 0001,Assefaw Hadish Gebremedhin"
"Shujia Zhou,Xiaowen Li,Toshihisa Matsui,Wei-Kuo Tao"
"Shuo Wang,Richard O. Sinnott,Surya Nepal"
"Sylvain Hallé,Sébastien Gaboury,Raphaël Khoury"
"Jagat Sesh Challa,Poonam Goyal,S. Nikhil 0001,Aditya Mangla,Sundar Balasubramaniam,Navneet Goyal"
"Luciano Gervasoni,Martí Bosch,Serge Fenet,Peter F. Sturm"
"Zhihao Huang,Hui Li,Xin Li,Wei He"
"Ahsanul Haque,Zhuoyi Wang,Swarup Chandra,Yupeng Gao,Latifur Khan,Charu C. Aggarwal"
"Vasundhara Misal,Vandana P. Janeja,Sai C. Pallaprolu,Yelena Yesha,Raghu Chintalapati"
"Xueni Li,Guanggang Geng,Zhiwei Yan,Yong Chen,Xiaodong Lee"
"Liudong Zuo,Mengxia Michelle Zhu"
"Mahwish Arif,Hans Vandierendonck,Dimitrios S. Nikolopoulos,Bronis R. de Supinski"
"Chia-Tien Dan Lo,Pablo Ordóñez,Carlos Cepeda Mora"
"Bingchuan Liu,Yudong Tan,Huimin Zhou"
"Vy Bui,Lin-Ching Chang,Dunling Li,Li-yueh Hsu,Marcus Y. Chen"
"Yasuko Kawahata,Tamio Koyama"
"Timo Bingmann,Michael Axtmann,Emanuel Jöbstl,Sebastian Lamm,Huyen Chau Nguyen,Alexander Noe,Sebastian Schlag,Matthias Stumpp,Tobias Sturm,Peter Sanders 0001"
"Dazhi Yang,Gary S. W. Goh,Siwei Jiang,Allan N. Zhang"
"Cheong Hee Park,Youngsoon Kang"
"Farrukh Ahmed,Michele Samorani,Colin Bellinger,Osmar R. Zaïane"
"Mohammad Shafahi,Leon Kempers,Hamideh Afsarmanesh"
"Elyas Sabeti,Anders Høst-Madsen"
"Kingsley Okoye,Abdel-Rahman H. Tawil,Usman Naeem,Syed Islam,Elyes Lamine"
"Shady S. Refaat,Haitham Abu-Rub,Amira Mohamed"
"Takuya Watanabe 0002,Hiroaki Muroi,Motoki Naruke,Kyoto Yono,Gen Kobayashi,Masanori Yamasaki"
"Tong Yu 0001,Ole J. Mengshoel,Alvin Jude,Eugen Feller,Julien Forgeat,Nimish Radia"
"Zhichuan Huang,Tiantian Xie,Ting Zhu,Jianwu Wang,Qingquan Zhang"
"Andrew Hulbert,Thomas Kunicki,James N. Hughes,Anthony D. Fox,Christopher N. Eichelberger"
"Mike Lakoju,Alan Serrano"
"Wooyeol Kim,Younghoon Kim,Kyuseok Shim"
"Yiming Kong,Hui Zang,Xiaoli Ma"
"Ljiljana Stojanovic,Marko Dinic,Nenad Stojanovic,Aleksandar Stojadinovic"
"Andreas Unterweger,Dominik Engel"
"Alok Singh 0004,Eric G. Stephan,Todd Elsethagen,Matt MacDuff,Bibi Raju,Malachi Schram,Kerstin Kleese van Dam,Darren J. Kerbyson,Ilkay Altintas"
"Alexander Brodsky 0001,Mohan Krishnamoorthy,William Z. Bernstein,M. Omar Nachawati"
"Jeffrey Jenkins,Lin-Ching Chang,Elizabeth B. Hutchinson,M. Okan Irfanoglu,Carlo Pierpaoli"
"Chun-Chieh Chen,Chih-Ya Shen,Ming-Syan Chen"
"Ruoyu Wang 0004,Daniel Sun,Guoqiang Li 0001,Muhammad Atif,Surya Nepal"
"Syed Yousaf Shah,Brent Paulovicks,Petros Zerfos"
"Quanzhi Li,Sameena Shah,Rui Fang"
"Bryan Rainey,David F. Gleich"
"Azadeh Eftekhari,Farhana H. Zulkernine,Patrick Martin 0001"
"Yali Zhao,Rodrigo N. Calheiros,James Bailey 0001,Richard O. Sinnott"
"Rocco Langone,Johan A. K. Suykens"
"Ricky Laishram,Katchaguy Areekijseree,Sucheta Soundarajan"
"Elham Sahebkar Khorasani,Zhao Zhenge,John Champaign"
"Wei Jiang,Juan Rodriguez,Torsten Suel"
"Saïd Jabbour,Nizar Mhadhbi,Abdesattar Mhadhbi,Badran Raddaoui,Lakhdar Sais"
"Hongfeng Chai,Hao Liu 0026,Xibo Zhou,Yanjun Xu,Shuo He,Jinzhi Hua,Dongjie He,Weihuai Liu"
"Aman Gupta,S. Muthukrishnan,Smita Wadhwa"
"Sreenivas R. Sukumar,Michael A. Matheson,Ramakrishnan Kannan,Seung-Hwan Lim"
"Daiki Shimada,Ryunosuke Kotani,Hitoshi Iyatomi"
"Joshua Plasse,Niall M. Adams"
"Emily Maemura,Christoph Becker 0001,Ian Milligan"
"Ling He,Jiebo Luo"
"Alexey Svyatkovskiy,Kosuke Imai,Mary Kroeger,Yuki Shiraito"
"Ioanna Filippidou,Yannis Kotidis"
"Amidu Oloso,Kwo-Sen Kuo,Thomas L. Clune,Paul Brown,Alex Poliakov,Hongfeng Yu"
"Ismail Duru,Gulustan Dogan,Banu Diri"
"Ata Turk,Hao Chen 0024,Anthony Byrne,John Knollmeyer,Sastry S. Duri,Canturk Isci,Ayse K. Coskun"
"Upa Gupta,Kulsawasd Jitkajornwanich,Ramez Elmasri,Leonidas Fegaras"
"Ali Sekmen,Akram Aldroubi,Ahmet Bugra Koku"
"Xiaokai Wei,Bokai Cao,Weixiang Shao,Chun-Ta Lu,Philip S. Yu"
"Quan Zhang 0001,Mu Qiao,Ramani R. Routray,Weisong Shi"
"Yanfu Zhou,Jieting Wu,Lina Yu,Hongfeng Yu,Zhenghong Tang"
"Nilothpal Talukder,Mohammed J. Zaki"
"Hiroki Imabayashi,Yu Ishimaki,Akira Umayabara,Hayato Yamana"
"André Luckow,Matthew Cook 0004,Nathan Ashcraft,Edwin Weill,Emil Djerekarov,Bennie Vorster"
"Rafal A. Angryk,Douglas E. Galarus"
"Xiaoli Song,Yan Rui,Xiaohua Hu 0001"
"Michael Requa,Garrison Vaughan,John David,Ben Cotton"
"Adam M. Leadbetter,Damian Smyth,Robert Fuller,Eoin O'Grady,Adam Shepherd"
"Ivens Portugal,Paulo S. C. Alencar,Donald D. Cowan"
"Hsu-Chao Lai,Wen-Yueh Shih,Jiun-Long Huang,Yi-Cheng Chen"
"Jonathan Stokes,Steven Weber 0001"
"Jinna Lv,Bin Wu,Shuai Yang,Bingjing Jia,Peigang Qiu"
"Archana Ganapathi,Yanpei Chen"
"Yin Huang,Yelena Yesha,Milton Halem,Yaacov Yesha,Shujia Zhou"
"Nguyen Ho,Huy Vo,Mai Vu"
"Victor Perazzolo Barros,Pollyana Notargiacomo"
"Chien-Heng Wu,Franco Lin,Wen-Yi Chang,Whey-Fone Tsai,Hsi-Ching Lin,Chao-Tung Yang"
"Abdeltawab M. Hendawi,Fatemah Alali,Xiaoyu Wang,Yunfei Guan,Tianshu Zhou,Xiao Liu,Nada Basit,John A. Stankovic"
"Nora Alkhamees,Maria Fasli"
"Hông-Ân Cao,Tri Kurniawan Wijaya,Karl Aberer,Nuno Nunes 0001"
"Katerina Doka,Nikolaos Papailiou,Victor Giannakouris,Dimitrios Tsoumakos,Nectarios Koziris"
"Marco Büchler,Greta Franzini,Emily Franzini,Thomas Eckart"
"Katchaguy Areekijseree,Ricky Laishram,Sucheta Soundarajan"
"Claudio Agostino Ardagna,Paolo Ceravolo,Ernesto Damiani"
"Shaunak D. Bopardikar,George S. Eskander Ekladious"
"Thamarai Selvi Somasundaram,Kannan Govindarajan,Vivekanandan Suresh Kumar"
"Susanna Pirttikangas,Ekaterina Gilman,Xiang Su,Teemu Leppänen,Anja Keskinarkaus,Mika Rautiainen,Mikko Pyykkönen,Jukka Riekki"
"Jiejun Xu,Samuel D. Johnson,Kang-Yu Ni"
"Morteza Zihayat,Zane Zhenhua Hu,Aijun An,Yonggang Hu"
"Zhuozhao Li,Haiying Shen,Jeffrey Denton,Walter Ligon"
"Saliya Ekanayake,Supun Kamburugamuve,Pulasthi Wickramasinghe,Geoffrey C. Fox"
"Merlijn Sebrechts,Sander Borny,Thomas Vanhove,Gregory van Seghbroeck,Tim Wauters,Bruno Volckaert,Filip De Turck"
"Benjamin Sirb,Xiaojing Ye"
"Jinfeng Li,James Cheng,Yunjian Zhao,Fan Yang,Yuzhen Huang,Haipeng Chen,Ruihao Zhao"
"Ruoqian Liu,Diana Palsetia,Arindam Paul,Reda Al-Bahrani,Dipendra Jha,Wei-keng Liao,Ankit Agrawal,Alok N. Choudhary"
"Adetokunbo Makanju,Zahra Farzanyar,Aijun An,Nick Cercone,Zane Zhenhua Hu,Yonggang Hu"
"Pradipto Das,Yandi Xia,Aaron Levine,Giuseppe Di Fabbrizio,Ankur Datta"
"Ke Zhang 0013,Jianwu Xu,Martin Renqiang Min,Guofei Jiang,Konstantinos Pelechrinis,Hui Zhang 0002"
"Paul Raff,Ze Jin"
"Radhakrishnan Angamuthu Chinnathambi,Prakash Ranganathan"
"Ranjeet Devarakonda,Kyle Dumas,Sheman Beus,Everett Neil Rush,Bhargavi Krishna,Rob Records,Giri Prakash"
"Nusrat Sharmin Islam,Md. Wasi-ur-Rahman,Xiaoyi Lu,Dhabaleswar K. Panda"
"Karuna P. Joshi,Aditi Gupta 0003,Sudip Mittal,Claudia Pearce,Anupam Joshi,Tim Finin"
"Kai Zhao,Sasu Tarkoma,Siyuan Liu,Huy T. Vo"
"Ayae Ichinose,Masato Oguchi,Atsuko Takefusa,Hidemoto Nakada"
"Linda Camilla Boldt,Vinothan Vinayagamoorthy,Florian Winder,Melanie Schnittger,Mats Ekran,Raghava Rao Mukkamala,Niels Buus Lassen,Benjamin Flesch,Abid Hussain,Ravi Vatrapu"
"Masahiro Kazama,Issei Sato,Haruaki Yatabe,Tairiku Ogihara,Tetsuro Onishi,Hiroshi Nakagawa"
"Leonardo Maria Millefiori,Dimitrios Zissis,Luca Cazzanti,Gianfranco Arcieri"
"Mohammad Mahdi Kamani,Farshid Farhat,Stephen Wistar,James Z. Wang"
"Yida Wang,Bryn Keller,Mihai Capota,Michael J. Anderson,Narayanan Sundaram,Jonathan D. Cohen 0003,Kai Li 0001,Nicholas B. Turk-Browne,Theodore L. Willke"
"Hui Li 0005,Jiangtao Cui,Xiaobin Lin,Jianfeng Ma 0001"
"Wanying Ding,Yue Zhang,Chaomei Chen,Xiaohua Hu 0001"
"Konstantinos Tsakalozos,Cory Johns,Kevin Monroe,Pete VanderGiessen,Andrew Mcleod,Antonio Rosales"
"Xiaoyan Shao,Siyuan Lu,Theodore G. van Kessel,Hendrik F. Hamann,Leda Daehler,Jeffrey Cwagenberg,Alan Li"
"Yuchen Wu,Jianbo Yuan,Quanzeng You,Jiebo Luo"
"Dipti Shankar,Xiaoyi Lu,Dhabaleswar K. Panda"
"Guangxia Xu,Jin Qi,Deling Huang,Mahmoud Daneshmand"
"Thibault Debatty,Fabio Pulvirenti,Pietro Michiardi,Wim Mees"
"Bas van Stein,Matthijs van Leeuwen,Thomas Bäck"
"Yuh-Jye Lee,Hsing-Kuo Pao,Shueh-Han Shih,Jing-Yao Lin,Xin-Rong Chen"
"Georg Heigold,Josef van Genabith,Günter Neumann"
"Eyad Makki,Lin-Ching Chang"
"Michele Samorani,Farrukh Ahmed,Osmar R. Zaïane"
"Matthew Edwards 0001,Stephen Wattam,Paul Rayson,Awais Rashid"
"Atushi Ishikawa,Shouji Fujimoto,Takayuki Mizuno"
"Ruizhe Ma,Rafal A. Angryk,Pete Riley"
"Xiao Pan,Jiawei Zhang 0001,Fengjiao Wang,Philip S. Yu"
"Srinivasan Radhakrishnan,Sagar V. Kamarthi"
"Rong Wen,Wenjing Yan,Allan N. Zhang"
"Alan Woodley,Ling-Xiang Tang,Shlomo Geva,Richi Nayak,Timothy Chappell"
"Gandhi Sivakumar,Drew Johnson,Rashida Hodge"
"Eleazar Leal,Le Gruenwald,Jianting Zhang"
"Peter Bajcsy,Soweon Yoon,Mylene Simon,Mary Brady,Ram D. Sriram,Nathan Hotaling,Nicholas Schaub,Carl G. Simon,Piotr M. Szczypinski,Stephen J. Florczyk"
"Zhou Xing,Marzieh Parandehgheibi,Fei Xiao,Nilesh Kulkarni,Chris Pouliot"
"Kareem S. Aggour,Bülent Yener"
"Philip K. Chan,Ebad Ahmadzadeh"
"Ghazaleh Beigi,Jiliang Tang,Huan Liu 0001"
"Emma S. Spiro,Jorge Nathan Matias,Andrés Monroy-Hernández"
"Wei Gong,Ee-Peng Lim,Feida Zhu 0001,Pei Hua Cher"
"Dan Tasse,Alex Sciuto,Jason I. Hong"
"Ceren Budak,Justin M. Rao"
"Martin J. Chorley,Luca Rossi 0004,Gareth Tyson,Matthew J. Williams"
"Yelena Mejova,Sofiane Abbar,Hamed Haddadi"
"Leandro Araújo Silva,Mainack Mondal,Denzil Correa,Fabrício Benevenuto,Ingmar Weber"
"Sebastian Schelter,Jérôme Kunegis"
"Martina Balestra,Ofer Arazy,Coye Cheshire,Oded Nov"
"Edward Newell,David Jurgens,Haji Mohammad Saleem,Hardik Vala,Jad Sassine,Caitrin Armstrong,Derek Ruths"
"Matthew Rowe 0001,Hassan Saif"
"Rahmtin Rotabi,Jon M. Kleinberg"
"Panagiotis Liakos,Katia Papakonstantinopoulou"
"Zhijun Yin,You Chen,Daniel Fabbri,Jimeng Sun,Bradley A. Malin"
"Xiang Zuo,Clayton Gandy,John Skovertz,Adriana Iamnitchi"
"Vivek Kulkarni,Bryan Perozzi,Steven Skiena"
"Yla R. Tausczik,Cindy K. Chung,James W. Pennebaker"
"Mauro Coletto,Luca Maria Aiello,Claudio Lucchese,Fabrizio Silvestri"
"Li Zeng,Kate Starbird,Emma S. Spiro"
"Lydia Manikonda,Venkata Vamsikrishna Meduri,Subbarao Kambhampati"
"Eric Malmi,Ingmar Weber"
"Minsu Park,Mor Naaman,Jonah Berger"
"Martin Saveski,Sophie Chou,Deb Roy"
"Przemyslaw A. Grabowicz,Mahmoudreza Babaei,Juhi Kulshrestha,Ingmar Weber"
"Jisun An,Haewoon Kwak,Yelena Mejova,Sonia Alonso Saenz De Oger,Braulio Gomez Fortes"
"Soroush Vosoughi,Deb Roy"
"Jack Hessel,Chenhao Tan,Lillian Lee"
"Shuo Chang,F. Maxwell Harper,Lingfei He,Loren G. Terveen"
"Soroush Vosoughi,Deb Roy"
"Satarupa Guha,Tanmoy Chakraborty 0002,Samik Datta,Mohit Kumar,Vasudeva Varma"
"Matheus Lima Diniz Araújo,João Paulo Diniz,Lucas Bastos,Elias Soares,Manoel Junior,Miller Ferreira,Filipe Nunes Ribeiro,Fabrício Benevenuto"
"Rijurekha Sen,Daniele Quercia,Carmen Karina Vaca Ruiz,Krishna P. Gummadi"
"Moisés Henrique Ramos Pereira,Flávio Luis Cardeal Pádua,Adriano César Machado Pereira,Fabrício Benevenuto,Daniel Hasan Dalip"
"Junting Ye,Santhosh Kumar,Leman Akoglu"
"Isaac Jones,Ran Wang,Jiawei Han 0001,Huan Liu 0001"
"Abhijnan Chakraborty,Saptarshi Ghosh 0001,Niloy Ganguly,Krishna P. Gummadi"
"Pablo Aragón,Vicenç Gómez,Andreas Kaltenbrunner"
"Xiaozhong Liu,Tian Xia,Yingying Yu,Chun Guo 0001,Yizhou Sun"
"Kristina Lerman,Megha Arora,Luciano Gallegos,Ponnurangam Kumaraguru,David García 0001"
"Yang Wang,Yao Li 0006,Bryan C. Semaan,Jian Tang"
"Jyun-Yu Jiang,Cheng-Te Li"
"Taraneh Khazaei,Lu Xiao 0002,Robert E. Mercer,Atif Khan"
"Kai-Hsiang Hsu,Cheng-Te Li,Chien-Lin Tseng"
"Yu Wang 0041,Yuncheng Li,Jiebo Luo"
"Barry A. T. Brown,Frank Bentley,Saeideh Bakhshi,David A. Shamma"
"Clay Fink,Aurora Schmidt,Vladimir Barash,John Kelly,Christopher J. Cameron,Michael Macy"
"David Alvarez-Melis,Martin Saveski"
"Pritam Gundecha,Jiliang Tang,Xia Hu,Huan Liu 0001"
"Przemyslaw A. Grabowicz,Niloy Ganguly,Krishna P. Gummadi"
"Yi Wang,Jalal Mahmud,Taikun Liu"
"Jaimie Yejean Park,Yunkyu Sohn,Sue Moon"
"Nabil Hossain,Tianran Hu,Roghayeh Feizi,Ann Marie White,Jiebo Luo,Henry A. Kautz"
"Lyndon Kennedy,David Ayman Shamma"
"Benjamin D. Horne,Dorit Nevo,Jesse Freitas,Heng Ji,Sibel Adali"
"Prashanth Vijayaraghavan,Soroush Vosoughi,Deb Roy"
"Bogdan State,Bruno D. Abrahao,Karen Cook"
"Bin Xu 0002,Liang Gou,Anbang Xu,Dan Cosley,Jalal Mahmud"
"Elham Vaziripour,Christophe G. Giraud-Carrier,Daniel Zappala"
"Cody Buntain,Jennifer Golbeck,Brooke Liu,Gary LaFree"
"Shirin Nilizadeh,Anne Groggel,Peter Lista,Srijita Das,Yong-Yeol Ahn,Apu Kapadia,Fabio Rojas"
"Mathieu Jacomy,Paul Girard,Benjamin Ooghe-Tabanou,Tommaso Venturini"
"Ke Zhang 0013,Yu-Ru Lin,Konstantinos Pelechrinis"
"Emilio Ferrara,Onur Varol,Filippo Menczer,Alessandro Flammini"
"Munmun De Choudhury,Shagun Jhaver,Benjamin Sugar,Ingmar Weber"
"Alexandra Olteanu,Onur Varol,Emre Kiciman"
"Shion Guha,Michael J. Muller,N. Sadat Shami,Mikhil Masli,Werner Geyer"
"Diyi Yang,Aaron Halfaker,Robert E. Kraut,Eduard H. Hovy"
"Muhammad Bilal Zafar,Krishna P. Gummadi,Cristian Danescu-Niculescu-Mizil"
"Erik Aumayr,Conor Hayes"
"Simon Hegelich,Dietmar Janetzko"
"Aris Anagnostopoulos,Fabio Petroni,Mara Sorella"
"L. Elisa Celis,Peter M. Krafft,Nathan Kobe"
"Orianna DeMasi,Douglas Mason,Jeff Ma"
"Parantapa Bhattacharya,Niloy Ganguly"
"Pascal Van Hentenryck,Andrés Abeliuk,Franco Berbeglia,Felipe Maldonado,Gerardo Berbeglia"
"Ryota Kobayashi,Renaud Lambiotte"
"Nasser Alsaedi,Pete Burnap,Omer F. Rana"
"Sang-Jun Yea,Sejin Kim,John-Michaël To,Jae-Gil Lee 0001"
"Daniele Quercia,Luca Maria Aiello,Rossano Schifanella"
"Thibault Gisselbrecht,Sylvain Lamprier,Patrick Gallinari"
"Chunfeng Yang,Yipeng Zhou,Dah Ming Chiu"
"Anbang Xu,Haibin Liu,Liang Gou,Rama Akkiraju,Jalal Mahmud,Vibha Sinha,Yuheng Hu,Mu Qiao"
"Momin M. Malik,Jürgen Pfeffer"
"Andrew Yates,Nazli Goharian,Ophir Frieder"
"Haewoon Kwak,Jisun An"
"Ayelet Ben-Sasson,Dan Pelleg,Elad Yom-Tov"
"Leqi Liu,Daniel Preotiuc-Pietro,Zahra Riahi Samani,Mohsen Ebrahimi Moghaddam,Lyle H. Ungar"
"Ziyu Lu,Nikos Mamoulis,Evaggelia Pitoura,Panayiotis Tsaparas"
"Clare Llewellyn,Laura Cram"
"Gang Wang 0011,Sarita Yardi Schoenebeck,Haitao Zheng 0001,Ben Y. Zhao"
"Benjamin Shulman,Amit Sharma,Dan Cosley"
"Tianran Hu,Haoyuan Xiao,Jiebo Luo,Thuy-vy Thi Nguyen"
"Tatjana Scheffler,Christopher C. M. Kyba"
"Dong Wang 0002,Jermaine Marshall,Chao Huang 0001"
"Andrew Yates,Jonah Joselow,Nazli Goharian"
"Soumajit Pramanik,Midhun Gundapuneni,Sayan Pathak,Bivas Mitra"
"Yu Wang 0041,Jiebo Luo,Richard Niemi,Yuncheng Li,Tianran Hu"
"Saul Vargas,Richard McCreadie,Craig MacDonald,Iadh Ounis"
"Jisun An,Ingmar Weber"
"Chenhao Tan,Adrien Friggeri,Lada A. Adamic"
"Danish,Yogesh Dahiya,Partha P. Talukdar"
"Quanzhi Li,Xiaomo Liu,Rui Fang,Armineh Nourbakhsh,Sameena Shah"
"Saifuddin Ahmed,Kokil Jaidka,Marko M. Skoric"
"Hannah Jean Miller,Jacob Thebault-Spieker,Shuo Chang,Isaac L. Johnson,Loren G. Terveen,Brent J. Hecht"
"Edward Daniel Newell,Stefan Dimitrov,Andrew Piper,Derek Ruths"
"Ana Levordashka,Sonja Utz,Renee Ambros"
"Changtao Zhong,Nicolas Kourtellis,Nishanth R. Sastry"
"Sai Teja Peddinti,Keith W. Ross,Justin Cappos"
"Jinxue Zhang,Xia Hu,Yanchao Zhang,Huan Liu 0001"
"Pablo Aragón,Yana Volkovich,David Laniado,Andreas Kaltenbrunner"
"Simranjit Singh Sachar,Nicholas Diakopoulos"
"Nasser Alsaedi,Pete Burnap,Omer F. Rana"
"Ethan Fast,Tina Vachovsky,Michael S. Bernstein"
"Tanushree Mitra,Scott Counts,James W. Pennebaker"
"Suhas Ranganath,Xia Hu,Jiliang Tang,Suhang Wang,Huan Liu 0001"
