"V1"
"Guanyao Li,Chun-Jie Chen,Sheng-Yun Huang,Ai-Jou Chou,Xiaochuan Gou,Wen-Chih Peng,Chih-Wei Yi"
"Amir Pouran Ben Veyseh,Javid Ebrahimi,Dejing Dou,Daniel Lowd"
"Theodore Vasiloudis,Foteini Beligianni,Gianmarco De Francisci Morales"
"Shen Liu,Hongyan Liu"
"Chenhao Xie 0002,Lihan Chen,Jiaqing Liang,Kezun Zhang,Yanghua Xiao,Hanghang Tong,Haixun Wang,Wei Wang 0009"
"Rupesh Gupta,Guanfeng Liang,Rómer Rosales"
"Quan Yuan 0001,Jingbo Shang,Xin Cao 0001,Chao Zhang 0014,Xinhe Geng,Jiawei Han 0001"
"Zhe Chen,Sasha Dadiomov,Richard Wesley,Gang Xiao,Daniel Cory,Michael J. Cafarella,Jock D. Mackinlay"
"Sridevi Baskaran,Alexander Keller 0003,Fei Chiang,Lukasz Golab,Jaroslaw Szlichta"
"Baichuan Zhang,Mohammad Al Hasan"
"Hoang Dung Vu,Kok-Soon Chai,Bryan Keating,Nurislam Tursynbek,Boyan Xu,Kaige Yang,Xiaoyan Yang,Zhenjie Zhang"
"Jundong Li,Harsh Dani,Xia Hu,Jiliang Tang,Yi Chang 0001,Huan Liu 0001"
"Marco Cristo,Raíza Hanada,André Luiz da Costa Carvalho,Fernando Anglada Lores,Maria da Graça Campos Pimentel"
"Yuxiang Zhang,Yaocheng Chang,Xiaoqing Liu,Sujatha Das Gollapalli,Xiaoli Li 0001,Chunjing Xiao"
"Sunjae Kwon,Youngjoong Ko,Jungyun Seo"
"Minh C. Phan,Aixin Sun,Yi Tay,Jialong Han,Chenliang Li"
"Adit Krishnan,Aravind Sankar,Shi Zhi,Jiawei Han 0001"
"Qinghao Hu,Jiaxiang Wu,Lu Bai 0001,Yifan Zhang 0001,Jian Cheng 0001"
"Endong Zhu,Yanghui Rao,Haoran Xie 0001,Yuwei Liu,Jian Yin 0001,Fu Lee Wang"
"Qiongkai Xu,Qing Wang 0002,Chenchen Xu,Lizhen Qu"
"Evgeny Kharlamov,Luca Giacomelli,Evgeny Sherkhonov,Bernardo Cuenca Grau,Egor V. Kostylev,Ian Horrocks"
"Nina Hubig,Linnea Passing,Maximilian E. Schüle,Dimitri Vorona,Alfons Kemper,Thomas Neumann 0001"
"Yu Zhang 0044,Wei Wei 0019,Binxuan Huang,Kathleen M. Carley,Yan Zhang"
"Gaurav Baruah,Richard McCreadie,Jimmy Lin"
"Xuntao Cheng,Bingsheng He,Xiaoli Du,Chiew Tong Lau"
"Wei Zhao,Wei Xu,Min Yang 0007,Jianbo Ye,Zhou Zhao,Yabing Feng,Yu Qiao 0001"
"Hoang Tam Vo,Lenin Mehedy,Mukesh K. Mohania,Ermyas Abebe"
"Sutapa Mondal,Manish Shukla 0001,Sachin Lodha"
"Arun V. Sathanur,Sutanay Choudhury,Cliff A. Joslyn,Sumit Purohit"
"Jiajun Cheng,Shenglin Zhao,Jiani Zhang 0001,Irwin King,Xin Zhang 0018,Hui Wang 0030"
"Yixuan Tang,Weilong Huang,Qi Liu,Anthony K. H. Tung,Xiaoli Wang,Jisong Yang,Beibei Zhang"
"Mohammad Hossein Namaki,Yinghui Wu,Qi Song,Peng Lin,Tingjian Ge"
"Zhao Meng,Lili Mou,Zhi Jin"
"Joyce Jiyoung Whang,Inderjit S. Dhillon"
"Nguyen Lu Dang Khoa,Ali Anaissi,Yang Wang"
"Yoonsuk Kang,Yong-Yeon Jo,Jaehyuk Cha,Wan D. Bae,Sang-Wook Kim"
"Rishabh Mehrotra,Ahmed Hassan Awadallah,Milad Shokouhi,Emine Yilmaz,Imed Zitouni,Ahmed El Kholy,Madian Khabsa"
"Behrooz Mansouri,Mohammad Sadegh Zahedi,Maseud Rahgozar,Farhad Oroumchian,Ricardo Campos 0001"
"Sebastian Kruse 0001,David Hahn,Marius Walter,Felix Naumann"
"Jing Li,Pengjie Ren,Zhumin Chen,Zhaochun Ren,Tao Lian,Jun Ma 0001"
"Chenguang Wang,Yangqiu Song,Haoran Li 0003,Yizhou Sun,Ming Zhang 0004,Jiawei Han 0001"
"Ariyam Das,Ishan Upadhyaya,Xiangrui Meng,Ameet Talwalkar"
"Xian Teng,Yu-Ru Lin,Xidao Wen"
"Rishabh Mehrotra,Emine Yilmaz"
"Luca Soldaini,Andrew Yates,Nazli Goharian"
"Qiang Chen,Chenliang Li,Wenjie Li 0002"
"Shuo Han,Lei Zou 0001,Jeffrey Xu Yu,Dongyan Zhao 0001"
"Hongzhi Wang 0001,Xiaoou Ding,Xiangying Chen,Jianzhong Li 0001,Hong Gao 0001"
"Yao Zhang 0009,Yun Xiong,Xiangnan Kong,Yangyong Zhu"
"Hannah Bast,Björn Buchhold"
"Sara Mumtaz,Xiaoyang Wang"
"Arif Arman,Mohammed Eunus Ali,Farhana Murtaza Choudhury,Kaysar Abdullah"
"Nick G. Duffield,Yunhong Xu,Liangzhen Xia,Nesreen K. Ahmed,Minlan Yu"
"Harrie Oosterhuis,Maarten de Rijke"
"Xia Hu,Shuiwang Ji"
"Felan Carlo C. Garcia,Erees Queen B. Macabebe"
"Meng Pang,Yiu-ming Cheung,Binghui Wang,Risheng Liu"
"Hongwei Wang 0004,Jia Wang,Miao Zhao,Jiannong Cao 0001,Minyi Guo"
"Hongjian Wang 0002,Zhenhui Li"
"Ayush Patwari,Dan Goldwasser,Saurabh Bagchi"
"Wen-Haw Chong,Ee-Peng Lim"
"Bo Xu 0009,Hongfei Lin,Yuan Lin 0001,Kan Xu"
"Zai Huang,Zhen Pan,Qi Liu 0003,Bai Long,Haiping Ma,Enhong Chen"
"Siyuan Wu,Leong Hou U,Sourav S. Bhowmick,Wolfgang Gatterbauer"
"Mostafa Dehghani 0001,Sascha Rothe,Enrique Alfonseca,Pascal Fleury"
"Harrie Oosterhuis,Maarten de Rijke"
"Evgeny Kharlamov,Ognjen Savkovic,Guohui Xiao 0001,Rafael Peñaloza,Gulnar Mehdi,Mikhail Roshchin,Ian Horrocks"
"Mukul Gupta,Pradeep Kumar 0001,Rajhans Mishra"
"Wee-Yong Lim,Mong-Li Lee,Wynne Hsu"
"Miriam Cha,Youngjune Gwon,H. T. Kung 0001"
"Rupinder Paul Khandpur,Taoran Ji,Steve T. K. Jan,Gang Wang 0011,Chang-Tien Lu,Naren Ramakrishnan"
"Mengxiong Liu,Zhengchao Liu,Chao Zhang 0014,Keyang Zhang,Quan Yuan 0001,Tim Hanratty,Jiawei Han 0001"
"Sha Li,Xiaofeng Gao,Weiming Bao,Guihai Chen"
"Junxing Zhu,Jiawei Zhang 0001,Lifang He 0001,Quanyuan Wu,Bin Zhou 0004,Chenwei Zhang,Philip S. Yu"
"Yael Amsterdamer,Oded Goldreich 0002"
"Konstantina Christakopoulou,Jaya Kawale,Arindam Banerjee 0001"
"Jing Chai,Weiwei Liu 0003,Ivor W. Tsang,Xiao-Bo Shen"
"Chao Li,Yang Yang 0002,Jiewei Cao,Zi Huang"
"Shanshan Lyu,Wentao Ouyang,Huawei Shen,Xueqi Cheng"
"Tuan-Anh Hoang,Ee-Peng Lim"
"Nan Xu,Wenji Mao"
"Qi Cao,Huawei Shen,Keting Cen,Wentao Ouyang,Xueqi Cheng"
"Qingyun Wu,Hongning Wang,Liangjie Hong,Yue Shi"
"Prakash Mandayam Comar,Srinivasan H. Sengamedu"
"Dong Yuan,Guoliang Li 0001,Qi Li 0002,Yudian Zheng"
"Widad Machmouchi,Ahmed Hassan Awadallah,Imed Zitouni,Georg Buscher"
"Christophe Van Gysel,Bhaskar Mitra,Matteo Venanzi,Roy Rosemarin,Grzegorz Kukla,Piotr Grudzien,Nicola Cancedda"
"Kwang Hee Lee,Myoung-Ho Kim"
"Rui Dong,Yizhou Sun,Lu Wang 0008,Yupeng Gu,Yuan Zhong"
"Junjie Lin,Wenji Mao,Yuhao Zhang"
"Hyunsoo Kim,Young Bae Jeon,Ji Won Yoon"
"Chenyan Xiong,Zhengzhong Liu 0001,Jamie Callan,Eduard H. Hovy"
"Mohammed Hasanuzzaman,Gaël Dias,Adam Jatowt,Marten Düring,Antal van den Bosch"
"Shenghua Liu,Bryan Hooi,Christos Faloutsos"
"Changsung Moon,Paul Jones 0001,Nagiza F. Samatova"
"Jinfeng Rao,Ferhan Türe,Hua He,Oliver Jojic,Jimmy Lin"
"Xin Huang 0001,Byron Choi,Jianliang Xu,William K. Cheung,Yanchun Zhang,Jiming Liu 0001"
"Natali Ruchansky,Sungyong Seo,Yan Liu 0002"
"Mir Tafseer Nayeem,Yllias Chali"
"Satoshi Sanjo,Marie Katsurai"
"Chengyao Chen,Zhitao Wang,Wenjie Li 0002"
"Qizhen Zhang 0001,Tengyuan Ye,Meryem Essaidi,Shivani Agarwal 0001,Vincent Liu,Boon Thau Loo"
"Junting Ye,Shuchu Han,Yifan Hu,Baris Coskun,Meizhu Liu,Hong Qin,Steven Skiena"
"Manjira Sinha,Xiangnan He 0001,Alessandro Bozzon,Sandya Mannarswamy,Pradeep K. Murukannaiah,Tridib Mukherjee"
"Amin Beheshti,Boualem Benatallah,Reza Nouri,Van Munin Chhieng,HuangTao Xiong,Xu Zhao"
"Shuai An,Jun Wang 0023,Jinmao Wei,Zhenglu Yang"
"Adam Fourney,Miklós Z. Rácz,Gireeja Ranade,Markus Mobius,Eric Horvitz"
"Lingjuan Lyu,Xuanli He,Yee Wei Law,Marimuthu Palaniswami"
"Wonsung Lee,Kyungwoo Song,Il-Chul Moon"
"Shaobo Dang,Xiongcai Cai,Yang Wang 0002,Jianjia Zhang,Fang Chen 0001"
"Ahsanul Haque,Zhuoyi Wang,Swarup Chandra,Bo Dong,Latifur Khan,Kevin W. Hamlen"
"Nghia Duong-Trung,Lars Schmidt-Thieme"
"Abhirup Ghosh,Christopher Lucas 0001,Rik Sarkar"
"Muhammad Aamir Saleem,Rohit Kumar 0002,Toon Calders,Xike Xie,Torben Bach Pedersen"
"Chun Wang,Shirui Pan,Guodong Long,Xingquan Zhu,Jing Jiang 0002"
"Meng Hu,Zhixu Li,Yongxin Shen,An Liu 0002,Guanfeng Liu 0001,Kai Zheng 0001,Lei Zhao 0001"
"Natali Ruchansky,Francesco Bonchi,David García-Soriano,Francesco Gullo,Nicolas Kourtellis"
"Fabio Persia,Fabio Bettini,Sven Helmer"
"Shixin Tian,Ying Cai"
"Chen Wu,Ming Yan"
"Tong Li,Sheng Gao,Yajing Xu"
"Xiang Deng,Chaoran Cui,Huidi Fang,Xiushan Nie,Yilong Yin"
"Huandong Wang,Chen Gao,Yong Li 0008,Zhi-Li Zhang,Depeng Jin"
"Imrul Chowdhury Anindya,Harichandan Roy,Murat Kantarcioglu,Bradley A. Malin"
"Jiyi Li,Yukino Baba,Hisashi Kashima"
"Harrisen Scells,Guido Zuccon,Bevan Koopman,Anthony Deacon,Leif Azzopardi,Shlomo Geva"
"Zhen Liao,Xinying Song,Yelong Shen,Saekoo Lee,Jianfeng Gao,Ciya Liao"
"Yang-Yin Lee,Ting-Yu Yen,Hen-Hsen Huang,Hsin-Hsi Chen"
"Faezeh Ensan,Ebrahim Bagheri,Amal Zouaq,Alexandre Kouznetsov"
"Anurag Roy,Trishnendu Ghorai,Kripabandhu Ghosh,Saptarshi Ghosh 0001"
"Julia Proskurnia,Ruslan Mavlyutov,Carlos Castillo 0001,Karl Aberer,Philippe Cudré-Mauroux"
"Bin Cao 0004,Chenyu Hou,Jing Fan"
"Akshay Kansal,Francesca Spezzano"
"Yutong Wang,Yixin Xu,Min Yang 0007,Zhou Zhao,Jun Xiao 0001,Yueting Zhuang"
"Hao Wu 0011,Weiwei Sun,Baihua Zheng"
"Bing-Jie Sun,Huawei Shen,Jinhua Gao,Wentao Ouyang,Xueqi Cheng"
"Gulnar Mehdi,Evgeny Kharlamov,Ognjen Savkovic,Guohui Xiao 0001,Elem Güzel Kalayci,Sebastian Brandt 0001,Ian Horrocks,Mikhail Roshchin,Thomas A. Runkler"
"Meike Zehlike,Francesco Bonchi,Carlos Castillo 0001,Sara Hajian,Mohamed Megahed,Ricardo Baeza-Yates"
"Tao Han 0003,Hailong Sun 0001,Yangqiu Song,Zizhe Wang,Xudong Liu 0001"
"Adam Jatowt,Ricardo Campos 0001"
"Sedigheh Eslami,Asia J. Biega,Rishiraj Saha Roy,Gerhard Weikum"
"Jiaxing Tan,Alexander Kotov,Rojiar Pir Mohammadiani,Yumei Huo"
"Viet Ha-Thuc,Yan Yan,Xianren Wu,Vijay Dialani,Abhishek Gupta,Shakti Sinha"
"Minkyoung Kim,Daniel A. McFarland,Jure Leskovec"
"Yiren Wang,Dominic Seyler,Shubhra Kanti Karmaker Santu,ChengXiang Zhai"
"Wenhui Yu,Zheng Qin,Jinfei Liu,Li Xiong 0001,Xu Chen 0017,Huidi Zhang"
"Zahra Zohrevand,Uwe Glässer,Mohammad A. Tayebi,Hamed Yaghoubi Shahir,Mehdi Shirmaleki,Amir Yaghoubi Shahir"
"Haixin Jiang,Rui Zhou 0001,Limeng Zhang,Hua Wang 0002,Yanchun Zhang"
"Chiyu Cai,Linjing Li,Daniel Zeng"
"Yingfan Liu,Hong Cheng 0001,Jiangtao Cui"
"Yu Su 0001,Ahmed Hassan Awadallah,Madian Khabsa,Patrick Pantel,Michael Gamon,Mark J. Encarnación"
"Yiyang Li,Guanyu Tao,Weinan Zhang 0001,Yong Yu 0001,Jun Wang 0012"
"Jiafeng Hu,Reynold Cheng,Zhipeng Huang 0001,Yixiang Fang,Siqiang Luo"
"Hosein Azarbonyad,Mostafa Dehghani 0001,Kaspar Beelen,Alexandra Arkut,Maarten Marx,Jaap Kamps"
"Xuchao Zhang,Liang Zhao 0002,Arnold P. Boedihardjo,Chang-Tien Lu,Naren Ramakrishnan"
"Danhao Ding,Hui Li 0057,Zhipeng Huang 0001,Nikos Mamoulis"
"Jun Shi,Huan Gao,Guilin Qi,Zhangquan Zhou"
"Yiwei Wang,Mark James Carman,Yuan-Fang Li"
"Weijie Bian,Si Li 0001,Zhao Yang,Guang Chen 0003,Zhiqing Lin"
"Guixiang Ma,Lifang He 0001,Chun-Ta Lu,Weixiang Shao,Philip S. Yu,Alex D. Leow,Ann B. Ragin"
"Yuqi Wang,Jiannong Cao 0001,Lifang He 0001,Wengen Li,Lichao Sun,Philip S. Yu"
"Zhen Tan,Xiang Zhao 0002,Wei Wang 0011"
"Jiepu Jiang,James Allan"
"Yuqi Li,Weizheng Chen,Hongfei Yan"
"Prerna Khurana,Puneet Agarwal,Gautam Shroff,Lovekesh Vig,Ashwin Srinivasan 0001"
"Jiabao Sun,Jiajie Xu 0001,Kai Zheng 0001,Chengfei Liu"
"Krunal Parmar,Samuel Bushi,Sourangshu Bhattacharya,Surender Kumar"
"Yan Wang,Zongxu Qin,Jun Pang 0001,Yang Zhang 0016,Jin Xin"
"Peifeng Yin,Zhe Liu,Anbang Xu,Taiga Nakamura"
"Yixing Fan,Jiafeng Guo,Yanyan Lan,Jun Xu 0001,Liang Pang,Xueqi Cheng"
"Yi Tay,Luu Anh Tuan,Minh C. Phan,Siu Cheung Hui"
"Xiao Lin 0002,Min Zhang 0006,Yongfeng Zhang,Yiqun Liu 0001,Shaoping Ma"
"Sami Abu-El-Haija,Bryan Perozzi,Rami Al-Rfou"
"Yujie Fan,Yiming Zhang 0002,Yanfang Ye,Xin Li 0005,Wanhong Zheng"
"Bin Liu,Min Zhang 0006,Weizhi Ma,Xin Li 0016,Yiqun Liu 0001,Shaoping Ma"
"Petr Osicka,Martin Trnecka"
"Rui Wang,Wei Liu 0006,Chris McDonald"
"Baiyun Cui,Yingming Li,Yaqing Zhang,Zhongfei Zhang"
"Jia Li,Yang Cao 0012,Shuai Ma 0001"
"Yuhong Li,Dongmei Hou,Aimin Pan,Zhiguo Gong"
"Thông T. Nguyên,Siu Cheung Hui"
"Zhi-Lin Zhao,Chang-Dong Wang,Kun-Yu Lin,Jian-Huang Lai"
"Zhou Fang,Tong Yu 0001,Ole J. Mengshoel,Rajesh K. Gupta 0001"
"Jiazhi Ni,Jie Liu 0008,Chenxin Zhang,Dan Ye,Zhirou Ma"
"Ying Lu 0004,Gregor Jossé,Tobias Emrich,Ugur Demiryurek,Matthias Renz,Cyrus Shahabi,Matthias Schubert"
"Mohamed Reda Bouadjenek,Karin Verspoor,Justin Zobel"
"Mengdie Zhuang,Gianluca Demartini,Elaine G. Toms"
"Shuguang Zhu,Xiang Cheng 0003,Sen Su,Shuang Lang"
"Jung Hyuk Seo,Myoung Ho Kim"
"Avikalp Srivastava,Madhav Datt"
"Tao-Yang Fu,Wang-Chien Lee,Zhen Lei"
"Yusan Lin,Peifeng Yin,Wang-Chien Lee"
"Wei Chen 0070,Hongzhi Yin,Weiqing Wang 0001,Lei Zhao 0001,Wen Hua,Xiaofang Zhou 0001"
"Gaurav Singh,Iain James Marshall,James Thomas 0001,John Shawe-Taylor,Byron C. Wallace"
"Yongfeng Zhang,Qingyao Ai,Xu Chen 0017,W. Bruce Croft"
"Ruey-Cheng Chen,Leif Azzopardi,Falk Scholer"
"Ilya Markov,Alexey Borisov,Maarten de Rijke"
"Liangzhe Chen,Xinfeng Xu,Sangkeun Lee,Sisi Duan,Alfonso G. Tarditi,Supriya Chinthavali,B. Aditya Prakash"
"Xiaokai Wei,Bokai Cao,Philip S. Yu"
"Weiguo Zheng,Hong Cheng 0001,Lei Zou 0001,Jeffrey Xu Yu,Kangfei Zhao"
"Sreenivas Gollapudi,Ravi Kumar 0001,Debmalya Panigrahi,Rina Panigrahy"
"Dung D. Le,Hady W. Lauw"
"Ali Braytee,Wei Liu 0007,Daniel R. Catchpoole,Paul J. Kennedy"
"Liang Pang,Yanyan Lan,Jiafeng Guo,Jun Xu 0001,Jingfang Xu,Xueqi Cheng"
"Sia Xin Yun Suzanna,Anthony Lianjie Li"
"Guy Feigenblat,Odellia Boni,Haggai Roitman,David Konopnicki"
"Xiangyu Zhao,Jiliang Tang"
"Arash Dargahi Nobari,Negar Reshadatmand,Mahmood Neshati"
"Shuhan Yuan,Xintao Wu,Jun Li,Aidong Lu"
"Tuan M. V. Le,Hady W. Lauw"
"Muhammad Anis Uddin Nasir,Aristides Gionis,Gianmarco De Francisci Morales,Sarunas Girdzijauskas"
"Trong T. Nguyen,Hady W. Lauw"
"Steffen Remus,Manuel Kaufmann,Kathrin Ballweg,Tatiana von Landesberger,Chris Biemann"
"Yusuke Kozawa,Toshiyuki Amagasa,Hiroyuki Kitagawa"
"Jiepu Jiang,James Allan"
"Abhishek Kumar Singh,Manish Gupta 0001,Vasudeva Varma"
"Zhengjie Huang,Zi Ye,Shuangyin Li,Rong Pan"
"Xingshen Song,Yuexiang Yang,Xiaoyong Li 0002"
"Kyle Williams,Imed Zitouni"
"Xu Hu,Jun Huang 0007,Minghui Qiu"
"Scott Freitas,Hanghang Tong,Nan Cao,Yinglong Xia"
"Behzad Golshan,Evimaria Terzi"
"Mingrui Wei,Lei Cao 0004,Chris Cormier,Hui Zheng,Elke A. Rundensteiner"
"Jarana Manotumruksa,Craig Macdonald,Iadh Ounis"
"Ahmed El-Roby,Ashraf Aboulnaga"
"Meng Qu,Jian Tang 0005,Jingbo Shang,Xiang Ren 0001,Ming Zhang 0004,Jiawei Han 0001"
"Jianqiu Xu,Ralf Hartmut Güting"
"Jae-woong Lee,Jongwuk Lee"
"Zitao Liu,Milos Hauskrecht"
"Chia-An Yu,Tak-Shing Chan,Yi-Hsuan Yang"
"Maya Ekron,Tova Milo,Brit Youngmann"
"Massimo Nicosia,Alessandro Moschitti"
"Zheng Chen 0010,Xinli Yu,Bo Song,Jianliang Gao,Xiaohua Hu 0001,Wei-Shih Yang"
"Yingjie Cao,Yangyang Zhang,Jianxin Li"
"Kaiqi Zhang,Hong Gao 0001,Xixian Han,Zhipeng Cai 0001,Jianzhong Li 0001"
"Jerome White,Douglas W. Oard"
"Colin Wilkie,Leif Azzopardi"
"Xueping Weng,Guoliang Li 0001,Huiqi Hu,Jianhua Feng"
"Kaiping Zheng,Wei Wang 0059,Jinyang Gao,Kee Yuan Ngiam,Beng Chin Ooi,James Wei Luen Yip"
"Hossein Fani,Ebrahim Bagheri,Weichang Du"
"Shi Zhi,Yicheng Sun,Jiayi Liu,Chao Zhang 0014,Jiawei Han 0001"
"Elaheh Alipour Chavary,Sarah M. Erfani,Christopher Leckie"
"Yuling Shi,Zhiyong Peng,Hongning Wang"
"Dimitrios Rafailidis,Fabio Crestani"
"Soumajit Pal,Jacopo Urbani"
"Sandro Cavallari,Vincent W. Zheng,HongYun Cai,Kevin Chen-Chuan Chang,Erik Cambria"
"Jatin Arora 0001,Sumit Agrawal,Pawan Goyal,Sayan Pathak"
"Mami Kawasaki,Inho Kang,Tetsuya Sakai"
"Xiaofei Zhou,Qiannan Zhu,Ping Liu,Li Guo 0001"
"Jie Chen,Jie Shao,Fumin Shen,Chengkun He,Lianli Gao,Heng Tao Shen"
"Xin Zheng,Aixin Sun,Sibo Wang 0001,Jialong Han"
"Dong An,Liangcai Gao,Zhuoren Jiang,Runtao Liu,Zhi Tang"
"Zhiwei Wang 0001,Tyler Derr,Dawei Yin,Jiliang Tang"
"Patrick Schäfer 0001,Ulf Leser"
"Shuzi Niu,Rongzhi Zhang"
"Daizong Ding,Mi Zhang 0001,Shao-Yuan Li,Jie Tang 0001,Xiaotie Chen,Zhi-Hua Zhou"
"Roberto Panerai Velloso,Carina F. Dorneles"
"Kishaloy Halder,Min-Yen Kan,Kazunari Sugiyama"
"Alistair Moffat,Matthias Petri"
"Shengmin Jin,Reza Zafarani"
"Casper Hansen,Christian Hansen 0004,Stephen Alstrup,Christina Lioma"
"Dat Ba Nguyen,Martin Theobald,Gerhard Weikum"
"Ping Zhong,Zhanhuai Li,Qun Chen 0001,Yanyan Wang,Lianping Wang,Murtadha H. M. Ahmed,Fengfeng Fan"
"Yejin Kim,Jingyun Choi,Yosep Chong,Xiaoqian Jiang,Hwanjo Yu"
"Aditya Krishna Menon,Young Lee"
"Garima Gaur,Srikanta J. Bedathur,Arnab Bhattacharya 0001"
"Kun Qian 0002,Lucian Popa 0001,Prithviraj Sen"
"Asia J. Biega,Azin Ghazimatin,Hakan Ferhatosmanoglu,Krishna P. Gummadi,Gerhard Weikum"
"Sergey Paramonov 0001,Samuel Kolb,Tias Guns,Luc De Raedt"
"Mohamed F. Ghalwash,Ying Li,Ping Zhang 0016,Jianying Hu"
"Yuan He,Cheng Wang,Changjun Jiang"
"Wenjie Pei,Jie Yang 0028,Zhu Sun,Jie Zhang 0002,Alessandro Bozzon,David M. J. Tax"
"Yu Rong,Hong Cheng"
"Mengxiao Zhu,Charu C. Aggarwal,Shuai Ma 0001,Hui Zhang,Jinpeng Huai"
"Jiawei Zhang 0001,Limeng Cui,Philip S. Yu,Yuanhua Lv"
"Saki Ueda,Yuto Yamaguchi,Hiroyuki Kitagawa"
"Shijia E,Yang Xiang"
"Huan Yan,Tzu-Heng Lin,Gang Wang 0011,Yong Li 0008,Haitao Zheng 0001,Depeng Jin,Ben Y. Zhao"
"Samiul Anwar,Shuha Nabila,Tanzima Hashem"
"Yuxuan Song,Kan Ren,Han Cai,Weinan Zhang 0001,Yong Yu 0001"
"Ting Bai,Ji-Rong Wen,Jun Zhang,Wayne Xin Zhao"
"Yan Zhuang,Guoliang Li 0001,Zhuojian Zhong,Jianhua Feng"
"Tanay Kumar Saha,Shafiq R. Joty,Naeemul Hassan,Mohammad Al Hasan"
"Lei Gu,Liying Zhang,Yang Zhao"
"Vijaya Krishna Yalavarthi,Xiangyu Ke,Arijit Khan"
"Ruiqi Hu,Shirui Pan,Jing Jiang 0002,Guodong Long"
"Matthias Hagen,Martin Potthast,Payam Adineh,Ehsan Fatehifar,Benno Stein 0001"
"Chang Liu 0040,Yinan Zhang,Lei Liu 0003,Lizhen Cui,Dong Yuan,Chunyan Miao"
"Bang Liu,Di Niu,Kunfeng Lai,Linglong Kong,Yu Xu"
"Yi Tay,Luu Anh Tuan,Siu Cheung Hui"
"Di Yao,Chao Zhang 0014,Jian-Hui Huang,Jingping Bi"
"Jarana Manotumruksa,Craig Macdonald,Iadh Ounis"
"Thibaut Thonet,Guillaume Cabanac,Mohand Boughanem,Karen Pinel-Sauvagnat"
"Haoyu Zhang,Qin Zhang 0001"
"Yan Zhao 0008,Yang Li,Yu Wang,Han Su,Kai Zheng 0001"
"Dan Li 0015,Evangelos Kanoulas"
"Aghiles Salah,Melissa Ailem,Mohamed Nadif"
"Aman Grover,Dhruv Arya,Ganesh Venkataraman"
"Supratim Das,Arunav Mishra,Klaus Berberich,Vinay Setty"
"Keunchan Park,Jisoo Lee,Jaeho Choi"
"Norman Meuschke,Moritz Schubotz,Felix Hamborg,Tomás Skopal,Bela Gipp"
"Krishnaram Kenthapadi,Stuart Ambler,Liang Zhang 0021,Deepak Agarwal"
"Suhang Wang,Charu C. Aggarwal,Jiliang Tang,Huan Liu 0001"
"Changsha Ma,Zhisheng Yan,Chang Wen Chen"
"Qiquan Shi,Haiping Lu,Yiu-ming Cheung"
"Chih-Yu Chao,Yi-Fan Chu,Hsiu-Wei Yang,Chuan-Ju Wang,Ming-Feng Tsai"
"Ida Mele,Seyed Ali Bahrainian,Fabio Crestani"
"Antonia Saravanou,Ioannis Katakis,George Valkanas,Vana Kalogeraki,Dimitrios Gunopulos"
"Laure Berti-Équille,Yury Zhauniarovich"
"Tianshu Lyu,Yuan Zhang,Yan Zhang"
"Marco Ponza,Paolo Ferragina,Soumen Chakrabarti"
"Hao Liu 0026,Yudian Ji,Jiang Xiao,Haoyu Tan,Qiong Luo 0001,Lionel M. Ni"
"Boxiang Dong,Zhengzhang Chen,Wendy Hui Wang,Lu-An Tang,Kai Zhang 0001,Ying Lin,Zhichun Li,Haifeng Chen"
"Jaehyung Kim,Jinuk Park,Sanghyun Park"
"Shuguang Hu,Xiaowei Wu 0001,T.-H. Hubert Chan"
"Tomás Skopal,Ladislav Peska,Gregor Kovalcík,Tomás Grosup,Jakub Lokoc"
"Yanan Zheng,Lijie Wen,Jianmin Wang 0001,Jun Yan 0001,Lei Ji"
"Xin Wang 0019,Steven C. H. Hoi,Chenghao Liu,Martin Ester"
"Edoardo Galimberti,Francesco Bonchi,Francesco Gullo"
"Guansong Pang,Hongzuo Xu,Longbing Cao,Wentao Zhao"
"Cong Yan,Alvin Cheung,Junwen Yang,Shan Lu 0001"
"Yating Zhang,Adam Jatowt,Katsumi Tanaka"
"Siqiang Luo,Jiafeng Hu,Reynold Cheng,Jing Yan,Ben Kao"
"Julien Leblay,Weiling Chen,Steven J. Lynden"
"Cheng Wang,Yujuan Fang,Zheng Tan,Yuan He"
"Eric Malmi,Aristides Gionis,Evimaria Terzi"
"Dejian Yang,Senzhang Wang,Chaozhuo Li,Xiaoming Zhang 0001,Zhoujun Li"
"Jing Zheng,Fuzhen Zhuang,Chuan Shi"
"Sai Wu,Mengdan Zhang,Gang Chen 0001,Ke Chen 0005"
"Longtao Huang,Lin Zhao,Shangwen Lv,Fangzhou Lu,Yue Zhai,Songlin Hu"
"Yu Lei 0004,Wenjie Li 0002,Ziyu Lu,Miao Zhao"
"Lucky Dhakad,Mrinal Kanti Das,Chiranjib Bhattacharyya,Samik Datta,Mihir Kale,Vivek Mehta"
"Salman Ahmed Shaikh,Hiroyuki Kitagawa"
"Changsheng Xiang,Xiaoming Jin"
"Amit Gupta,Rémi Lebret,Hamza Harkous,Karl Aberer"
"Narayan Bhamidipati,Ravi Kant,Shaunak Mishra"
"Yuying Chen,Qi Liu 0003,Zhenya Huang,Le Wu,Enhong Chen,Run-ze Wu,Yu Su 0002,Guoping Hu"
"Arpan Mandal,Kripabandhu Ghosh,Arindam Pal 0001,Saptarshi Ghosh 0001"
"Md Farhadur Rahman,Abolfazl Asudeh,Nick Koudas,Gautam Das 0001"
"Nikhil Garg,Vijay Kamble,Ashish Goel,David Marn,Kamesh Munagala"
"Santiago R. Balseiro,Anthony Kim,Mohammad Mahdian,Vahab S. Mirrokni"
"David Carmel,Liane Lewin-Eytan,Alex Libov,Yoelle Maarek,Ariel Raviv"
"Enrico Mariconti,Jeremiah Onaolapo,Syed Sharique Ahmad,Nicolas Nikiforou,Manuel Egele,Nick Nikiforakis,Gianluca Stringhini"
"Srijan Kumar,Justin Cheng,Jure Leskovec,V. S. Subrahmanian"
"Sandra Servia Rodríguez,Kiran K. Rachuri,Cecilia Mascolo,Peter J. Rentfrow,Neal Lathia,Gillian M. Sandstrom"
"Philipp Singer,Florian Lemmerich,Robert West 0001,Leila Zia,Ellery Wulczyn,Markus Strohmaier,Jure Leskovec"
"Ellery Wulczyn,Nithum Thain,Lucas Dixon"
"Osama Haq,Mamoon Raja,Fahad R. Dogar"
"Minglai Shao,Jianxin Li,Feng Chen 0001,Hongyi Huang,Shuai Zhang,Xunxun Chen"
"Ali Pinar,C. Seshadhri,Vaidyanathan Vishal"
"Maulik R. Kamdar,Mark A. Musen"
"Elias P. Papadopoulos,Michalis Diamantaris,Panagiotis Papadopoulos,Thanasis Petsas,Sotiris Ioannidis,Evangelos P. Markatos"
"Qian Zhao,Yue Shi,Liangjie Hong"
"Tim Althoff,Eric Horvitz,Ryen W. White,Jamie Zeitzer"
"Cheng-Kang Hsieh,Longqi Yang,Yin Cui,Tsung-Yi Lin,Serge J. Belongie,Deborah Estrin"
"Christoph Trattner,David Elsweiler"
"Karthik Subbian,B. Aditya Prakash,Lada A. Adamic"
"Adam Fourney,Meredith Ringel Morris,Ryen W. White"
"Oleksii Starov,Nick Nikiforakis"
"Hiranya Jayathilaka,Chandra Krintz,Rich Wolski"
"Xin Wang 0019,Steven C. H. Hoi,Martin Ester,Jiajun Bu,Chun Chen 0001"
"Ying-Chun Lin,Chi-Hsuan Huang,Chu-Cheng Hsieh,Yu-Chen Shu,Kun-Ta Chuang"
"Liangda Li,Hongbo Deng,Anlei Dong,Yi Chang 0001,Ricardo Baeza-Yates,Hongyuan Zha"
"Tsubasa Takahashi 0001,Bryan Hooi,Christos Faloutsos"
"David Goldberg 0001,Andrew Trotman,Xiao Wang,Wei Min,Zongru Wan"
"Muhammad Bilal Zafar,Isabel Valera,Manuel Gomez-Rodriguez,Krishna P. Gummadi"
"Bhaskar Mitra,Fernando Diaz 0001,Nick Craswell"
"Qingyao Ai,Susan T. Dumais,Nick Craswell,Daniel J. Liebling"
"Karol Wegrzycki,Piotr Sankowski,Andrzej Pacuk,Piotr Wygocki"
"Alexander Konovalov 0003,Benjamin Strauss,Alan Ritter,Brendan O'Connor"
"Avradeep Bhowmik,Joydeep Ghosh"
"Wei Emma Zhang,Quan Z. Sheng,Jey Han Lau,Ermyas Abebe"
"Henrique Moniz,João Leitão 0001,Ricardo J. Dias,Johannes Gehrke,Nuno M. Preguiça,Rodrigo Rodrigues 0001"
"Giovanni Campagna,Rakesh Ramesh,Silei Xu,Michael Fischer 0010,Monica S. Lam"
"Fengli Xu,Zhen Tu,Yong Li 0008,Pengyu Zhang,Xiaoming Fu 0001,Depeng Jin"
"Shuochao Yao,Shaohan Hu,Yiran Zhao,Aston Zhang,Tarek F. Abdelzaher"
"Charalampos Mavroforakis,Isabel Valera,Manuel Gomez-Rodriguez"
"Sourav Dutta 0001,Pratik Nayek,Arnab Bhattacharya 0001"
"Mengting Wan,Di Wang,Matthew Goldman,Matt Taddy,Justin Rao,Jie Liu 0001,Dimitrios Lymberopoulos,Julian J. McAuley"
"Sanae Rosen,Bo Han 0001,Shuai Hao,Zhuoqing Morley Mao,Feng Qian 0001"
"Shaodian Zhang,Tian Kang,Lin Qiu,Weinan Zhang 0001,Yong Yu 0001,Noémie Elhadad"
"Jun Hu,Ping Li 0001"
"Rahmtin Rotabi,Cristian Danescu-Niculescu-Mizil,Jon M. Kleinberg"
"Marco Brambilla 0001,Stefano Ceri,Emanuele Della Valle,Riccardo Volonterio,Felix Xavier Acero Salazar"
"Noam Nisan,Gali Noti"
"Jack Hessel,Lillian Lee,David M. Mimno"
"Sihem Amer-Yahia,Sofia Kleisarchaki,Naresh Kumar Kolloju,Laks V. S. Lakshmanan,Ruben H. Zamar"
"Hamed Zamani,Michael Bendersky,Xuanhui Wang,Mingyang Zhang 0001"
"HyeongSik Kim,Padmashree Ravindra,Kemafor Anyanwu"
"Qian Zhang 0016,Nicola Perra,Daniela Perrotta,Michele Tizzoni,Daniela Paolotti,Alessandro Vespignani"
"Alessandro Epasto,Silvio Lattanzi,Sergei Vassilvitskii,Morteza Zadimoghaddam"
"Marian-Andrei Rizoiu,Lexing Xie,Scott Sanner,Manuel Cebrián,Honglin Yu,Pascal Van Hentenryck"
"Julia Proskurnia,Marc-Allen Cartright,Lluis Garcia Pueyo,Ivo Krka,James B. Wendt,Tobias Kaufmann,Balint Miklos"
"Jin-woo Kwon,Soo-Mook Moon"
"Dimitris Serbos,Shuyao Qi,Nikos Mamoulis,Evaggelia Pitoura,Panayiotis Tsaparas"
"Tuan-Anh Nguyen Pham,Xutao Li,Gao Cong"
"Vahab S. Mirrokni,Hamid Nazerzadeh"
"Charalampos E. Tsourakakis,Jakub Pachocki,Michael Mitzenmacher"
"Huayi Li,Geli Fei,Shuai Wang 0020,Bing Liu 0001,Weixiang Shao,Arjun Mukherjee,Jidong Shao"
"Gareth Tyson,Shan Huang,Félix Cuadrado,Ignacio Castro,Vasile Claudiu Perta,Arjuna Sathiaseelan,Steve Uhlig"
"Zhengxing Chen,Su Xue,John Kolen,Navid Aghdaie,Kazi A. Zaman,Yizhou Sun,Magy Seif El-Nasr"
"Wei Chen 0013,Shang-Hua Teng"
"Shweta Jain 0003,C. Seshadhri"
"Maximilien Danisch,T.-H. Hubert Chan,Mauro Sozio"
"Albert van der Linde,Pedro Fouto,João Leitão 0001,Nuno M. Preguiça,Santiago J. Castiñeira,Annette Bieniusa"
"Alex Beutel,Ed Huai-hsin Chi,Zhiyuan Cheng 0002,Hubert Pham,John R. Anderson"
"Yoshihiko Suhara,Yinzhan Xu,Alex 'Sandy' Pentland"
"Dolière Francis Somé,Nataliia Bielova,Tamara Rezk"
"Seongsoon Kim,Seongwoon Lee,Donghyeon Park,Jaewoo Kang"
"Zhijing Li 0001,Ana Nika,Xinyi Zhang,Yanzi Zhu,Yuanshun Yao,Ben Y. Zhao,Haitao Zheng 0001"
"Aneesh Sharma,C. Seshadhri,Ashish Goel"
"Yaguang Li,Han Su,Ugur Demiryurek,Bolong Zheng,Tieke He,Cyrus Shahabi"
"Leye Wang,Dingqi Yang,Xiao Han 0001,Tianben Wang,Daqing Zhang 0001,Xiaojuan Ma"
"Xiang Ren 0001,Zeqiu Wu,Wenqi He,Meng Qu,Clare R. Voss,Heng Ji,Tarek F. Abdelzaher,Jiawei Han 0001"
"Abhijnan Chakraborty,Saptarshi Ghosh 0001,Niloy Ganguly,Krishna P. Gummadi"
"Dimitar Dimitrov,Philipp Singer,Florian Lemmerich,Markus Strohmaier"
"Cinar Kilcioglu,Justin M. Rao,Aadharsh Kannan,R. Preston McAfee"
"Naoto Ohsaka,Yuichi Yoshida"
"Claudia Wagner,Philipp Singer,Fariba Karimi 0001,Jürgen Pfeffer,Markus Strohmaier"
"Kyungtae Kim,I Luk Kim,Chung Hwan Kim,Yonghwi Kwon,Yunhui Zheng,Xiangyu Zhang 0001,Dongyan Xu"
"Yuan Lin 0003,Wei Chen,Zhongzhi Zhang"
"Qian Cui,Guy-Vincent Jourdan,Gregor von Bochmann,Russell Couturier,Iosif-Viorel Onut"
"Brunella Spinelli,L. Elisa Celis,Patrick Thiran"
"Long Chen 0008,Joemon M. Jose,Haitao Yu 0003,Fajie Yuan"
"Ferda Ofli,Yusuf Aytar,Ingmar Weber,Raggi al Hammouri,Antonio Torralba 0001"
"Denis Lukovnikov,Asja Fischer,Jens Lehmann 0001,Sören Auer"
"Ajaya Neupane,Nitesh Saxena,Leanne M. Hirshfield"
"Chao Zhang 0014,Keyang Zhang,Quan Yuan 0001,Haoruo Peng,Yu Zheng 0004,Tim Hanratty,Shaowen Wang,Jiawei Han 0001"
"Chenyan Xiong,Russell Power,Jamie Callan"
"Yilin Wang,Jiliang Tang,Jundong Li,Baoxin Li,Yali Wan,Clayton Mellina,Neil O'Hare,Yi Chang 0001"
"Christopher A. Wilkens,Ruggiero Cavallo,Rad Niazadeh"
"David Carmel,Liane Lewin-Eytan,Alex Libov,Yoelle Maarek,Ariel Raviv"
"Chanyoung Park,Dong Hyun Kim,Jinoh Oh,Hwanjo Yu"
"Jan Deriu,Aurélien Lucchi,Valeria De Luca,Aliaksei Severyn,Simon Müller,Mark Cieliebak,Thomas Hofmann,Martin Jaggi"
"Nate Veldt,Anthony Ian Wirth,David F. Gleich"
"Jiani Zhang 0001,Xingjian Shi,Irwin King,Dit-Yan Yeung"
"Rebecca S. Portnoff,Sadia Afroz,Greg Durrett,Jonathan K. Kummerfeld,Taylor Berg-Kirkpatrick,Damon McCoy,Kirill Levchenko,Vern Paxson"
"Xiangnan He 0001,Lizi Liao,Hanwang Zhang,Liqiang Nie,Xia Hu,Tat-Seng Chua"
"Ido Guy,Avihai Mejer,Alexander Nus,Fiana Raiber"
"Milijana Surbatovich,Jassim Aljuraidan,Lujo Bauer,Anupam Das 0001,Limin Jia 0001"
"Rahmtin Rotabi,Krishna Kamath,Jon M. Kleinberg,Aneesh Sharma"
"Xinsheng Li,K. Selçuk Candan,Maria Luisa Sapino"
"Lin Gong,Benjamin Haines,Hongning Wang"
"Cheng Li 0012,Jiaqi Ma 0001,Xiaoxiao Guo,Qiaozhu Mei"
"George Berry,Sean J. Taylor"
"Sungchul Kim,Nikhil Kini,Jay Pujara,Eunyee Koh,Lise Getoor"
"Mayank Kejriwal,Pedro A. Szekely"
"Xiaokai Wei,Linchuan Xu,Bokai Cao,Philip S. Yu"
"Siddhartha Banerjee,Sreenivas Gollapudi,Kostas Kollias,Kamesh Munagala"
"Liye Fu,Lillian Lee,Cristian Danescu-Niculescu-Mizil"
"Vasileios Lampos,Bin Zou 0006,Ingemar Johansson Cox"
"Minh X. Hoang,Xuan-Hong Dang,Xiang Wu,Zhenyu Yan 0001,Ambuj K. Singh"
"Julia Proskurnia,Przemyslaw A. Grabowicz,Ryota Kobayashi,Carlos Castillo 0001,Philippe Cudré-Mauroux,Karl Aberer"
"Cuong Xuan Chu,Niket Tandon,Gerhard Weikum"
"Valentin Dalibard,Michael Schaarschmidt,Eiko Yoneki"
"Mengwei Xu,Yun Ma 0002,Xuanzhe Liu,Felix Xiaozhu Lin,Yunxin Liu"
"Wei Wu 0011,Bin Li 0015,Ling Chen 0006,Chengqi Zhang"
"Andrés Abeliuk,Gerardo Berbeglia,Pascal Van Hentenryck,Tad Hogg,Kristina Lerman"
"Ravi Kumar 0001,Maithra Raghu,Tamás Sarlós,Andrew Tomkins"
"Jessica Su,Ansh Shukla,Sharad Goel,Arvind Narayanan"
"Xiang Li 0067,Yao Wu,Martin Ester,Ben Kao,Xin Wang 0019,Yudian Zheng"
"David Stück,Haraldur Tómas Hallgrímsson,Greg Ver Steeg,Alessandro Epasto,Luca Foschini"
"Min Hong Yun,Songtao He,Lin Zhong 0001"
"Jinyuan Jia,Binghui Wang,Le Zhang 0006,Neil Zhenqiang Gong"
"Li Chang,Hsu-Chun Hsiao,Wei Jeng,Tiffany Hyun-Jin Kim,Wei-Hsi Lin"
"Roy Ka-Wei Lee,Tuan-Anh Hoang,Ee-Peng Lim"
"Charles L. A. Clarke,Gordon V. Cormack,Jimmy J. Lin,Adam Roegiest"
"Priya Govindan,Chenghong Wang,Chumeng Xu,Hongyu Duan,Sucheta Soundarajan"
"Iskander Sánchez-Rola,Davide Balzarotti,Igor Santos"
"Yuli Liu,Yiqun Liu 0001,Ke Zhou 0003,Min Zhang 0006,Shaoping Ma"
"Dominik Kowald,Subhash Chandra Pujari,Elisabeth Lex"
"Abdalghani Abujabal,Mohamed Yahya,Mirek Riedewald,Gerhard Weikum"
"Daniela Perrotta,Michele Tizzoni,Daniela Paolotti"
"Takanori Maehara,Hirofumi Suzuki,Masakazu Ishihata"
"Gilad Asharov,Francesco Bonchi,David García-Soriano,Tamir Tassa"
"Milivoj Simeonovski,Giancarlo Pellegrino,Christian Rossow,Michael Backes 0001"
"Ping Li 0001,Cun-Hui Zhang"
"Yashen Wang,Heyan Huang,Chong Feng"
"Suhang Wang,Yilin Wang,Jiliang Tang,Kai Shu,Suhas Ranganath,Huan Liu 0001"
"Zhixuan Fang,Longbo Huang,Adam Wierman"
"Luca Soldaini,Elad Yom-Tov"
"Chao-Yuan Wu,Amr Ahmed,Gowtham Ramani Kumar,Ritendra Datta"
"Kathy Lee,Ashequl Qadir,Sadid A. Hasan,Vivek V. Datla,Aaditya Prakash,Joey Liu,Oladimeji Farri"
"Zheqian Chen,Ben Gao,Huimin Zhang,Zhou Zhao,Haifeng Liu,Deng Cai 0001"
"Camille Cobb,Tadayoshi Kohno"
"Danny Yuxing Huang,Doug Grundman,Kurt Thomas,Abhishek Kumar,Elie Bursztein,Kirill Levchenko,Alex C. Snoeren"
"Haoyu Wang 0001,Zhe Liu,Yao Guo 0001,Xiangqun Chen,Miao Zhang,Guoai Xu,Jason I. Hong"
"Shiyu Chang,Yang Zhang 0001,Jiliang Tang,Dawei Yin,Yi Chang 0001,Mark A. Hasegawa-Johnson,Thomas S. Huang"
"Ruggiero Cavallo,Prabhakar Krishnamurthy,Maxim Sviridenko,Christopher A. Wilkens"
"Simon Walk,Lisette Espin Noboa,Denis Helic,Markus Strohmaier,Mark A. Musen"
"Alexey Drutsa,Gleb Gusev,Pavel Serdyukov"
"Immanuel Bayer,Xiangnan He 0001,Bhargav Kanagal,Steffen Rendle"
"Behzad Tabibian,Isabel Valera,Mehrdad Farajtabar,Le Song,Bernhard Schölkopf,Manuel Gomez-Rodriguez"
"Aaron Archer,Silvio Lattanzi,Peter Likarish,Sergei Vassilvitskii"
"Adam Bates 0001,Wajih Ul Hassan,Kevin R. B. Butler,Alin Dobra,Bradley Reaves,Patrick T. Cable II,Thomas Moyer,Nabil Schear"
"Chaoshun Zuo,Zhiqiang Lin"
"Peizhe Cheng,Shuaiqiang Wang,Jun Ma 0001,Jiankai Sun,Hui Xiong 0001"
"Xiaohan Li,Shu Wu,Liang Wang 0001"
"Deepak Kumar 0006,Zane Ma,Zakir Durumeric,Ariana Mirian,Joshua Mason,J. Alex Halderman,Michael Bailey"
"Lingyu Zhang,Tao Hu,Yue Min,Guobin Wu,Junying Zhang,Pengcheng Feng,Pinghua Gong,Jieping Ye"
"Tingjin Luo,Weizhong Zhang,Shang Qiu,Yang Yang,Dongyun Yi,Guangtao Wang,Jieping Ye,Jie Wang 0005"
"Thomas Vandal,Evan Kodra,Sangram Ganguly,Andrew R. Michaelis,Ramakrishna R. Nemani,Auroop R. Ganguly"
"Debjyoti Paul,Feifei Li 0001,Murali Krishna Teja,Xin Yu,Richie Frost"
"Bin Tong,Martin Klinkigt,Makoto Iwayama,Toshihiko Yanase,Yoshiyuki Kobayashi,Anshuman Sahu,Ravigopal Vennelakanti"
"Yin Lou,Mikhail Obukhov"
"Paul Power,Héctor Ruiz,Xinyu Wei,Patrick Lucey"
"Panagiotis Mandros,Mario Boley,Jilles Vreeken"
"Reuven Cohen,Liran Katzir 0001,Aviv Yehezkel"
"Fedor Borisyuk,Liang Zhang 0021,Krishnaram Kenthapadi"
"Chao Zhang 0014,Liyuan Liu,Dongming Lei,Quan Yuan 0001,Honglei Zhuang,Tim Hanratty,Jiawei Han 0001"
"Parikshit Shah,Akshay Soni,Troy Chevalier"
"Shinji Ito,Ryohei Fujimaki"
"Zhengming Xing,Sunshine Hillygus,Lawrence Carin"
"Zilong Bai,Peter B. Walker,Anna E. Tschiffely,Fei Wang 0001,Ian Davidson"
"Martin Saveski,Jean Pouget-Abadie,Guillaume Saint-Jacques,Weitao Duan,Souvik Ghosh,Ya Xu,Edoardo M. Airoldi"
"Tianyi Wu,Shinya Sugawara,Kenji Yamanishi"
"Justin Sybrandt,Michael Shtutman,Ilya Safro"
"Fan Yang 0076,Ajinkya Kale,Yury Bubnov,Leon Stein,Qiaosong Wang,M. Hadi Kiapour,Robinson Piramuthu"
"Qiaoling Liu,Faizan Javed,Vachik S. Dave,Ankita Joshi"
"Boxin Du,Si Zhang,Nan Cao,Hanghang Tong"
"Ian Fox,Lynn Ang,Mamta Jaiswal,Rodica Pop-Busui,Jenna Wiens"
"Makoto Yamada,Wenzhao Lian,Amit Goyal,Jianhui Chen,Kishan Wimalawarne,Suleiman A. Khan,Samuel Kaski,Hiroshi Mamitsuka,Yi Chang 0001"
"Alban Siffer,Pierre-Alain Fouque,Alexandre Termier,Christine Largouët"
"Anuj Karpatne,Vipin Kumar"
"Hesam Salehian,Patrick D. Howell,Chul Lee"
"Fei Wu 0007,Pranay Anchuri,Zhenhui Li"
"Yizhou Yan,Lei Cao 0004,Caitlin Kuhlman,Elke A. Rundensteiner"
"Tao Li 0001,Yexi Jiang,Chunqiu Zeng,Bin Xia 0003,Zheng Liu 0001,Wubai Zhou,Xiaolong Zhu,Wentao Wang 0006,Liang Zhang,Jun Wu,Li Xue,Dewei Bao"
"Haoyu Zhang,Qin Zhang 0001"
"Shichen Liu,Fei Xiao,Wenwu Ou,Luo Si"
"Tom Hope,Joel Chan,Aniket Kittur,Dafna Shahaf"
"Huayu Li,Martin Renqiang Min,Yong Ge,Asim Kadav"
"David Hallac,Youngsuk Park,Stephen P. Boyd,Jure Leskovec"
"Muhan Zhang,Yixin Chen"
"Chen Avin,Zvi Lotker,Yinon Nahum,David Peleg"
"Aman Agarwal,Soumya Basu 0003,Tobias Schnabel,Thorsten Joachims"
"Seyyed Abbas Hosseini,Keivan Alizadeh,Ali Khodadadi,Ali Arabzadeh,Mehrdad Farajtabar,Hongyuan Zha,Hamid R. Rabiee"
"Kun Kuang,Peng Cui 0001,Bo Li 0064,Meng Jiang 0001,Shiqiang Yang"
"Zhe Zhang,Beibei Li"
"Xuejian Wang,Lantao Yu,Kan Ren,Guanyu Tao,Weinan Zhang 0001,Yong Yu 0001,Jun Wang 0012"
"Polina Rozenshtein,Nikolaj Tatti,Aristides Gionis"
"Himabindu Lakkaraju,Jon M. Kleinberg,Jure Leskovec,Jens Ludwig,Sendhil Mullainathan"
"Ryan Spring,Anshumali Shrivastava"
"Junxian He,Zhiting Hu,Taylor Berg-Kirkpatrick,Ying Huang,Eric P. Xing"
"Davis W. Blalock,John V. Guttag"
"Yu Shi,Po-Wei Chan,Honglei Zhuang,Huan Gui,Jiawei Han 0001"
"Daniel N. Hill,Houssam Nassif,Yi Liu 0033,Anand Iyer,S. V. N. Vishwanathan"
"Chenglong Wang,Feijun Jiang,Hongxia Yang"
"Linyun Yu,Peng Cui 0001,Chaoming Song,Tianyang Zhang,Shiqiang Yang"
"Xiucheng Li,Yun Cheng,Gao Cong,Lisi Chen"
"Kewei Cheng,Jundong Li,Huan Liu 0001"
"Nicole Eikmeier,David F. Gleich"
"Ian En-Hsu Yen,Xiangru Huang,Wei Dai 0003,Pradeep Ravikumar,Inderjit S. Dhillon,Eric P. Xing"
"Pedro Chahuara,Nicolas Grislain,Grégoire Jauvion,Jean-Michel Renders"
"Riccardo Guidotti,Anna Monreale,Mirco Nanni,Fosca Giannotti,Dino Pedreschi"
"Yizhou Yan,Lei Cao 0004,Elke A. Rundensteiner"
"Zhaobin Kuang,Peggy L. Peissig,Vítor Santos Costa,Richard Maclin,David Page"
"Chenzi Zhang,Fan Wei,Qin Liu,Zhihao Gavin Tang,Zhenguo Li"
"Emaad A. Manzoor,Leman Akoglu"
"Ari Kobren,Nicholas Monath,Akshay Krishnamurthy,Andrew McCallum"
"Xiaoli Li 0013,Jun Huan"
"Guangxu Xun,Yaliang Li,Jing Gao 0004,Aidong Zhang"
"Hwanjun Song,Jae-Gil Lee 0001,Wook-Shin Han"
"Peifeng Yin,Ping Luo 0001,Taiga Nakamura"
"Kai Zhang 0001,Chuanren Liu,Jie Zhang 0012,Hui Xiong 0001,Eric P. Xing,Jieping Ye"
"Yuxiao Dong,Nitesh V. Chawla,Ananthram Swami"
"Xiaowei Jia,Ankush Khandelwal,Guruprasad Nayak,James Gerber,Kimberly Carlson,Paul C. West,Vipin Kumar"
"Kijung Shin,Bryan Hooi,Jisu Kim,Christos Faloutsos"
"Bronwyn Woods,David Adamson,Shayne Miel,Elijah Mayfield"
"Defu Lian,Rui Liu,Yong Ge,Kai Zheng 0001,Xing Xie 0001,Longbing Cao"
"Hongke Zhao,Hefu Zhang,Yong Ge,Qi Liu 0003,Enhong Chen,Huayu Li,Le Wu"
"Guo-Jun Qi,Jiliang Tang,Jingdong Wang 0001,Jiebo Luo"
"Sandeep Tata,Alexandrin Popescul,Marc Najork,Mike Colagrosso,Julian Gibbons,Alan Green,Alexandre Mah,Michael Smith 0024,Divanshu Garg,Cayden Meyer,Reuben Kan"
"Liyang Xie,Inci M. Baytas,Kaixiang Lin,Jiayu Zhou"
"Xiaopeng Li,James She"
"Tao Wu,David F. Gleich"
"Yejin Kim,Jimeng Sun,Hwanjo Yu,Xiaoqian Jiang"
"Hao Wang 0005,Yanmei Fu,Qinyong Wang,Hongzhi Yin,Changying Du,Hui Xiong 0001"
"Houping Xiao,Jing Gao 0004,Long H. Vu,Deepak S. Turaga"
"Jinghui Chen,Quanquan Gu"
"Rebecca S. Portnoff,Danny Yuxing Huang,Periwinkle Doerfler,Sadia Afroz,Damon McCoy"
"Igor Labutov,Yun Huang 0002,Peter Brusilovsky,Daqing He"
"Pavel A. Dmitriev,Somit Gupta,Dong Woo Kim,Garnet J. Vaz"
"Wei Ye 0001,Linfei Zhou,Dominik Mautz,Claudia Plant,Christian Böhm"
"Qiming Huang,Michael Zhu"
"Usama M. Fayyad,Evangelos Simoudis,Ashok Srivastava"
"Edward Raff,Charles K. Nicholas"
"Hamid Dadkhahi,Benjamin M. Marlin"
"Shumpei Okura,Yukihiro Tagami,Shingo Ono,Akira Tajima"
"Han Zhu,Junqi Jin,Chang Tan,Fei Pan,Yifan Zeng,Han Li,Kun Gai"
"Blake Anderson,David A. McGrew"
"Daniel Golovin,Benjamin Solnik,Subhodeep Moitra,Greg Kochanski,John Karro,D. Sculley"
"Xiao Qin 0003,Tabassum Kakar,Susmitha Wunnava,Elke A. Rundensteiner,Lei Cao 0004"
"Yuxiao Dong,Hao Ma,Zhihong Shen,Kuansan Wang"
"Yuxiao Dong,Reid A. Johnson,Jian Xu,Nitesh V. Chawla"
"Yutao Zhang,Robert Chen,Jie Tang 0001,Walter F. Stewart,Jimeng Sun"
"Yanxin Pan,Alexander Burnap,Jeffrey Hartley,Richard Gonzalez,Panos Y. Papalambros"
"Kyle Soska,Christopher S. Gates,Kevin A. Roundy,Nicolas Christin"
"Edward Choi,Mohammad Taha Bahadori,Le Song,Walter F. Stewart,Jimeng Sun"
"Wubai Zhou,Wei Xue,Ramesh Baral,Qing Wang 0016,Chunqiu Zeng,Tao Li 0001,Jian Xu 0009,Zheng Liu 0001,Larisa Shwartz,Genady Ya. Grabarnik"
"Saurav Ghosh,Prithwish Chakraborty,Bryan L. Lewis,Maimuna S. Majumder,Emily Cohn,John S. Brownstein,Madhav V. Marathe,Naren Ramakrishnan"
"Fenglong Ma,Chuishi Meng,Houping Xiao,Qi Li 0012,Jing Gao 0004,Lu Su,Aidong Zhang"
"Sen Yang 0002,Xin Dong 0010,Leilei Sun,Yichen Zhou,Richard A. Farneth,Hui Xiong 0001,Randall S. Burd,Ivan Marsic"
"Jie Bao 0003,Tianfu He,Sijie Ruan,Yanhua Li,Yu Zheng 0004"
"Vijay Manikandan Janakiraman,Bryan L. Matthews,Nikunj C. Oza"
"Shalini Ghosh,Ariyam Das,Phillip A. Porras,Vinod Yegneswaran,Ashish Gehani"
"Ross E. Curtis,Ahna Reza Girshick"
"Ioakeim Perros,Evangelos E. Papalexakis,Fei Wang 0001,Richard W. Vuduc,Elizabeth Searles,Michael Thompson,Jimeng Sun"
"Konstantin Bauman,Bing Liu 0001,Alexander Tuzhilin"
"Danai Koutra,Abhilash Dighe,Smriti Bhagat,Udi Weinsberg,Stratis Ioannidis,Christos Faloutsos,Jean Bolot"
"Mayank Singh 0001,Rajdeep Sarkar,Pawan Goyal,Animesh Mukherjee 0001,Soumen Chakrabarti"
"Alessio Conte,Donatella Firmani,Caterina Mordente,Maurizio Patrignani,Riccardo Torlone"
"Albert Bifet,Jiajin Zhang,Wei Fan 0001,Cheng He,Jianfeng Zhang,Jianfeng Qian,Geoff Holmes 0001,Bernhard Pfahringer"
"Toshimitsu Uesaka,Kai Morino,Hiroki Sugiura,Taichi Kiwaki,Hiroshi Murata,Ryo Asaoka,Kenji Yamanishi"
"Lujia Pan,Jianfeng Zhang,Patrick P. C. Lee,Hong Cheng,Cheng He,Caifeng He,Keli Zhang"
"Jie Zhu 0007,Ying Shan,J. C. Mao,Dong Yu,Holakou Rahmanian,Yi Zhang"
"Tom Quisel,Luca Foschini,Alessio Signorini,David C. Kale"
"Ramesh Johari,Pete Koomen,Leonid Pekelis,David Walsh 0002"
"Emre Yilmaz,Sanem Elbasi,Hakan Ferhatosmanoglu"
"Muthu Muthukrishnan,Andrew Tomkins,Larry P. Heck,Alborz Geramifard,Deepak Agarwal"
"Guojun Gan,Jimmy Xiangji Huang"
"Aleksandar Bojchevski,Yves Matkovic,Stephan Günnemann"
"Naeemul Hassan,Fatma Arslan,Chengkai Li,Mark Tremayne"
"Hoang Anh Dau,Eamonn J. Keogh"
"Meng Jiang 0001,Jingbo Shang,Taylor Cassidy,Xiang Ren 0001,Lance M. Kaplan,Timothy P. Hanratty,Jiawei Han 0001"
"Saba Emrani,Anya McGuirk,Wei Xiao"
"Inci M. Baytas,Cao Xiao,Xi Zhang,Fei Wang 0001,Anil K. Jain 0001,Jiayu Zhou"
"Jingyuan Wang,Chao Chen,Junjie Wu 0002,Zhang Xiong"
"Jian Tang,Yue Wang 0035,Kai Zheng 0002,Qiaozhu Mei"
"Xiaojun Chang,Yaoliang Yu,Yi Yang 0001"
"Alex Chojnacki,Chengyu Dai,Arya Farahi,Guangsha Shi,Jared Webb,Daniel T. Zhang,Jacob D. Abernethy,Eric M. Schwartz"
"Jun Zhou 0011,Xiaolong Li 0005,Peilin Zhao,Chaochao Chen 0001,Longfei Li,Xinxing Yang,Qing Cui,Jin Yu,Xu Chen,Yi Ding,Yuan (Alan) Qi"
"Chong Zhou,Randy C. Paffenroth"
"Elaine Angelino,Nicholas Larus-Stone,Daniel Alabi,Margo I. Seltzer,Cynthia Rudin"
"David Hallac,Sagar Vare,Stephen P. Boyd,Jure Leskovec"
"Guanjie Zheng,Susan L. Brantley,Thomas Lauvaux,Zhenhui Li"
"Sulin Liu,Sinno Jialin Pan,Qirong Ho"
"Bokai Cao,Lei Zheng 0001,Chenwei Zhang,Philip S. Yu,Andrea Piscitello,John Zulueta,Olu Ajilore,Kelly Ryan,Alex D. Leow"
"Hongxia Yang,Yada Zhu,Jingrui He"
"Kosta Ristovski,Chetan Gupta 0001,Kunihiko Harada,Hsiu-Khuern Tang"
"Samuel Maurus,Claudia Plant"
"Adrian Albert,Jasleen Kaur,Marta C. González"
"Supratim Deb,Zihui Ge,Sastry Isukapalli,Sarat C. Puthenpura,Shobha Venkataraman,He Yan,Jennifer Yates"
"Moshe Gabel,Daniel Keren,Assaf Schuster"
"Matthew Malloy,Paul Barford,Enis Ceyhun Alp,Jonathan Koller,Adria Jewell"
"Héctor Ruiz,Paul Power,Xinyu Wei,Patrick Lucey"
"Carl Yang,Lanxiao Bai,Chao Zhang 0014,Quan Yuan 0001,Jiawei Han 0001"
"Sibo Wang 0001,Renchi Yang,Xiaokui Xiao,Zhewei Wei,Yin Yang 0001"
"Keqian Li,Yeye He,Kris Ganjam"
"Raquel Y. S. Aoki,Renato Martins Assunção,Pedro O. S. Vaz de Melo"
"Junming Liu,Yanjie Fu,Jingci Ming,Yong Ren,Leilei Sun,Hui Xiong 0001"
"Yelong Shen,Po-Sen Huang,Jianfeng Gao,Weizhu Chen"
"Shen Wang 0005,Lifang He 0001,Bokai Cao,Chun-Ta Lu,Philip S. Yu,Ann B. Ragin"
"Shifu Hou,Yanfang Ye,Yangqiu Song,Melih Abdulhayoglu"
"Hao Yin,Austin R. Benson,Jure Leskovec,David F. Gleich"
"Huayu Li,Yong Ge,Hengshu Zhu,Hui Xiong 0001,Hongke Zhao"
"Usama M. Fayyad,Arno Candel,Eduardo Ariño de la Rubia,Szilárd Pafka,Anthony Chong,Jeong-Yoon Lee"
"Jen J. Gong,Tristan Naumann,Peter Szolovits,John V. Guttag"
"Kaiping Zheng,Jinyang Gao,Kee Yuan Ngiam,Beng Chin Ooi,James Wei Luen Yip"
"Joseph St. Amand,Jun Huan"
"Brendan Kitts,Michael Krishnan,Ishadutta Yadav,Yongbo Zeng,Garrett Badeau,Andrew Potter,Sergey Tolkachov,Ethan Thornburg,Satyanarayana Reddy Janga"
"Junpei Komiyama,Masakazu Ishihata,Hiroki Arimura,Takashi Nishibayashi,Shin-ichi Minato"
"Liangyue Li,Hanghang Tong,Yong Wang 0021,Conglei Shi,Nan Cao,Norbou Buchler"
"Bálint Tillman,Athina Markopoulou,Carter T. Butts,Minas Gjoka"
"Qinglong Wang,Wenbo Guo 0002,Kaixuan Zhang,Alexander G. Ororbia II,Xinyu Xing,Xue Liu 0001,C. Lee Giles"
"Amr Ahmed,James Long,Daniel Silva,Yuan Wang"
"Vasileios Iosifidis,Eirini Ntoutsi"
"Huan Zhao,Quanming Yao,Jianda Li,Yangqiu Song,Dik Lun Lee"
"Sam Corbett-Davies,Emma Pierson,Avi Feller,Sharad Goel,Aziz Huq"
"Shan You,Chang Xu 0002,Chao Xu 0006,Dacheng Tao"
"Alessandro Epasto,Silvio Lattanzi,Renato Paes Leme"
"Zi Yin,Keng-hao Chang,Ruofei Zhang"
"Chih-Ya Shen,Liang-Hao Huang,De-Nian Yang,Hong-Han Shuai,Wang-Chien Lee,Ming-Syan Chen"
"Arda Antikacioglu,R. Ravi 0001"
"Parikshit Shah,Ming Yang,Sachidanand Alle,Adwait Ratnaparkhi,Ben Shahshahani,Rohit Chandra"
"Jingwei Xu 0001,Yuan Yao 0001,Hanghang Tong,Xianping Tao,Jian Lu 0001"
"Suhang Wang,Charu C. Aggarwal,Huan Liu 0001"
"Denis Baylor,Eric Breck,Heng-Tze Cheng,Noah Fiedel,Chuan Yu Foo,Zakaria Haque,Salem Haykal,Mustafa Ispir,Vihan Jain,Levent Koc 0001,Chiu Yuen Koo,Lukasz Lew,Clemens Mewald,Akshay Naresh Modi,Neoklis Polyzotis,Sukriti Ramesh,Sudip Roy 0002,Steven Euijong Whang,Martin Wicke,Jarek Wilkiewicz,Xin Zhang,Martin Zinkevich"
"Fenglong Ma,Radha Chitta,Jing Zhou,Quanzeng You,Tong Sun,Jing Gao 0004"
"Quinten McNamara,Alejandro de la Vega,Tal Yarkoni"
"Liwei Wu,Cho-Jui Hsieh,James Sharpnack"
"Meng Qu,Xiang Ren 0001,Jiawei Han 0001"
"Yan Zheng 0001,Jeff M. Phillips"
"Yanjie Fu,Guannan Liu,Mingfei Teng,Charu C. Aggarwal"
"Dawei Zhou,Si Zhang,Mehmet Yigit Yildirim,Scott Alcorn,Hanghang Tong,Hasan Davulcu,Jingrui He"
"Gabriele Tolomei,Fabrizio Silvestri,Andrew Haines,Mounia Lalmas"
"Wang Zhan,Min-Ling Zhang"
"Yu Chen 0022,Mohammed J. Zaki"
"Saurabh Agrawal,Gowtham Atluri,Anuj Karpatne,William Haltom,Stefan Liess,Snigdhansu Chatterjee,Vipin Kumar"
"Ashlesh Sharma,Vidyuth Srinivasan,Vishal Kanchan,Lakshminarayanan Subramanian"
"Chengxi Zang,Peng Cui 0001,Christos Faloutsos,Wenwu Zhu 0001"
"Alejandro Mottini,Rodrigo Acuna-Agost"
"Yongxin Tong,Yuqiang Chen,Zimu Zhou,Lei Chen 0002,Jie Wang 0005,Qiang Yang 0001,Jieping Ye,Weifeng Lv"
"Bin Gu,Guodong Liu,Heng Huang"
"Yang Zhang,Yusu Wang,Srinivasan Parthasarathy 0001"
"Berk Ustun,Cynthia Rudin"
"Dominik Mautz,Wei Ye 0001,Claudia Plant,Christian Böhm"
"Pei Yang 0001,Qi Tan,Jingrui He"
"Yanjie Fu,Charu C. Aggarwal,Srinivasan Parthasarathy 0002,Deepak S. Turaga,Hui Xiong 0001"
"Junming Liu,Leilei Sun,Qiao Li,Jingci Ming,Yanchi Liu,Hui Xiong 0001"
"Yupeng Gu,Yizhou Sun,Jianxi Gao"
"Saket Sathe 0001,Charu C. Aggarwal"
"Yanchi Liu,Chuanren Liu,Xinjiang Lu,Mingfei Teng,Hengshu Zhu,Hui Xiong 0001"
"Qingquan Song,Xiao Huang 0001,Hancheng Ge,James Caverlee,Xia Hu"
"Cho-Jui Hsieh,Si Si,Inderjit S. Dhillon"
"Benjamin Paul Chamberlain,Ângelo Cardoso,C. H. Bryan Liu,Roberto Pagliari,Marc Peter Deisenroth"
"Heng-Tze Cheng,Zakaria Haque,Lichan Hong,Mustafa Ispir,Clemens Mewald,Illia Polosukhin,Georgios Roumpos,D. Sculley,Jamie Smith,David Soergel,Yuan Tang,Philipp Tucker,Martin Wicke,Cassandra Xia,Jianwei Xie"
"Yaniv Ovadia,Yoni Halpern,Dilip Krishnan,Josh Livni,Daniel Newburger,Ryan Poplin,Tiantian Zha,D. Sculley"
"Pengfei Wang 0008,Yanjie Fu,Guannan Liu,Wenqing Hu,Charu C. Aggarwal"
"Lu Zhang 0021,Yongkai Wu,Xintao Wu"
"Qi Wang,Mengying Sun,Liang Zhan,Paul Thompson 0001,Shuiwang Ji,Jiayu Zhou"
"Ting Chen 0007,Yizhou Sun,Yue Shi,Liangjie Hong"
"Liheng Zhang,Charu C. Aggarwal,Guo-Jun Qi"
"Abhinav Maurya,Rahul Telang"
"Ronald D. Hagan,Charles A. Phillips,Michael A. Langston,Bradley J. Rhodes"
"Dabiah Ahmed Alboaneen,Huaglory Tianfield,Yan Zhang 0047"
"Thomas Swearingen,Will Drevo,Bennett Cyphers,Alfredo Cuesta-Infante,Arun Ross,Kalyan Veeramachaneni"
"Alina Campan,Alfredo Cuzzocrea,Traian Marius Truta"
"Daniel Muller,Yiea-Funk Te"
"Xinhui Tian,Yuanqing Guo,Jianfeng Zhan,Lei Wang 0004"
"Hsin-Yu Chen,Cheng-Te Li"
"Inci Batmaz,Pinar Karagoz,Gulsah Serdar"
"Angelo Furno,Nour-Eddin El Faouzi,Rajesh Sharma,Eugenio Zimeo"
"Adam Dalton 0001,Bonnie J. Dorr,Leon Liang,Kristy Hollingshead"
"Ruizhe Ma,Soukaina Filali Boubrahimi,Shah Muhammad Hamdi,Rafal A. Angryk"
"Ashwin Kumar Vajantri,Kunwar Deep Singh Toor,Edmon Begoli,Jack Bates"
"Yin Zhang,Jiming Hu"
"Xinli Yu,Zheng Chen 0010,Wei-Shih Yang,Xiaohua Hu 0001,Erjia Yan,Guangrong Li"
"Giambattista Amati,Simone Angelini,Giorgio Gambosi,Gianluca Rossi,Paola Vocca"
"Antonella Frisiello,Quynh Nhu Nguyen,Claudio Rossi 0003"
"Hung Cao,Monica Wachowicz,Sangwhan Cha"
"Ayae Ide,Kazuya Yamashita,Yoichi Motomura,Takao Terano"
"Yoshitaka Matsuda,Yu Suzuki,Satoshi Nakamura 0001"
"Giuseppe Bruno,Demetrio Condello,Alberto Falzone,Andrea Luciani"
"Valérie Hayot-Sasson,Yongping Gao,Yuhong Yan,Tristan Glatard"
"Srinivasan Radhakrishnan,Yung-Tsun Tina Lee,Sagar V. Kamarthi"
"Aki-Hiro Sato,Shoki Nishimura,Hiroe Tsubaki"
"Mai H. Nguyen,Daniel Crawl,Jiaxin Li,Dylan Uys,Ilkay Altintas"
"Isabelle Comyn-Wattiau,Jacky Akoka"
"Aras Can Onal,Omer Berat Sezer,A. Murat Ozbayoglu,Erdogan Dogdu"
"Craig S. Wright,Antoaneta Serguieva"
"Ayae Ichinose,Atsuko Takefusa,Hidemoto Nakada,Masato Oguchi"
"Meike Klettke,Hannes Awolin,Uta Störl,Daniel Müller 0004,Stefanie Scherzinger"
"Tayfun Pay,Stephen Lucci"
"Deepak Kumar 0008,Chetan Kumar,Ming Shao"
"Takuto Sakamoto,Hiroki Takikawa"
"Masahiro Yokoyama,Takahiro Hara,Sanjay Kumar Madria"
"Pei Guo,Jianwu Wang,Zhiyuan Chen"
"Soukaina Filali Boubrahimi,Berkay Aydin,Petrus C. Martens,Rafal A. Angryk"
"Long Hoang Nguyen 0002,Andrew Salopek,Liang Zhao 0002,Fang Jin"
"Austin Graham,Yan Liang,Le Gruenwald,Christan Grant"
"Anusha Kola,Harshal More,Sean Soderman,Michael N. Gubanov"
"Ming Zeng,Tong Yu 0001,Xiao Wang,Le T. Nguyen,Ole J. Mengshoel,Ian Lane"
"Masashi Toyoda,Daisaku Yokoyama,Junpei Komiyama,Masahiko Itoh"
"Jiyang Zhang,Hanxu Hou,Kedan Li,Hui Li 0022"
"Yunming Zhang,Vladimir Kiriansky,Charith Mendis,Saman P. Amarasinghe,Matei Zaharia"
"Hidehiko Shishido,Yutaka Ito,Youhei Kawamura,Toshiya Matsui,Atsuyuki Morishima,Itaru Kitahara"
"Rene Richard,Suprio Ray"
"Mohammad Hossein Namaki,Peng Lin,Yinghui Wu"
"Maryam Bahojb Imani,Swarup Chandra,Samuel Ma,Latifur Khan,Bhavani M. Thuraisingham"
"Allard J. van Altena,Perry D. Moerland,Aeilko H. Zwinderman,Sílvia D. Olabarriaga"
"Takako Hashimoto,Hiroshi Okamoto,Tetsuji Kuboyama,Kilho Shin"
"Binyam A. Zemede,Byron J. Gao"
"Stanislav Sobolevsky,Emanuele Massaro,Iva Bojic,Juan Murillo Arias,Carlo Ratti"
"Hadeel Alghamdi,Farhana H. Zulkernine,Patrick Martin 0001"
"Jinxin Wang,Wei Shang,Zhengyang Liu,Shouyang Wang"
"Lee Wilson,Adrienne Colborne,Michael Smit"
"Alfredo Cuzzocrea,Hossain Shahriar"
"Adisak Sukul,Baskar Gopalakrishnan,Wallapak Tavanapong,David A. M. Peterson"
"A. Aziz Altowayan,Ashraf Elnagar"
"Laura Lopez-Fuentes,Claudio Rossi 0003,Harald Skinnemoen"
"Shuo Wang,Richard O. Sinnott,Surya Nepal"
"Saleena Khanna,Yuvraj S. Sethi,Akash R. Nambiar"
"Tim Marple,Bruce A. Desmarais,Kevin L. Young"
"Zaineb Chelly Dagdia,Christine Zarges,Gaël Beck,Mustapha Lebbah"
"Dongmei Guo,Jialong Zheng,Xiaolan Yang"
"Sreyasee Das Bhattacharjee,Bala Venkatram Balantrapu,William J. Tolone,Ashit Talukder"
"Vasco Furtado,Elizabeth Furtado,Carlos Caminha,André Lopes,Victor Dantas,Caio Ponte,Sofia Cavalcante"
"Hiroki Morise,Satoshi Oyama,Masahito Kurihara"
"Shaolong Sun,Shouyang Wang,Yunjie Wei,Xianduan Yang,Kwok-Leung Tsui"
"Mustafa V. Nural,Hao Peng,John A. Miller"
"Xiaomo Liu,Armineh Nourbakhsh,Quanzhi Li,Sameena Shah,Robert Martin,John Duprey"
"Tiziana Catarci,Monica Scannapieco,Marco Console,Camil Demetrescu"
"Shuhua Liu,Patrick Jansson"
"Hayden Jananthan,Ziqi Zhou,Vijay Gadepally,Dylan Hutchison,Suna Kim,Jeremy Kepner"
"Qian Zhao,Christian Klaue,Chih Lai"
"Mansurul Alam Bhuiyan,Mohammad Al Hasan"
"Guihuan Zheng,Qikun Yao,Xingfen Wang,Zhou Yang"
"Jonathan Creighton,Farhana H. Zulkernine"
"Dongbo Zhou,Hao Li,Sannyuya Liu,Bo Song,Xiaohua Tony Hu"
"Jose Luis,Guerrero Cusumano"
"Michael Mercier,David Glesser,Yiannis Georgiou,Olivier Richard"
"Jian Cao,Fangzhou Yang,Yuchang Xu,Yudong Tan,Quan-Wu Xiao"
"Yong Cai,Shaorong Liu,Jinlong Hu,Guihong Bai,Shoubin Dong"
"Gang Wu,Viswanathan Swaminathan,Saayan Mitra,Ratnesh Kumar 0001"
"Joshua Lieberman,Alan Leidner,George Percivall,Carsten Rönsdorf"
"Nicolai Pogrebnyakov,Edgar A. Maldonado"
"Sangchul Kim,Junhee Lee 0003,Taehoon Kim,Bongki Moon"
"Fangzhou Sun,Abhishek Dubey,Jules White"
"Donald D. Cowan,Paulo S. C. Alencar,Kyle Young,Bryan Smale,Ryan Erb,Fred McGarry"
"Pascal Dugenie,Nuno Freire,Daan Broeder"
"Ali Sekmen,Akram Aldroubi,Ahmet Bugra Koku,Keaton Hamm"
"Vibhuti Gupta,Rattikorn Hewett"
"Piotr Luszczek,Jakub Kurzak,Ichitaro Yamazaki,David J. Keffer,Jack J. Dongarra"
"Foteini Katsarou,Nikos Ntarmos,Peter Triantafillou"
"Chu-hua Kuei,Christian N. Madu,Picheng Lee"
"Tingyang Xu,Tan Yan,Dongjin Song,Wei Cheng 0002,Haifeng Chen,Geoff Jiang,Jinbo Bi"
"Md Hasanuzzaman Bhuiyan,Maleq Khan,Madhav Marathe"
"Rustem Dautov,Salvatore Distefano"
"Myeong Lee,Yuheng Zhang,Shiyun Chen,Edel Spencer,Jhon Dela Cruz,Hyeonggi Hong,Richard Marciano"
"Mike Lakoju,Alan Serrano"
"Kaihui Zhang,Yusuke Tanimura,Hidemoto Nakada,Hirotaka Ogawa"
"Haoyu Wang 0003,Jiaqi Gong,Yan Zhuang,Haiying Shen,John Lach"
"Duyen Do,Phuc Huynh,Phuong Vo,Tu Vu"
"Ankita R. Nambiar,Nikitha Reddy,Debojyoti Dutta"
"Er-Chen Huang,Hsing-Kuo Pao,Yuh-Jye Lee"
"Ali Sekmen,Ahmet Bugra Koku,Mustafa Parlaktuna,Ayad Abdul-Malek,Nagendrababu Vanamala"
"Don Libes,David Lechevalier,Sanjay Jain 0003"
"Santiago Villasenor,Tom Nguyen,Anusha Kola,Sean Soderman,Michael N. Gubanov"
"Thurston Sexton,Michael P. Brundage,Michael Hoffman,K. C. Morris"
"Timothy Nugent,Fabio Petroni,Natraj Raman,Lucas Carstens,Jochen L. Leidner"
"Supriyo Chakraborty,Wentao Robin Ouyang,Mani B. Srivastava"
"Simon Bin,Patrick Westphal,Jens Lehmann 0001,Axel Ngonga"
"Tong Yang 0003,Binchao Yin,Hang Li,Muhammad Shahzad 0001,Steve Uhlig,Bin Cm,Xiaoming Li 0001"
"Azim Ahmadzadeh,Dustin J. Kempton,Michael A. Schuh,Rafal A. Angryk"
"Antonios Makris,Konstantinos Tserpes,Dimosthenis Anagnostopoulos"
"Shahab Helmi,Farnoush Banaei Kashani"
"Giannis Spiliopoulos,Konstantinos Chatzikokolakis 0002,Dimitrios Zissis,Evmorfia Biliri,Dimitrios Papaspyros,Giannis Tsapelas,Spyros Mouzakitis"
"Jerzy Bala,Michael Kellar,Fred Ramberg"
"Belainine Billal,Alexsandro Fonseca,Fatiha Sadat,Hakim Lounis"
"Paul Le Noac'h,Alexandru Costan,Luc Bougé"
"Marco Brambilla 0001,Paolo Mascetti,Andrea Mauri 0001"
"Theodore G. van Kessel,Ramachandran Muralidhar,Josephine B. Chang,Jun-Song Wang,Michael A. Schappert,Hendrik F. Hamann"
"Xiaoyi Lu,Haiyang Shi,Dipti Shankar,Dhabaleswar K. Panda"
"Chin-Jung Hsu,Vincent W. Freeh,Flavio Villanustre"
"Meng-Fen Chiang,Ee-Peng Lim,Wang-Chien Lee,Agus Trisnajaya Kwee"
"Weiyi Liu,Toyotaro Suzumura,Lingli Chen,Guangmin Hu"
"Kubilay Atasu,Thomas P. Parnell,Celestine Dünner,Manolis Sifalakis,Haralampos Pozidis,Vasileios Vasileiadis,Michail Vlachos,Cesar Berrospi,Abdel Labbi"
"Christian S. Schmid,Bruce A. Desmarais"
"Ajay Dholakia,Prasad Venkatachar,Kshitij Doshi,Ravikanth Durgavajhala,Stewart Tate,Berni Schiefer,Matthew Sheard,Ramnath Sai Sagar"
"Zhicheng Liu,Jun Cao,Junyan Yang,Qiao Wang"
"Md. S. Q. Zulkar Nine,Kemal Guner,Ziyun Huang,Xiangyu Wang,Jinhui Xu 0001,Tevfik Kosar"
"Nathanael Cheriere,Gabriel Antoniu"
"Justin McHugh,Paul E. Cuddihy,Jenny Weisenberg Williams,Kareem S. Aggour,Vijay S. Kumar,Varish Mulwad"
"Iulia Popescu,Kurt Portelli,Christos Anagnostopoulos,Nikos Ntarmos"
"Bo Peng,Bingjing Zhang,Langshi Chen,Mihai Avram 0002,Robert Henschel,Craig A. Stewart,Shaojuan Zhu,Emily McCallum,Lisa Smith,Tom Zahniser,Jon Omer,Judy Qiu"
"Atsushi Yamada,Michael Peran"
"Joshua Sablatura,Bing Zhou 0002"
"Walid Shalaby,BahaaEddin AlAila,Mohammed Korayem,Layla Pournajaf,Khalifeh AlJadda,Shannon Quinn,Wlodek Zadrozny"
"Akira Umayabara,Hayato Yamana"
"Yifang Wei,Lisa Singh"
"Huayi Fang,Baijian Yang,Tonglin Zhang"
"Hanieh Alipour,Yan Liu"
"Masanori Ajito,Yasuko Kawahata,Akira Ishii"
"Xueying Guo,George Trimponias,Xiaoxiao Wang,Zhitang Chen,Yanhui Geng,Xin Liu 0002"
"Jiuyong Li,Jixue Liu,Lin Liu 0003,Thuc Duy Le,Saisai Ma,Yizhao Han"
"Hau Tran,An Nguyen,Phuong Vo,Tu Vu"
"Feng Chen 0001,Chunpai Wang,Jin-Hee Cho"
"Mehrnaz Najafi,Lifang He 0001,Philip S. Yu"
"Koyo Kobayashi,Hidehiko Shishido,Yoshinari Kameda,Itaru Kitahara"
"Tsumugi Tairaku,Akihiro Nakao,Saneyasu Yamaguchi,Masato Oguchi"
"Giuseppe Cuccu,Somayeh Danafar,Philippe Cudré-Mauroux,Martin Gassner,Stefano Bernero,Krzysztof Kryszczuk"
"Conrad M. Albrecht,Marcus Freitag,Theodore G. van Kessel,Siyuan Lu,Hendrik F. Hamann"
"Akira Ishii,Takayuki Mizuno,Yasuko Kawahata"
"Masanori Fujita,Hiroto Inoue,Takao Terano"
"HyeongSik Kim,Padmashree Ravindra,Kemafor Anyanwu"
"Benjamin E. Bagozzi,Ore Koren"
"Ian Stewart,Stevie Chancellor,Munmun De Choudhury,Jacob Eisenstein"
"Shady S. Refaat,Amira Mohamed,Haitham Abu-Rub"
"Jacob Bolewski,Stavros Papadopoulos 0001"
"Ranjeet Devarakonda,Michael Giansiracusa,Jitendra Kumar 0001,Harold Shanafield"
"Haopeng Li,Hui Li"
"Wei Hong Lee,En Tzu Wang,Arbee L. P. Chen"
"Gong Cheng 0001,Evgeny Kharlamov"
"Tai-Yeon Ku,Wan-Ki Park,Hoon Choi"
"Kasumi Kato,Atsuko Takefusa,Hidemoto Nakada,Masato Oguchi"
"Dazhi Yang,Jihoon Hong"
"Yongle Chen,Hui Li,Kejiao Li,Jiyang Zhang"
"Pankaj Goel,Aniruddha Datta,M. Sam Mannan"
"Tzung-Pei Hong,Lu-Hung Chen,Shyue-Liang Wang,Chun-Wei Lin,Bay Vo"
"Luna Xu,Seung-Hwan Lim,Min Li,Ali Raza Butt,Ramakrishnan Kannan"
"Daisaku Yokoyama,Masashi Toyoda"
"Lisa Singh,Raghu Pemmaraju"
"Xiangnan Ren,Olivier Curé,Hubert Naacke,Jérémy Lhez,Li Ke"
"Ozlem Yavanoglu,Murat Aydos"
"Jose Berengueres,Dani Castro"
"Hiroshi Tsuda,Masakazu Ando,Yu Ichifuji"
"Nancy W. Grady,Jason A. Payne,Huntley Parker"
"Paul Squires,Harold G. Kaufman,Julian Togelius,Catalina M. Jaramillo"
"Jiankun Huang,Wenjun Wu"
"Purnima Shah,Deepak B. Hiremath,Sanjay Chaudhary"
"Yizhou Yan,Lei Cao 0004,Elke A. Rundensteiner"
"Srishty Saha,Karuna P. Joshi,Renee Frank,Michael Aebig,Jiayong Lin"
"Vachik S. Dave,Nesreen K. Ahmed,Mohammad Al Hasan"
"Yasuko Kawahata,Yukari Moriyama,Shinichirou Yamada,Mingyi Sun,Taketo Kawamura"
"Dijana Kosmajac,Vlado Keselj"
"Chao Shang,Aaron Palmer,Jiangwen Sun,Ko-Shin Chen,Jin Lu,Jinbo Bi"
"Md. Wasi-ur-Rahman,Nusrat Sharmin Islam,Xiaoyi Lu,Dhabaleswar K. Panda"
"Naama Kraus,David Carmel,Idit Keidar"
"Jasmin Pielorz,Matthias Prandtstetter,Markus Straub,Christoph H. Lampert"
"Arnab Kumar Paul,Arpit Goyal,Feiyi Wang,Sarp Oral,Ali Raza Butt,Michael J. Brim,Sangeetha B. Srinivasa"
"Mark Simmons,Daniel Armstrong,Dylan Soderman,Michael N. Gubanov"
"Sheikh Motahar Naim,Arnold P. Boedihardjo,Mahmud Shahriar Hossain"
"Junhua Ding,XinChuan Li,Venkat N. Gudivada"
"Makoto Kawano,Kazuhiro Mikami,Satoshi Yokoyama,Takuro Yonezawa,Jin Nakazawa"
"Hong Yan,Zhongqiang Zhang,Jian Zou"
"Sreyasee Das Bhattacharjee,Ashit Talukder,Bala Venkatram Balantrapu"
"Ryoya Kaneko,Kohei Miyaguchi,Kenji Yamanishi"
"Chenwei Zhang,Nan Du,Wei Fan 0001,Yaliang Li,Chun-Ta Lu,Philip S. Yu"
"Jonathan Wang,Kesheng Wu,Alex Sim,Seongwook Hwangbo"
"Aloysious J. L. Lee,D. Paul,W. J. Yan,Allan N. Zhang,Mark Goh"
"Diego Granziol,Stephen J. Roberts"
"Yuan Zhang,Chen Lin,Min Chi,Julie S. Ivy,Muge Capan,Jeanne M. Huddleston"
"Ahmad Pahlavan Tafti,Ehsun Behravesh,Mehdi Assefi,Eric LaRose,Jonathan C. Badger,John Mayer,AnHai Doan,David Page,Peggy L. Peissig"
"Elena Baralis,Andrea Dalla Valle,Paolo Garza,Claudio Rossi 0003,Francesco Scullino"
"Anderson Araujo,Rubem Kalebe,Gustavo Girão,Itamir Filho,Kayo Goncalves,Bianor Neto"
"Patrick Jansson,Shuhua Liu"
"Joseph A. Cottam,Leslie M. Blaha,Dimitri Zarzhitsky,Mathew Thomas,Elliott Skomski"
"Xian Wu,Yuxiao Dong,Jun Tao 0002,Chao Huang 0001,Nitesh V. Chawla"
"Pasan Karunaratne,Masud Moshtaghi,Shanika Karunasekera,Aaron Harwood,Trevor Cohn"
"Zhiwei Zhang,Ning Chen,Jun Wang,Luo Si"
"Hui Li,Jiawei Hu,Huajun Ma,Ting Huang"
"Diego Marron,Eduard Ayguadé,José R. Herrero,Jesse Read,Albert Bifet"
"Nenad Stojanovic,Marko Dinic,Ljiljana Stojanovic"
"Philipp Baumann,Dorit S. Hochbaum,Quico Spaen"
"Asif Iqbal,Mathias Ekstedt,Hanan Alobaidli"
"Paulo S. C. Alencar,Donald D. Cowan,Douglas W. Mulholland,Bruce MacVicar,Simon Courtenay,Stephen Murphy,Fred McGarry"
"Ugur Sopaoglu,Osman Abul"
"Alexander Heifetz,Vaikkunth Mugunthan,Lalana Kagal"
"Yixuan Qiu,Wutao Wei"
"Juan A. Colmenares,Reza Dorrigiv,Daniel G. Waddington"
"Shuyin Xia,Guoyin Wang 0001,Yunsheng Liu,Qun Liu,Hong Yu 0007"
"Heather M. Reed,Richard P. Vinci,Corbin Robeck,Trevor Verdonik,Michael Pires,Maria Castro,Wojciech Z. Misiolek,Christina Viau Haden"
"Monika Nawrocka,Marcin Lukowski"
"Darlan Arruda,Nazim H. Madhavji"
"Naoki Kobayashi,Masaki Matsubara,Keishi Tajima,Atsuyuki Morishima"
"Yoshiko Yasumura,Hiroki Imabayashi,Hayato Yamana"
"Agniva Banerjee,Karuna Pande Joshi"
"Tianqing Zhu,Ping Xiong,Gang Li 0009,Wanlei Zhou,Philip S. Yu"
"Anne M. Denton,Arighna Roy"
"T. F. Kennedy,Robert S. Provence,James L. Broyan,Patrick W. Fink,Phong H. Ngo,Lazaro D. Rodriguez"
"Ioannis Giannakopoulos,Dimitrios Tsoumakos,Nectarios Koziris"
"Ovidiu-Cristian Marcu,Alexandru Costan,Gabriel Antoniu,María S. Pérez-Hernández,Radu Tudoran,Stefano Bortoli,Bogdan Nicolae"
"Yimin Chen,Jin Wen"
"Masanori Takano,Hiroki Mizukami,Fujio Toriumi,Makoto Takeuchi,Kazuya Wada,Masahiro Yasuda,Ichiro Fukiida"
"Yuzuki Furuhashi,Masaki Matsubara,Atsuyuki Morishima"
"Luca Venturini,Evelina Di Corso"
"Baoxin Zhao,Chengzhong Xu 0001,Siyuan Liu"
"Dinesh C. Verma,Graham A. Bent"
"Xiaoyan Zhuo,Jialing Zhang,Seung Woo Son 0001"
"Murat Mustafa Tunç,Alexandru Valcov,Allan N. Zhang,Wenjing Yan,Rong Wen"
"Qingqing Zhang,Darren Jian,Rui Xu,Wei Dai,Ying Liu"
"Mohammed Alawad,Hong-Jun Yoon,Georgia D. Tourassi"
"Lina Yu,Hengle Jiang,Hongfeng Yu,Chi Zhang 0013,Josiah Mcallister,Dandan Zheng"
"Ichitaro Yamazaki,Stanimire Tomov,Jack J. Dongarra"
"Mahsa Badami,Olfa Nasraoui,Wenlong Sun,Patrick Shafto"
"Imtiaz Ullah,Qusay H. Mahmoud"
"Anirban Das,Min-Yi Shen,Jisheng Wang"
"Tsumugi Tairaku,Akihiro Nakao,Saneyasu Yamaguchi,Masato Oguchi"
"Mohiuddin Solaimani,Sayeed Salam,Latifur Khan,Patrick T. Brandt,Vito D'Orazio"
"Conrad Bielski,V. O'Brien,C. Whitmore,Kaisa Riikka Ylinen,I. Juga,P. Nurmi,Juha Pekka Kilpinen,I. Porras,J. M. Sole,P. Gamez,M. Navarro,Azra Alikadic,Andrea Gobbi,Cesare Furlanello,Gunter Zeug,M. Weirathe,J. Martinez,R. Yuste,S. Castro,V. Moreno,T. Velin,Claudio Rossi 0003"
"Jim Pivarski,Peter Elmer,Brian Bockelman,Zhe Zhang 0003"
"Florian Demesmaeker,Amine Ghrab,Siegfried Nijssen,Sabri Skhiri"
"Yunjie Wei,Xun Zhang 0001,Shouyang Wang"
"Shaunak D. Bopardikar,George S. Eskander Ekladious"
"Federico Perrotta,Tony Parry,Luís C. Neves"
"Ibrahim Kok,Mehmet Ulvi Simsek,Suat Özdemir"
"Qian Fu,John M. Easton"
"Zhili Lin,Kedan Li,Hanxu Hou,Xin Yang,Hui Li 0022"
"Xuefeng Peng,Yiming Pan,Jiebo Luo"
"Yiming Pan,Xuefeng Peng,Tianran Hu,Jiebo Luo"
"Seraphin B. Calo,Maroun Touma,Dinesh C. Verma,Alan Cullen"
"Bingjing Jia,Bin Wu,Jinna Lv,Pengpeng Zhou,Yao Bu,Ying Xing"
"Daniel Yue Zhang,Dong Wang 0002,Yang Zhang 0031"
"Bethany G. Anderson,Christopher J. Prom,Kevin Hamilton,James A. Hutchinson,Mark Sammons,Alex Dolski"
"Adrienne Colborne,Michael Smit"
"Sheng Li 0001,Yun Fu 0001"
"Bipin Karunakaran,Debdipto Misra,Kyle Marshall,Dhruv Mathrawala,Shravan Kethireddy"
"Iulian Voicu,Denis Kouame"
"Michael Kranzlein,Dan Chia-Tien Lo"
"Jinsei Shima,Mitsuo Yoshida 0001,Kyoji Umemura"
"Benjamin Flesch,Ravi Vatrapu,Raghava Rao Mukkamala"
"Haiyan Yu,Kun Xiang,Jiang Yu"
"Maaike de Boer,Barry Nouwt,Michael van Bekkum"
"Kyoichi Ito,Masaki Ito,Kosuke Miyazaki,Keishi Tanimoto,Kaoru Sezaki"
"Yasar Khan,Antoine Zimmermann,Alokkumar Jha,Dietrich Rebholz-Schuhmann,Ratnesh Sahay"
"Jacob Montiel,Albert Bifet,Talel Abdessalem"
"Yong Oh Lee,Jun Jo,Jongwoon Hwang"
"Hu Xu,Sihong Xie,Lei Shu 0004,Philip S. Yu"
"Akinori Abe,Yuki Hayashi"
"I-Cheng Chang,Yudi Pratama Halim,Chun-Man Lin"
"Chengzhi Lu,Kejiang Ye,Guoyao Xu,Cheng-Zhong Xu 0001,Tongxin Bai"
"Fernando Maymi,Robert Bixler,Randolph M. Jones,Scott D. Lathrop"
"Gene P. K. Wu,Keith C. C. Chan"
"Ashish Tapdiya,Daniel Fabbri"
"Lei Huang,Weijia Xu,Si Liu,Venktesh Pandey,Natalia Ruiz-Juri"
"Christoph A. Keller,Mathew J. Evans,J. Nathan Kutz,Steven Pawson"
"Amin Majd,Elena Troubitsyna"
"Daniel Muller,Yiea-Funk Te,Pratiksha Jain"
"Hannu Reittu,Ilkka Norros"
"Wutao Wei,Le Zhang,Qi Ding,Bingrou Zhou"
"Javier Mata,Ignacio de Miguel,Ramón J. Durán,Juan Carlos Aguado,Noemí Merayo,Lidia Ruiz-Perez,Patricia Fernández,Rubén M. Lorenzo,Evaristo J. Abril"
"Axel Oehmichen,Florian Guitton,Kai Sun 0005,Jean Grizet,Thomas Heinis,Yike Guo"
"Xiao Meng,Lukasz Golab"
"Yizhou Zang,Xiaohua Hu 0001"
"Imtiaz Ullah,Qusay H. Mahmoud"
"Hasan Kurban,Mehmet M. Dalkilic"
"Xing Su 0002,Yuan Yao 0001,Qing He,Jie Lu,Hanghang Tong"
"Matthew L. Dering,Conrad S. Tucker"
"Zohreh Pourzolfaghar,Markus Helfert,Viviana Angely Bastidas Melo,Ahmad Khalilijafarabad"
"Kaine Black,Monica Wachowicz,Alec Parise"
"Hiroki Takikawa,Kikuko Nagayoshi"
"Aekyeung Moon,Jaeyoung Kim,Jialing Zhang,Hang Liu,Seung Woo Son 0001"
"Maurizio Montagnuolo,Alberto Messina,Nicolo Bidotti,Paolo Platter,Alessio Bosca"
"Natascha Harth,Christos Anagnostopoulos"
"Haohua Sun Yin,Ravi Vatrapu"
"Alexander Acker,Florian Schmidt 0006,Anton Gulenko,Reinhard Kietzmann,Odej Kao"
"Hui Zhang 0006,Yiwen Zhong,Juan Lin"
"Fahima Amin Bhuyan,Shiyong Lu,Ishtiaq Ahmed,Jia Zhang 0001"
"Yiran Zhao,Shuochao Yao,Shaohan Hu,Shiyu Chang,Raghu K. Ganti,Mudhakar Srivatsa,Shen Li,Tarek F. Abdelzaher"
"Andrea Gobbi,Azra Alikadic,Kaisa Riikka Ylinen,Federico Angaramo,Cesare Furlanello"
"Aritra Mandal,Mohammad Al Hasan"
"Wanghu Chen,Xintian Li,Jing Li,Jianwu Wang"
"Bo Dong,Yifan Li,Yang Gao 0027,Ahsanul Haque,Latifur Khan,Mohammad M. Masud"
"Jacopo Longhini,Claudio Rossi 0003,Claudio Casetti,Federico Angaramo"
"Mitsuki Murase,Masanori Takano,Reiji Suzuki,Takaya Arita"
"Seraphin B. Calo,Emil Lupu,Elisa Bertino,Saritha Arunkumar,Gregory H. Cirincione,Brian Rivera,Alan Cullen"
"Dazhi Yang,Allan N. Zhang,Wenjing Yan"
"Adil Alim,Aparna Joshi,Feng Chen 0001,Catherine T. Lawson"
"Chaochao Chen 0001,Xinxing Yang,Li Wang 0056,Jun Zhou 0011,Xiaolong Li 0005"
"Paul G. Flikkema,Morgan Vigil-Hayes"
"Mehdi Assefi,Ehsun Behravesh,Guangchi Liu,Ahmad Pahlavan Tafti"
"Jason Radford,Luke Horgan,David Lazer"
"Ailun Ye,Venkata L. Raju Chinthalapati,Antoaneta Serguieva,Edward P. K. Tsang"
"Kenta Yamada,Takayuki Mizuno"
"Aurora González-Vidal,Alfonso P. Ramallo-González,Fernando Terroso-Saenz,Antonio F. Skarmeta"
"Jianfeng Jia,Chen Li 0001,Michael J. Carey 0001"
"Anuja Tike,Sanket Tavarageri"
"Md. Maksudul Alam,Kalyan S. Perumalla"
"Xuan Zhou,Wenjun Wu 0001,Yong Han"
"Ye Ouyang,Zhongyuan Li,Le Su,Wenyuan Lu,Zhenyi Lin"
"Martino Trevisan,Idilio Drago,Marco Mellia,Maurizio M. Munafò"
"Kouki Hayashi,Eiichi Umehara,Yuuki Ogawa"
"Warut D. Vijitbenjaronk,Jinho Lee,Toyotaro Suzumura,Gabriel Tanase"
"Chen Li 0027,Annisa,Asif Zaman,Yasuhiko Morimoto"
"Janakiram Dharanipragada,Srikant Padala,Balaji Kammili,Vikram Kumar"
"Hoang Anh Dau,Diego Furtado Silva,François Petitjean,Germain Forestier,Anthony J. Bagnall,Eamonn J. Keogh"
"Xuchao Zhang,Liang Zhao 0002,Zhiqian Chen,Arnold P. Boedihardjo,Jing Dai,Chang-Tien Lu"
"Anahita Davoudi,Mainak Chatterjee"
"Michael Nelson,Sridhar Radhakrishnan,Amlan Chatterjee,Chandra N. Sekharan"
"Hirohiko Suwa,Yuki Ogawa,Eiichi Umehara,Kento Kakigi,Keiichi Yasumoto,Tatsuo Yamashita,Kota Tsubouchi"
"Xiaowei Jia,Yifan Hu,Ankush Khandelwal,Anuj Karpatne,Vipin Kumar"
"Xibo Zhou,Ye Ding,Fengchao Peng,Qiong Luo 0001,Lionel M. Ni"
"Jingyuan Zhang,Chun-Ta Lu,Bokai Cao,Yi Chang 0001,Philip S. Yu"
"Leonardo Maria Millefiori,Paolo Braca,Gianfranco Arcieri"
"Hung Tran-The,Koji Zettsu"
"Celestine Dünner,Thomas P. Parnell,Kubilay Atasu,Manolis Sifalakis,Haralampos Pozidis"
"Josh Jia-Ching Ying,Po-Yu Huang,Chih-Kai Chang,Don-Lin Yang"
"Kwan Hui Lim 0001,Shanika Karunasekera,Aaron Harwood"
"Xiaochi Zhou,Vinícius Amaral,John D. Albertson"
"Lili Xu,Edin Muharemagic,Amy W. Apon"
"Giuseppe Bruno,Demetrio Condello,Alberto Falzone,Andrea Luciani"
"Lovedeep Gondara,Ke Wang 0001"
"Daniel Xie,Jiejun Xu,Tsai-Ching Lu"
"Ning Liu,Soundar R. T. Kumara,Eric Reich"
"Lina Yu,Michael L. Rilee,Yu Pan,Feiyu Zhu,Kwo-Sen Kuo,Hongfeng Yu"
"Haoye Lu,Anand Srinivasan,Amiya Nayak"
"Mohammed Eslami,George Zheng,Hamed Eramian,Georgiy Levchuk"
"Zhou Fa,Guang-Gang Geng,Zhiwei Yan,Xiaodong Lee"
"Takuya Yonezawa,Ismail Arai,Toyokazu Akiyama,Kazutoshi Fujikawa"
"Masahiro Kazama,Viviane Takahashi"
"Nora Alkhamees,Maria Fasli"
"Haya Shajaiah,Ahmed Abdelhadi,Charles Clancy"
"Ankit Desai,Sanjay Chaudhary"
"Xuefeng Peng,Jiebo Luo,Catherine Glenn,Li-Kai Chi,Jingyao Zhan"
"Roohollah Etemadi,Jianguo Lu"
"Andrii Shalaginov,Jan William Johnsen,Katrin Franke"
"Francesco Tarasconi,Michela Farina,Antonio Mazzei,Alessio Bosca"
"Chung Ming Cheung,Palash Goyal,Viktor K. Prasanna,Arash Saber Tehrani"
"Stephen Bonner,John Brennan,Ibad Kureshi,Georgios Theodoropoulos 0001,Andrew Stephen McGough,Boguslaw Obara"
"Ilir Fetai,Alexander Stiemer,Heiko Schuldt"
"Panagiotis Liakos,Alexandros Ntoulas,Alex Delis"
"Marco Vogt 0001,Alexander Stiemer,Heiko Schuldt"
"Philipp Zehnder,Dominik Riemer"
"Sarasi Lalithsena,Sujan Perera,Pavan Kapanipathi,Amit P. Sheth"
"Jianbo Yuan,Han Guo,Zhiwei Jin,Hongxia Jin,Xianchao Zhang,Jiebo Luo"
"Yunpeng Li,Heng Zhang 0010,Utpal Roy,Y. Tina Lee"
"Christophe Cérin,Jean-Luc Gaudiot,Mustapha Lebbah,Fouste Yuehgoh"
"Shuo Wang,Richard O. Sinnott,Surya Nepal"
"Dominik Slezak,Agnieszka Chadzynska-Krasowska,Joel Holland,Piotr Synak,Rick Glick,Marcin Perkowski"
"Michel Généreux,Bryor Snejfella,Marta Maslej"
"Mickael Figueredo,Nélio Cacho,Antonio Thome,Andréa Cacho,Frederico Lopes,Maria Valeria Araujo"
"Cuong Nguyen,Charles Lovering,Rodica Neamtu"
"Limeng Cui,Jiawei Zhang 0001,Zhensong Chen 0001,Yong Shi 0001,Philip S. Yu"
"Emmanuel Nii Martey,Ahmed Lasisi,Nii O. Attoh-Okine"
"Tariq Abughofa,Farhana H. Zulkernine"
"Nigel Pugh,Lauren B. Davis"
"Thomas Kitson,Paula Olaya,Elizabeth Racca,Michael R. Wyatt II,Mario Guevara,Rodrigo Vargas,Michela Taufer"
"Chuishi Meng,Yu Cui,Qing He,Lu Su,Jing Gao"
"Gürdal Ertek,Xu Chi,Allan N. Zhang,Sobhan Asian"
"Antara Palit,Mudhakar Srivatsa,Raghu K. Ganti,Christopher Simpkin"
"Jhu-Sin Luo,Dan Chia-Tien Lo"
"Lorenzo De Stefani,Erisa Terolli,Eli Upfal"
"Erisa Karafili,Emil C. Lupu,Alan Cullen,Bill Williams,Saritha Arunkumar,Seraphin B. Calo"
"Sam Wood,Rohit Muthyala,Yi Jin,Yixing Qin,Nilaj Rukadikar,Amit Rai,Hua Gao"
"Tsau Young Lin,Pierre Vachon"
"Naoya Shibahara,Ryoma Kondo,Masayuki Iwai"
"Zheng Chen 0010,Xinli Yu,Chi Zhang,Jin Zhang,Cui Lin,Bo Song,Jianliang Gao,Xiaohua Hu 0001,Wei-Shih Yang,Erjia Yan"
"Shah Muhammad Hamdi,Dustin Kempton,Ruizhe Ma,Soukaina Filali Boubrahimi,Rafal A. Angryk"
"Ebad Ahmadzadeh,Philip K. Chan"
"Hasan Kurban,Can Kockan,Mark Jenne,Mehmet M. Dalkilic"
"Shouji Fujimoto,Atushi Ishikawa,Takayuki Mizuno"
"Marek Grzegorowski,Andrzej Janusz,Dominik Slezak,Marcin S. Szczuka"
"Pouria Pirzadeh,Michael J. Carey 0001,Till Westmann"
"Alina Lazar,Ling Jin,C. Anna Spurlock,Kesheng Wu,Alex Sim"
"Nguyen Vo,Kyumin Lee,Thanh Tran 0005"
"Lars Arge,Mathias Rav,Svend C. Svendsen,Jakob Truelsen"
"Yasue Kishino,Koh Takeuchi,Yoshinari Shirai,Futoshi Naya,Naonori Ueda"
"Alex Kaplunovich,Yelena Yesha"
"Yueyao Wang,Qinmin Hu,Yang Song 0010,Liang He 0001"
"Kangsoo Jung,Seog Park"
"Shashank Gugnani,Xiaoyi Lu,Houliang Qi,Li Zha,Dhabaleswar K. Panda"
"Pegah Nokhiz,Fengjun Li"
"Lin Huo,Xiaoli Sun"
"Sheng Li 0001,Hongfu Liu,Zhiqiang Tao,Yun Fu 0001"
"Vincent Reniers,Dimitri Van Landuyt,Ansar Rafique,Wouter Joosen"
"Naomi Simumba,Suguru Okami,Naohiko Kohtake"
"Andrew Halterman,Jill Irvine,Manar Landis,Phanindra Jalla,Yan Liang,Christan Grant,Mohiuddin Solaimani"
"Richard de Groof,Haiping Xu"
"Dapeng Dong,John Herbert"
"Ahmad M. Mustafa,Gbadebo Ayoade,Khaled Al-Naami,Latifur Khan,Kevin W. Hamlen,Bhavani M. Thuraisingham,Frederico Araujo"
"Hyun-Chul Lee,Tong-Il Jang,Kwangsu Moon"
"Keren Ouaknine,Michael J. Carey 0001"
"Zhou Yang,Long Hoang Nguyen 0002,Joshua Stuve,Guofeng Cao,Fang Jin"
"Colleen Heinemann,Talita Perciano,Daniela Ushizima,E. Wes Bethel"
"Darlan Arruda,Nazim H. Madhavji"
"Takeaki Uno,Hiroki Maegawa,Takanobu Nakahara,Yukinobu Hamuro,Ryo Yoshinaka,Makoto Tatsuta"
"Simon Marcin,André Csillaghy"
"Anja Evelyn Amundsen,Kenneth M. Ovens"
"Sebastian Trinks,Carsten Felden"
"Shilpa Balan,Nishant Shristiraj,Vrunda Shah,Anusha Manjappa"
"Chuxu Zhang,Lu Yu 0006,Xiangliang Zhang 0001,Nitesh V. Chawla"
"Haekyu Park,Jinhong Jung,U Kang"
"Nikos Zacheilas,Stathis Maroulis,Vana Kalogeraki"
"Yang Jiao,Jérémie Jakubowicz"
"Tatsuru Kobayashi,Shin Matsushima,Taito Lee,Kenji Yamanishi"
"William Underwood,Richard Marciano,Sandra Laib,Carl Apgar,Luis Beteta,Waleed Falak,Marisa Gilman,Riss Hardcastle,Keona Holden,Yun Huang,David Baasch,Brittni Ballard,Tricia Glaser,Adam Gray,Leigh Plummer,Zeynep Diker,Mayanka Jha,Aakanksha Singh,Namrata Walanj"
"Tianqi Xia,Xuan Song,Dou Huang,Satoshi Miyazawa,Zipei Fan,Renhe Jiang,Ryosuke Shibasaki"
"Xi Zhang,Yu Zeng,Xiao-Bo Jin,Zhiwei Yan,Guang-Gang Geng"
"Thaleia Dimitra Doudali,Ioannis Konstantinou,Nectarios Koziris"
"Alessandro Lulli,Luca Oneto,Davide Anguita"
"Martin Ringsquandl,Evgeny Kharlamov,Daria Stepanova 0001,Steffen Lamparter,Raffaello Lepratti,Ian Horrocks,Peer Kröger"
"Ravi Santosh Arvapally,Hasan Hicsasmaz,Wally Lo Faro"
"Yusuf Arslan,Aysenur Birturk,Bekjan Djumabaev,Dilek Küçük"
"Liling Li,Tyler Danner,Jesse Eickholt,Erin McCann,Kevin Pangle,Nicholas Johnson"
"Fengchao Peng,Yudian Ji,Qiong Luo 0001,Lionel M. Ni"
"Mohammad Asghari,Cyrus Shahabi"
"Nadiya Straton,Raghava Rao Mukkamala,Ravi Vatrapu"
"Mohammed Eslami,George Zheng,Hamed Eramian,Georgiy Levchuk"
"Rong Wen,Wenjing Yan,Allan N. Zhang"
"Russell Chen,Miao Chen,Mahendrasinh Ramsinh Jadav,Joonsuk Bae,Don Matheson"
"Hyunjong Lee,Youngin Jo,Sanghyuk Chun,Kwangseob Kim"
"Panote Siriaraya,Yuriko Yamaguchi,Mimpei Morishita,Yoichi Inagaki,Reyn Y. Nakamoto,Jianwei Zhang 0002,Junichi Aoi,Shinsuke Nakajima"
"Giannis V. Koumoutsos,Maria Fasli,Ian Lewin,David Milward"
"Thanasis Schoinas,Ghulam Qadir"
"Ismini Lourentzou,Alex Morales,ChengXiang Zhai"
"Shohei Shirataki,Saneyasu Yamaguchi"
"Jun Hu,Yuxin Wang,Ping Li 0001"
"Georgios Touloupas,Ioannis Konstantinou,Nectarios Koziris"
"Poonam Goyal,Jagat Sesh Challa,Shivin Shrivastava,Navneet Goyal"
"Shaaban Abbady,Cheng-Yuan Ke,Jennifer Lavergne,Jian Chen 0032,Vijay V. Raghavan 0001,Ryan Benton"
"Ramyar Saeedi,Skyler Norgaard,Assefaw Hadish Gebremedhin"
"Keiko Tamura,Naoshi Hirata"
"Levente J. Klein,Theodore G. van Kessel,Dhruv Nair,Ramachandran Muralidhar,Nigel Hinds,Hendrik F. Hamann,Norma Sosa"
"Xuchao Zhang,Zhiqian Chen,Liang Zhao 0002,Arnold P. Boedihardjo,Chang-Tien Lu"
"Lixin Liu,Jun Chen"
"Yangwen Yu,James Jian Qiao Yu,Victor O. K. Li,Jacqueline C. K. Lam"
"Max Ferguson,Ronay Ak,Yung-Tsun Tina Lee,Kincho H. Law"
"Xiaoni Duan,Keishi Tajima"
"Ran Tan,Rada Chirkova,Vijay Gadepally,Timothy G. Mattson"
"Han Qin,Kit Riehle,Haozhen Zhao"
"Rishi Chhatwal,Nathaniel Huber-Fliflet,Robert Keeling,Jianping Zhang,Haozhen Zhao"
"Walid Shalaby,Wlodek Zadrozny"
"Cheng-Chin Tu,Mi-Yen Yeh,Tei-Wei Kuo"
"Ruth Bearden,Dan Chia-Tien Lo"
"Nathaniel Payne,Jason R. Baron"
"Chenxiao Wang,Jason Arenson,Florian Helff,Le Gruenwald,Laurent d'Orazio"
"Youngho Kim,Petros Zerfos,Vadim Sheinin,Nancy Greco"
"Daniel Rajchwald,Natasha Markuzon,Edoardo M. Airoldi"
"Lichao Sun,Xiaokai Wei,Jiawei Zhang 0001,Lifang He 0001,Philip S. Yu,Witawas Srisa-an"
"Sina Gholamian,Wojciech M. Golab,Paul A. S. Ward"
"Ahmet Küçük,Berkay Aydin,Rafal A. Angryk"
"Kishlay Jha,Guangxu Xun,Vishrawas Gopalakrishnan,Aidong Zhang"
"Ziwei Zhu,Weijia Xu,Wei He"
"Martin Koehler,Alex Bogatu,Cristina Civili,Nikolaos Konstantinou 0001,Edward Abel,Alvaro A. A. Fernandes,John A. Keane,Leonid Libkin,Norman W. Paton"
"Alfredo Cuzzocrea,Fabio Martinelli,Francesco Mercaldo,Gianni Vercelli"
"Sunitha Basodi,Berkay Aydin,Rafal A. Angryk"
"Takahiro Komamizu,Jin Nakazawa,Toshiyuki Amagasa,Hiroyuki Kitagawa,Hideyuki Tokuda"
"Syed Yousaf Shah,Zengwen Yuan,Songwu Lu,Petros Zerfos"
"Shahab Tayeb,Matin Pirouz,Gabriel Esguerra,Kimiya Ghobadi,Jimson Huang,Robin Hill,Derwin Lawson,Stone Li,Tiffany Zhan,Justin Zhan,Shahram Latifi"
"Thomas Papastergiou,Vasileios Megalooikonomou"
"Tugce Dongel,Yasemin Timar"
"Kwan Hui Lim 0001,Shanika Karunasekera,Aaron Harwood,Lucia Falzon"
"Tse-Yu Pan,Yi-Zhu Dai,Wan-Lun Tsai,Min-Chun Hu 0001"
"Minggang Wang,André L. M. Vilela,Lixin Tian,Hua Xu,Ruijin Du"
"Xiaodong Yu,Kaixi Hou,Hao Wang 0002,Wu-chun Feng"
"Nirupama Appiktala,Miao Chen,Michael Natkovich,Joshua J. Walters"
"Gokberk Serin,M. Ugur Gudelek,A. Murat Ozbayoglu,Hakki Özgür Ünver"
"Shahab Tayeb,Matin Pirouz,Brittany Cozzens,Richard Huang,Maxwell Jay,Kyle Khembunjong,Sahan Paliskara,Felix Zhan,Mark Zhang,Justin Zhan,Shahram Latifi"
"Luca Vassio,Marco Mellia,Flavio Figueiredo,Ana Paula Couto da Silva,Jussara M. Almeida"
"Dinesh C. Verma,Geeth de Mel"
"Jose Cadena,Saliya Ekanayake,Anil Vullikanti"
"Helge Holzmann,Vinay Goel,Emily Novak Gustainis"
"Guyue Han,Harish Sethu"
"Sergiy Peredriy,Deovrat Kakde,Arin Chaudhuri"
"Shahab Tayeb,Matin Pirouz,Johann Sun,Kaylee Hall,Andrew Chang,Jessica Li,Connor Song,Apoorva Chauhan,Michael Ferra,Theresa Sager,Justin Zhan,Shahram Latifi"
"Domitille Couloumb,Charbel El Kaed,Ayush Garg 0004,Chris Healey,Jonathan Healey,Stuart Sheehan"
"Sung Whan Jeon,Hye Jin Lee,Sungzoon Cho"
"Goutam Mylavarapu,Johnson P. Thomas"
"Yuki Ito,Ryo Matsumiya,Toshio Endo"
"Bilal Akil,Ying Zhou,Uwe Röhm"
"Sumit Purohit,Sutanay Choudhury,Lawrence B. Holder"
"Isuf Deliu,Carl Leichter,Katrin Franke"
"Suchismit Mahapatra,Varun Chandola"
"Quan Jin,Kun Guo,Yi Sun"
"Christine Balili,Aviv Segev,Uichin Lee"
"Michalis Papakostas,Konstantinos Tsiakas,Theodoros Giannakopoulos,Fillia Makedon"
"Alexander Ulanov,Manish Marwah,Mijung Kim,Roshan Dathathri,Carlos Zubieta,Jun Li"
"Philipp Zehnder,Dominik Riemer"
"Ferosh Jacob,Ilamgumaran Karunanithi,Pramod Salian,Ravi Sambhu"
"Emre Göynügür,Murat Sensoy,Geeth de Mel"
"Masahiko Itoh,Daisaku Yokoyama,Masashi Toyoda,Masaru Kitsuregawa"
"Jeffrey S. Saltz,Ivan Shamshurin"
"Ilia Pietri,Yannis Chronis,Yannis E. Ioannidis"
"Joichiro Kon,Naoki Mizusawa,Ayaka Umezawa,Saneyasu Yamaguchi,Jian Tao"
"Robert A. Bridges,Jessie D. Jamieson,Joel W. Reed"
"Evelina Di Corso,Francesco Ventura,Tania Cerquitelli"
"Toshimichi Wakabayashi,Yasuko Kawahata,Akira Ishii"
"Xianjun Shen,Xianchao Zhu,Xingpeng Jiang,Li Gao,Tingting He,Xiaohua Hu 0001"
"Nat Pavasant,Hiroshi Furutani,Masayuki Numao,Ken-ichi Fukui"
"Anthony Carella,Murat Kotsoev,Traian Marius Truta"
"Pierre Lison,Vasileios Mavroeidis"
"Salima Benbernou,Mourad Ouziri"
"Neela Avudaiappan,Alexander Herzog,Sneha Kadam,Yuheng Du,Jason Thatcher,Ilya Safro"
"Steven Ortiz,Caner Enbatan,Maksim Podkorytov,Dylan Soderman,Michael N. Gubanov"
"Kulsawasd Jitkajornwanich,Peerapon Vateekul,Teerapong Panboonyuen,Siam Lawawirojwong,Siwapon Srisonphan"
"Akira Tanaka,Nozomi Hata,Nariaki Tateiwa,Katsuki Fujisawa"
"Daniel Muller,Yiea-Funk Te,Pratiksha Jain"
"Lei Zheng 0001,Bokai Cao,Vahid Noroozi,Philip S. Yu,Nianzu Ma"
"Leandro Ordoñez-Ante,Thomas Vanhove,Gregory van Seghbroeck,Tim Wauters,Bruno Volckaert,Filip De Turck"
"Xinjiang Lu,Zhiwen Yu 0001,Chuanren Liu,Yanchi Liu,Hui Xiong 0001,Bin Guo 0001"
"Semih Yumusak,Riza Emre Aras,Elif Uysal,Erdogan Dogdu,Halife Kodaz,Kasim Oztoprak"
"Fatemeh Cheraghchi,Ibrahim Y. Abualhaol,Rafael Falcon,Rami S. Abielmona,Bijan Raahemi,Emil M. Petriu"
"Karthikeyan Natesan Ramamurthy,Dennis Wei,Emily Ray,Moninder Singh,Vijay Iyengar,Dmitriy A. Katz-Rogozhnikov,Jingwei Yang,Kevin N. Tran,Gigi Y. Yuen-Reed"
"Axel-Cyrille Ngonga Ngomo,Michael Hoffmann 0007,Ricardo Usbeck,Kunal Jha"
"Lihao Ge,Teng-Sheng Moh"
"Priyaa Thavasimani,Jacek Cala,Paolo Missier"
"Arunkumar Bagavathi,Pranava Mummoju,Katarzyna A. Tarnowska,Angelina A. Tzacheva,Zbigniew W. Ras"
"Tomoichi Takahashi,Katsuki Ichinose"
"Todd Richard Goodall,Maria Esteva,Sandra Sweat,Alan C. Bovik"
"Kenji Nakashima,Joichiro Kon,Saneyasu Yamaguchi,Gil Jae Lee,José A. B. Fortes"
"Mauri Kaipainen,Olli Pitkänen,Perspicamus Ab"
"Dharmashankar Subramanian,Debarun Bhattacharjya,Ruben Rodriguez Torrado,Jeffrey O. Kephart,Vijil Chenthamarakshan,Jesus Rios"
"Olga Babko-Malaya,Rebecca Cathey,Steve Hinton,David Maimon,Taissa Gladkova"
"David Maimon,Andrew Fukuda,Steve Hinton,Olga Babko-Malaya,Rebecca Cathey"
"Amit Pande,Vishal Ahuja"
"Noriaki Koide,Yu Ichifuji"
"Nadiya Straton,Ravi Vatrapu,Raghava Rao Mukkamala"
"Christine Bassem,Azer Bestavros"
"Paula Lauren,Guangzhi Qu,Paul Watta"
"Mamiko Matsubayashi,Keiko Kurata"
"Balaji Palanisamy,Chao Li 0023,Prashant Krishnamurthy"
"Tobias Blanke,Jon Wilson"
"Mohammed Elshambakey,Mohamed Khalefa,William J. Tolone,Sreyasee Das Bhattacharjee,Huikyo Lee,Luca Cinquini,Shannon Schlueter,Isaac Cho,Wenwen Dou,Daniel J. Crichton"
"Masato Asahara,Ryohei Fujimaki"
"Frank R. Greguska,Thomas Huang,Brian Wilson,Nga Quach,Joe Jacob"
"Muhittin Isik,Hasan Dag"
"Hayri Volkan Agun,Sibel Yilmazel,Özgür Yilmazel"
"PrathyushaRani Merla,Yiheng Liang"
"Shusaku Tsumoto,Tomohiro Kimura,Haruko Iwata,Shoji Hirano"
"Yuchang Xu,Jian Cao"
"Yuri Nishikawa,Hitoshi Sato,Jun Ozawa"
"Trishita Tiwari,Ata Turk,Alina Oprea,Katzalin Olcoz,Ayse K. Coskun"
"Takahiro Komamizu,Toshiyuki Amagasa,Hiroyuki Kitagawa"
"Alexander Brodsky 0001,Mohan Krishnamoorthy,M. Omar Nachawati,William Z. Bernstein,Daniel A. Menascé"
"Derrick C. Spell,Xiao-Han T. Zeng,Jae Young Chung,Bahador Nooraei,Richard T. Shomer,Ling-Yong Wang,James C. Gibson,Daniel Kirsche"
"Yihua Shi Astle,Xuning Tang,Craig Freeman"
"Konstantinos Lolos,Ioannis Konstantinou,Verena Kantere,Nectarios Koziris"
"Victor Saquicela,Luis Manuel Vilches Blázquez,Andres Tello"
"Jennifer Sleeman,Milton Halem,Tim Finin,Mark Cane"
"Xiaoli Li 0013,Sai Nivedita Chandrasekaran,Jun Huan"
"Yi-Hsin Wu,Sheng-De Wang,Li-Jung Chen,Cheng-Juei Yu"
"Munenari Inoguchi,Keiko Tamura,Kei Horie,Haruo Hayashi"
"Dingwen Tao,Sheng Di,Zizhong Chen,Franck Cappello"
"Abdeltawab M. Hendawi,Aqeel Rustum,Mohamed H. Ali,John A. Stankovic"
"Byron J. Gao,Robert Tung,Yong Yang"
"Zhitang Chen,Ke He,Jian Li,Yanhui Geng"
"Take Yo,Kazutoshi Sasahara"
"Chandramani Chaudhary,Poonam Goyal,Yi-Ping Phoebe Chen"
"Eric Breck,Shanqing Cai,Eric Nielsen,Michael Salib,D. Sculley"
"Jeffrey S. Saltz,Nancy W. Grady"
"Junzhi Gong,Tong Yang 0003,Yang Zhou 0008,Dongsheng Yang,Shigang Chen,Bin Cui 0001,Xiaoming Li 0001"
"Savitha Baskaran,Shiaofen Fang,Shenhui Jiang"
"Haiying Shen,Heng Zhou"
"Srinivasan Venkatramanan,Sichao Wu,Bowen Shi,Achla Marathe,Madhav Marathe,Stephen G. Eubank,Lalit P. Sah,A. P. Giri,Luke A. Colavito,K. S. Nitin,V. Sridhar,R. Asokan,Rangaswamy Muniappan,G. Norton,Abhijin Adiga"
"Marzieh Bakhshandeh,Dennis M. M. Schunselaar,Henrik Leopold,Hajo A. Reijers"
"Brian Johnston,Benjamin Zweig,Michael Peran,Charlie Wang,Rachel Rosenfeld"
"Sheriffo Ceesay,Adam Barker,Blesson Varghese"
"Helena F. Deus,Corey A. Harper,Darin McBeath,Ron Daniel Jr."
"Xin Xu Lei,Tang Venkat Rangan"
"Ishita K. Khan,Prathyusha Senthil Kumar,Daniel Miranda,David Goldberg 0001"
"Iwao Fujino,Christophe Claramunt,Abdel-Ouahab Boudraa"
"Jonghyun Bae,Hakbeom Jang,Wenjing Jin,Jun Heo 0001,Jaeyoung Jang,Joo Young Hwang,Sangyeun Cho,Jae W. Lee"
"Liang Ma,Guohong Cao,Lance M. Kaplan"
"Mihaela Malita,Gheorghe M. Stefan"
"Alex Watson,Deepigha Shree Vittal Babu,Suprio Ray"
"Alexander Denzler,Michael Kaufmann 0004"
"Mohammad M. Ghassemi,Willow Jarvis,Tuka Alhanai,Emery N. Brown,Roger G. Mark,M. Brandon Westover"
"Hsiao-Wei Hu,Ching-Han Cheng,Yun-Chu Chung,Chia-Yu Lee"
"Kulsawasd Jitkajornwanich,Peerapon Vateekul,Upa Gupta,Teeranai Kormongkolkul,Arnon Jirakittayakorn,Siam Lawawirojwong,Siwapon Srisonphan"
"Wei-Chun Chung,Jan-Ming Ho,Chung-Yen Lin,D. T. Lee"
"Thomas-Joseph Loiseau,Sonia Djebali,Thomas Raimbault,Bérengère Branchet,Gaël Chareyron"
"Peter Baumann 0001,Eric Hirschorn,Joan Masó-Pau,Vlad Merticariu,Dimitar Misev"
"Elisa Bertino,Geeth de Mel,Alessandra Russo,Seraphin B. Calo,Dinesh C. Verma"
"Shotaro Ito,Koji Eguchi"
"Philip Derbeko,Shlomi Dolev,Ehud Gudes,Jeffrey D. Ullman"
"Wenbo Zhang,Dheeraj Kumar,Satish V. Ukkusuri"
"Panagiotis Liakos,Alexandros Ntoulas,Alex Delis"
"Jordan DeLoach,Doina Caragea"
"Ricardo Baeza-Yates,Zeinab Liaghat"
"Salman Ahmed Shaikh,Hiroyuki Kitagawa"
"Dong Chen 0010,David E. Irwin 0001"
"Natalia Ponomareva,Thomas Colthurst,Gilbert Hendry,Salem Haykal,Soroush Radpour"
"Yuheng Du,Alexander Herzog,André Luckow,Ramu Nerella,Christopher Gropp,Amy W. Apon"
"Subhasis Dasgupta,Charles McKay,Amarnath Gupta"
"M. Omair Shafiq,Eric Torunski"
"Wen-Yuan Zhu,Wen-Yueh Shih,Ying-Hsuan Lee,Wen-Chih Peng,Jiun-Long Huang"
"Daniel Yue Zhang,Dong Wang 0002,Hao Zheng,Xin Mu,Qi Li 0016,Yang Zhang 0031"
"Halim Abbas,Ford Garberson,Eric Glover,Dennis P. Wall"
"Shanshan Huang,Jungang Xu,Renfeng Liu,Husheng Liao"
"Oliver L. Haimson,Gillian R. Hayes"
"Jussi Ojala,Emilio Zagheni,Francesco C. Billari,Ingmar Weber"
"Alicja Piotrkowicz,Vania Dimitrova,Jahna Otterbacher,Katja Markert"
"Shouq Sadah,Moloud Shahbazi,Vagelis Hristidis"
"Courtney Napoles,Aasish Pappu,Joel R. Tetreault"
"Wei Ai,Xuan Lu,Xuanzhe Liu,Ning Wang,Gang Huang 0001,Qiaozhu Mei"
"Connor McMahon,Isaac L. Johnson,Brent J. Hecht"
"Giorgia Di Tommaso,Giovanni Stilo,Paola Velardi"
"César Ojeda,Kostadin Cvejoski,Rafet Sifa,Christian Bauckhage"
"Huyen T. Le,Zubair Shafiq,Padmini Srinivasan"
"Liang Wu 0006,Xia Hu,Huan Liu 0001"
"Shiliang Tang,Qingyun Liu,Megan McQueen,Scott Counts,Apurv Jain,Haitao Zheng 0001,Ben Y. Zhao"
"Zhiyuan Lin 0001,Niloufar Salehi,Bowen Yao,Yiqi Chen,Michael S. Bernstein"
"Xinyi Zhang,Shiliang Tang,Yun Zhao,Gang Wang 0011,Haitao Zheng 0001,Ben Y. Zhao"
"Shuo Zhang 0009,Qin Lv"
"Tianran Hu,Ruihua Song,Maya Abtahian,Philip Ding,Xing Xie 0001,Jiebo Luo"
"Anna Samoilenko,Florian Lemmerich,Katrin Weller,Maria Zens,Markus Strohmaier"
"Anis Zaman,Nabil Hossain,Henry A. Kautz"
"Motahhare Eslami,Kristen Vaccaro,Karrie Karahalios,Kevin Hamilton"
"Enes Kocabey,Mustafa Camurcu,Ferda Ofli,Yusuf Aytar,Javier Marín,Antonio Torralba 0001,Ingmar Weber"
"Pablo Aragón,Vicenç Gómez,Andreas Kaltenbrunner"
"Fabian Flöck,Kenan Erdogan,Maribel Acosta"
"Soroush Vosoughi,Prashanth Vijayaraghavan,Ann Yuan,Deb Roy"
"Wen-Haw Chong,Ee-Peng Lim"
"Shreesh Kumara Bhat,Aron Culotta"
"Suman Kalyan Maity,Aman Kharb,Animesh Mukherjee 0001"
"William L. Hamilton,Justine Zhang,Cristian Danescu-Niculescu-Mizil,Dan Jurafsky,Jure Leskovec"
"Thomas Davidson,Dana Warmsley,Michael W. Macy,Ingmar Weber"
"Rahmtin Rotabi,Cristian Danescu-Niculescu-Mizil,Jon M. Kleinberg"
"Zahra Iman,Scott Sanner,Mohamed Reda Bouadjenek,Lexing Xie"
"Milad Kharratzadeh,Deniz Üstebay"
"Liang Wu 0006,Xia Hu,Fred Morstatter,Huan Liu 0001"
"Brian Keegan,Casey Fiesler"
"Kristen M. Altenburger,Rajlakshmi De,Kaylyn Frazier,Nikolai Avteniev,Jim Hamilton"
"Robert West 0001,Jürgen Pfeffer"
"Thanh Tran 0005,Kyumin Lee"
"Ramine Tinati,Elena Simperl,Markus Luczak-Rösch"
"Hemank Lamba,Varun Bharadhwaj,Mayank Vachher,Divyansh Agarwal,Megha Arora,Niharika Sachdeva,Ponnurangam Kumaraguru"
"William Hobbs,Lisa Friedland,Kenneth Joseph,Oren Tsur,Stefan Wojcik,David Lazer"
"Jisun An,Haewoon Kwak"
"Oren Tsur,David Lazer"
"Abhijnan Chakraborty,Johnnatan Messias,Fabrício Benevenuto,Saptarshi Ghosh 0001,Niloy Ganguly,Krishna P. Gummadi"
"Sophie Chou,Deb Roy"
"Hanqing Lu,Chaochao Chen 0001,Qinyue Jiang"
"Xinru Page,Marco Marabelli"
"Yla R. Tausczik,Ping Wang,Joohee Choi"
"Dan Tasse,Zichen Liu,Alex Sciuto,Jason I. Hong"
"Rijul Magu,Kshitij Joshi 0001,Jiebo Luo"
"Vivek Kumar Singh,Saket Hegde,Akanksha Atrey"
"Emilio Ferrara,Nazanin Alipourfard,Keith Burghardt,Chiranth Gopal,Kristina Lerman"
"Onur Varol,Emilio Ferrara,Clayton A. Davis,Filippo Menczer,Alessandro Flammini"
"Chankyung Pak,Rick Wash"
"Xiao Zhou,Desislava Hristova,Anastasios Noulas,Cecilia Mascolo"
"Xiao Ma,Trishala Neeraj,Mor Naaman"
"Vachik S. Dave,Mohammad Al Hasan,Chandan K. Reddy"
"Zhijun Yin,Bradley A. Malin,Jeremy L. Warner,Pei-Yun Sabrina Hsueh,Ching-Hua Chen"
"Jiasen Yang,Bruno Ribeiro 0001,Jennifer Neville"
"Tushar Agarwal,Keith Burghardt,Kristina Lerman"
"Marian-Andrei Rizoiu,Lexing Xie"
"Thomas Green,Francesca Spezzano"
"Donghee Yvette Wohn,Mousa Ahmadi,Leiping Gong,Indraneel Kulkarni,Atisha Poojari"
"Noora Al Emadi,Sofiane Abbar,Javier Borge-Holthoefer,Francisco Guzmán,Fabrizio Sebastiani 0001"
"Pierre-Hadrien Arnoux,Anbang Xu,Neil Boyette,Jalal Mahmud,Rama Akkiraju,Vibha Sinha"
"Ark Fangzhou Zhang,Danielle Livneh,Ceren Budak,Lionel Robert 0001,Daniel M. Romero"
"Markus Rokicki,Eelco Herder,Christoph Trattner"
"Sanjaya Wijeratne,Lakshika Balasuriya,Amit P. Sheth,Derek Doran"
"Muhammad Abdul-Mageed,Anneke Buffone,Hao Peng,Johannes C. Eichstaedt,Lyle H. Ungar"
"Venkata Rama Kiran Garimella,Ingmar Weber"
"Virgile Landeiro,Aron Culotta"
"Dat Tien Nguyen,Kamla Al-Mannai,Shafiq R. Joty,Hassan Sajjad,Muhammad Imran 0002,Prasenjit Mitra"
"Zhe Liu 0002,Anbang Xu,Mengdi Zhang,Jalal Mahmud,Vibha Sinha"
"Yu-i Ha,Sejeong Kwon,Meeyoung Cha,Jungseock Joo"
"Sneha Mondal,Swapnil Dhamal,Y. Narahari"
"Kiran Garimella,Gianmarco De Francisci Morales,Aristides Gionis,Michael Mathioudakis"
"Gabriel Emile Hine,Jeremiah Onaolapo,Emiliano De Cristofaro,Nicolas Kourtellis,Ilias Leontiadis,Riginos Samaras,Gianluca Stringhini,Jeremy Blackburn"
"Ian Stewart,Dustin Arendt,Eric Bell,Svitlana Volkova"
"Justine Zhang,William L. Hamilton,Cristian Danescu-Niculescu-Mizil,Dan Jurafsky,Jure Leskovec"
"Tianran Hu,Han Guo,Hao Sun,Thuy-vy Thi Nguyen,Jiebo Luo"
"Jun Pang 0001,Yang Zhang 0016"
"Dorota Celinska,Eryk Kopczynski"
"Amy X. Zhang,Bryan Culbertson,Praveen Paritosh"
"Yuheng Hu,Tingting Nian,Cheng Chen"
"Franziska B. Keller,David Schoch,Sebastian Stier,JungHwan Yang"
"Pedro Calais Guerra,Roberto Nalon,Renato M. Assunção,Wagner Meira Jr."
"Johannes Wachs,Aniko Hannak,András Vörös 0002,Bálint Daróczy"
"Matheus Lima Diniz Araújo,Yelena Mejova,Michaël Aupetit,Ingmar Weber"
"Elizabeth M. Daly,Oznur Alkan,Michael J. Muller"
"Mauro Coletto,Kiran Garimella,Aristides Gionis,Claudio Lucchese"
"Lia Bozarth,Ceren Budak"
"Mai ElSherief,Elizabeth M. Belding,Dana Nguyen"
"Changtao Zhong,Hau-Wen Chang,Dmytro Karamshuk,Dongwon Lee 0001,Nishanth Sastry"
"Hannah Jean Miller,Daniel Kluver,Jacob Thebault-Spieker,Loren G. Terveen,Brent J. Hecht"
"Pantelis P. Analytis,Alexia Delfino,Juliane E. Kämmer,Mehdi Moussaïd,Thorsten Joachims"
"Erik Aumayr,Conor Hayes"
"Jinyoung Han,Daejin Choi,Jungseock Joo,Chen-Nee Chuah"
"Johannes Kiesel,Martin Potthast,Matthias Hagen,Benno Stein 0001"
"Quanzeng You,Dario García-García,Manohar Paluri,Jiebo Luo,Jungseock Joo"
"Ryan Compton 0002,Jilin Chen,Eben M. Haber,Hernan Badenes,Steve Whittaker"
"Danaja Maldeniya,Arun Varghese,Toby E. Stuart,Daniel M. Romero"
"Liang Wu 0006,Xia Hu,Fred Morstatter,Huan Liu 0001"
"Shruti Sannon,Yoon Hyung Choi,Jessie G. Taft,Natalya N. Bazarova"
"Kristen Johnson,Di Jin,Dan Goldwasser"
"Munmun De Choudhury,Emre Kiciman"
"Huan Yan,Tzu-Heng Lin,Gang Wang 0011,Yong Li 0008,Haitao Zheng 0001,Depeng Jin,Ben Y. Zhao"
"Svitlana Volkova,Eric Bell"
"Clare Llewellyn,Laura Cram"
"Mattia Samory,Cinzia Pizzi,Enoch Peserico"
"Md. Saddam Hossain Mukta,Euna Mehnaz Khan,Mohammed Eunus Ali,Jalal Mahmud"
"Teng Ye,Sangseok You,Lionel P. Robert Jr."
"Hajin Lim,Susan R. Fussell"
"Quanzhi Li,Sameena Shah,Xiaomo Liu,Armineh Nourbakhsh"
"Parisa Kaghazgaran,James Caverlee,Majid Alfifi"
"Julia Deeb-Swihart,Christopher Polack,Eric Gilbert,Irfan A. Essa"
"Diyi Yang,Zheng Yao,Robert E. Kraut"
"Prakruthi Karuna,Mohammad Rana,Hemant Purohit"
