5095,"AB"
6290,"AGM motors"
6044,"AJP"
5100,"AMS"
5080,"Access"
6289,"Access Motor"
3892,"Acxa"
5096,"Adiva"
5075,"Adler"
5097,"Adly"
68,"Aeon"
3902,"Aie"
67,"Aixam"
3885,"Alien"
6291,"American Ironhorse"
3912,"Amstrong"
5451,"Apokotos"
62,"Aprilia"
60,"Arctic Cat"
5070,"Ariel"
5101,"Armec"
5136,"Aspes"
5877,"Asus"
6295,"BRP"
6397,"Bajaj"
5146,"Baotian"
52,"Barossa"
3867,"Bashan"
6292,"Beeline"
47,"Benelli"
46,"Beta"
6293,"Big Dog Motorcycles"
5856,"Bigfoot"
50,"Bimota"
298,"Bmw"
5137,"Boatian"
44,"Bombardier"
600,"Boom-Trikes"
6483,"Brixton"
5077,"Bsa"
41,"Buell"
6329,"Buggy Motors"
5222,"Bultaco"
5987,"Buyang"
5102,"CAN-AM"
5665,"CFmoto"
35,"CPI"
40,"Cagiva"
5103,"Carver"
3887,"Ccm"
5088,"Cectek"
5138,"Chang Jiang"
3888,"Cheetah"
5857,"Cosmic Princess"
31,"Daelim"
5339,"Dafier"
3882,"Dayang"
315,"Daytona"
29,"Derbi"
3881,"Dias"
26,"Dinli"
5689,"Dirt Motos"
24,"Dkw"
20,"Ducati"
5855,"Dunlop"
5104,"E-ATV"
19,"E-Ton"
6296,"E-max"
5107,"EML"
3879,"Eagle"
5081,"Emb"
6297,"Emco"
5435,"Emw"
5139,"Enfield"
5226,"Euromotors"
5221,"Evomoto"
6298,"Explorer"
6613,"FB Mondial"
3891,"Fever"
5409,"Fuxin"
5218,"Fym"
6453,"G-force"
6299,"GG Motorradtechnik"
5198,"Gamax"
5190,"Garelli"
301,"Gas-Gas"
5630,"Gator"
5805,"Geely"
1826,"Gemini"
5341,"Genata"
4000,"Generic"
12,"Gilera"
6300,"Goes"
5106,"Haojin"
299,"Harley Davidson"
5215,"Harlow"
3895,"Hartford"
5862,"Heinkel"
5108,"Herchee"
295,"Hercules"
6301,"Herkules"
5219,"Hero Majestic"
5690,"HighPer"
5109,"Highland"
22,"Honda"
5082,"Horex"
3886,"Hsun"
294,"Husaberg"
293,"Husqvarna"
292,"Hyosung"
5477,"Imola"
5798,"Imr"
5990,"Indian"
291,"Italjet"
5089,"Jawa"
5410,"JetMoto"
3823,"Jialing"
5065,"Jianshe"
5110,"Jincheng"
5140,"Jinlun"
3884,"Jla"
5141,"Jmstar"
160,"John Deere"
3893,"Jonway"
3838,"Joyner"
5066,"KL"
6303,"KSR"
288,"KTM"
3901,"Kaisar"
5111,"Kasea"
290,"Kawasaki"
5388,"Kazuma"
602,"Keeway"
5343,"Kingway"
5344,"Kingwell"
5112,"Kinroad"
289,"Kreidler"
6348,"Kuberg"
6304,"Kumpan"
5377,"Kxd"
3894,"Kyb"
287,"Kymco"
5115,"LML"
5113,"Lambretta"
286,"Laverda"
5225,"Lem"
3872,"Lifan"
5114,"Lingben"
3873,"Linhai"
5369,"Lintex"
3890,"Loncin"
6305,"Luxxon"
5116,"Lynx"
283,"MBK"
5118,"MDL"
280,"MZ"
5224,"Magnus"
38,"Mahindra"
285,"Maico"
284,"Malaguti"
5117,"Masai"
6306,"Mash"
6307,"Megelli"
5411,"Metropolis"
5328,"Mikilon"
5214,"Minsk"
3897,"Mio"
5812,"Mobster"
313,"Modenas"
5119,"Monnier-Honda"
302,"Montesa"
3880,"Monza"
5188,"Morini"
3883,"Motivas"
282,"Moto Guzzi"
6309,"Moto Morini"
6308,"Motobi"
5120,"Motom"
5121,"Motortek"
6310,"Motowell"
5670,"Mtg"
5854,"Muddyfox"
281,"Mv Agusta"
3913,"New Force Motor"
3903,"Nipponia"
6420,"Nitro Motors"
6713,"Niu"
6232,"Nomik"
5085,"Norton"
3889,"Nova"
649,"Nsu"
5389,"Odess"
6311,"Online"
6455,"Orcal"
604,"Pegasus"
213,"Peugeot"
279,"Pgo"
278,"Piaggio"
277,"Polaris"
5122,"Polini"
276,"Puch"
5223,"Qingqi"
6312,"Quadix"
5799,"Quadro"
5123,"Quantya"
5124,"Regal-Raptor"
3841,"Rewaco"
3878,"Rhon"
5069,"Rieju"
6313,"Rivero"
6120,"Romet"
605,"Royal Enfield"
5125,"Rueegg"
607,"SMC"
275,"Sachs"
5126,"Scorpa"
5488,"Seckam"
606,"Seikel"
6715,"Semog"
5394,"Shan Yang"
6525,"Shandong Liangzi"
5127,"Sherco"
3871,"Shineray"
303,"Siamoto"
5128,"Side-Bike"
5859,"Silver Fox"
274,"Simson"
5129,"Ski-Doo"
3834,"Skyjet"
5203,"Skyteam"
3869,"Sokudo"
5091,"Solex"
5858,"Solid"
5429,"Sonik"
5084,"Sparta"
5130,"Standard"
273,"Stinger"
59,"Subaru"
608,"Super Moto"
6722,"Super Soco"
242,"Suzuki"
5131,"Swissperformance"
6265,"Swm"
314,"Sym"
3874,"TCB"
609,"TM"
6314,"Tauris"
3875,"Tgb"
6315,"Thunderbike"
5345,"Tiger"
5342,"Toptom"
5076,"Triton"
64,"Triumph"
5143,"UM"
5132,"Unilli"
3876,"Ural"
5680,"Vectrix"
5217,"Vedim"
5216,"Vee Road"
5144,"Vento"
272,"Vespa"
5079,"Victoria"
5078,"Victory"
6561,"Viva Eco"
6228,"Vmoto"
3877,"Vor"
271,"Voxan"
5133,"W-Tec"
6229,"WMI"
5134,"Wakan"
5340,"Wangye"
5135,"Winking"
5563,"Wsbike"
6591,"Wsk"
5443,"Xbg"
5428,"Xgjao"
3868,"Xingyue"
5988,"Xinling"
6720,"Yadea"
270,"Yamaha"
3866,"Ymc"
6316,"Zero"
610,"ZhongYu"
3896,"Znen"
3870,"Zongshen"
269,"Zuendapp"
5145,"Zundapp"
6266,"Χ-Μotors"
0,"Αλλο"