{"make": [["278||1|Piaggio", {"model": [["6067|||50 N", {"model": []}], ["2417|||APE", {"model": []}], ["6068|||Ape 50", {"model": []}], ["2418|||Beverly 125", {"model": []}], ["2419|||Beverly 200", {"model": []}], ["2421|||Beverly 250 Cruiser", {"model": []}], ["2422|||Beverly 250 S", {"model": []}], ["2423|||Beverly 250 Tourer", {"model": []}], ["2420|||Beverly 250", {"model": []}], ["2425|||Beverly 300i Tourer", {"model": []}], ["2424|||Beverly 300i", {"model": []}], ["6069|||Beverly 300", {"model": []}], ["3306|||Beverly 350 SportTouring", {"model": []}], ["6070|||Beverly 350", {"model": []}], ["2426|||Beverly 400", {"model": []}], ["2428|||Beverly 500 Cruiser", {"model": []}], ["2427|||Beverly 500", {"model": []}], ["6071|||Bravo", {"model": []}], ["2433|||COSA", {"model": []}], ["2429|||Carnaby 125", {"model": []}], ["2430|||Carnaby 200", {"model": []}], ["2431|||Carnaby 250", {"model": []}], ["2432|||Carnaby 300 Cruiser", {"model": []}], ["6072|||Carnaby 300", {"model": []}], ["6073|||Ciao", {"model": []}], ["6074|||Diesis 50", {"model": []}], ["2434|||Diesis 100", {"model": []}], ["6075|||ET 4", {"model": []}], ["2438|||FLY 50 2T", {"model": []}], ["3206|||FLY 50 4T", {"model": []}], ["2435|||FLY 100 4T", {"model": []}], ["2436|||FLY 125 4T", {"model": []}], ["2437|||FLY 150 4T", {"model": []}], ["6078|||Fly 50", {"model": []}], ["6076|||Fly 100", {"model": []}], ["6077|||Fly 125", {"model": []}], ["6080|||Free 25", {"model": []}], ["6081|||Free 50", {"model": []}], ["6079|||Free 100", {"model": []}], ["6083|||GT 200", {"model": []}], ["6084|||GTS 125", {"model": []}], ["6085|||GTS 250", {"model": []}], ["6086|||GTS 300", {"model": []}], ["6082|||Grillo", {"model": []}], ["6087|||Hexagon 125", {"model": []}], ["6088|||Hexagon 150", {"model": []}], ["6089|||Hexagon 180", {"model": []}], ["6090|||Hexagon 250", {"model": []}], ["2439|||Hexagon", {"model": []}], ["6093|||Liberty 50", {"model": []}], ["2441|||Liberty 125 RST", {"model": []}], ["6091|||Liberty 125", {"model": []}], ["2442|||Liberty 150", {"model": []}], ["2443|||Liberty 200 RST", {"model": []}], ["6092|||Liberty 200", {"model": []}], ["2440|||Liberty", {"model": []}], ["2445|||MP3 125 Hybrid", {"model": []}], ["6095|||MP3 125", {"model": []}], ["2446|||MP3 250 LT", {"model": []}], ["2447|||MP3 250 RL", {"model": []}], ["6096|||MP3 250", {"model": []}], ["2448|||MP3 300 LT", {"model": []}], ["6097|||MP3 300", {"model": []}], ["6098|||MP3 350", {"model": []}], ["2449|||MP3 400", {"model": []}], ["6099|||MP3 500", {"model": []}], ["6100|||MP3 LT", {"model": []}], ["6101|||MP3 YOURBAN", {"model": []}], ["2444|||MP3", {"model": []}], ["6094|||Medley 125", {"model": []}], ["6407|||Medley 150", {"model": []}], ["2451|||NRG 50 Power DD", {"model": []}], ["2452|||NRG 50 Pure Jet", {"model": []}], ["6102|||NRG 50", {"model": []}], ["6103|||NRG MC3", {"model": []}], ["6104|||NRG Power", {"model": []}], ["2450|||NRG", {"model": []}], ["6105|||NTT", {"model": []}], ["6106|||P 80", {"model": []}], ["2454|||PX 150 DT", {"model": []}], ["6108|||PX 150", {"model": []}], ["2453|||PX", {"model": []}], ["6107|||Primavera 125", {"model": []}], ["6109|||Quartz 50", {"model": []}], ["6115|||SKR 125", {"model": []}], ["6116|||SKR 150", {"model": []}], ["6111|||Sfera 50", {"model": []}], ["6112|||Sfera 80", {"model": []}], ["6110|||Sfera 125", {"model": []}], ["2455|||Sfera", {"model": []}], ["6113|||Si", {"model": []}], ["6114|||Skipper 125", {"model": []}], ["2457|||Skipper 150 ST", {"model": []}], ["2456|||Skipper", {"model": []}], ["6117|||Storm 50", {"model": []}], ["7567|||Storm", {"model": []}], ["7554|||Strom", {"model": []}], ["6118|||Super Bravo", {"model": []}], ["6119|||Super Hexagon 125 GTX", {"model": []}], ["7553|||Super Hexagon 125", {"model": []}], ["6120|||Super Hexagon 180 GTX", {"model": []}], ["7552|||Super Hexagon 180", {"model": []}], ["6122|||TPH 50", {"model": []}], ["6123|||TPH 80", {"model": []}], ["6121|||TPH 125", {"model": []}], ["2458|||Track Master", {"model": []}], ["2459|||Trackmaster", {"model": []}], ["2461|||Typhoon 125 X", {"model": []}], ["6124|||Typhoon 150", {"model": []}], ["2460|||Typhoon", {"model": []}], ["8083|||Velofax", {"model": []}], ["2464|||Vespa ET4 125", {"model": []}], ["2465|||Vespa ET4 150", {"model": []}], ["2463|||Vespa ET4", {"model": []}], ["2466|||Vespa GT 200", {"model": []}], ["2467|||Vespa GTS 200", {"model": []}], ["2468|||Vespa GTS 250", {"model": []}], ["2469|||Vespa GTS 300", {"model": []}], ["2470|||Vespa GTV 250", {"model": []}], ["2473|||Vespa LX 50", {"model": []}], ["2471|||Vespa LX 125", {"model": []}], ["2472|||Vespa LX 150", {"model": []}], ["2474|||Vespa PX 200 DT", {"model": []}], ["2476|||Vespa S50", {"model": []}], ["2475|||Vespa S125", {"model": []}], ["2462|||Vespa", {"model": []}], ["2478|||X7", {"model": []}], ["2479|||X8 125", {"model": []}], ["2480|||X8 150", {"model": []}], ["2481|||X8 200", {"model": []}], ["2482|||X8 250", {"model": []}], ["2483|||X8 400", {"model": []}], ["2485|||X9 180", {"model": []}], ["2486|||X9 200 EVO", {"model": []}], ["2488|||X9 250 EVO", {"model": []}], ["2487|||X9 250", {"model": []}], ["2489|||X9 500 Evolution", {"model": []}], ["6126|||X 8", {"model": []}], ["6127|||X 9", {"model": []}], ["6125|||X 10", {"model": []}], ["2477|||X EVO", {"model": []}], ["2484|||X-9", {"model": []}], ["6128|||XEvo 125", {"model": []}], ["6129|||XEvo 250", {"model": []}], ["6130|||XEvo 400", {"model": []}], ["2491|||ZIP 50 4T", {"model": []}], ["2490|||ZIP", {"model": []}], ["6133|||Zip 25", {"model": []}], ["6134|||Zip 50", {"model": []}], ["6132|||Zip 100", {"model": []}], ["6131|||Zip + Zip", {"model": []}], ["6136|||Zip II 25", {"model": []}], ["6137|||Zip II 50", {"model": []}], ["6135|||Zip II 125", {"model": []}], ["6138|||Zip SP", {"model": []}]]}]]}