{"make": [["294||1|Husaberg", {"model": [["8016|||FC 400", {"model": []}], ["8015|||FC 470", {"model": []}], ["8014|||FC 501", {"model": []}], ["2554|||FC 550", {"model": []}], ["8013|||FC 600", {"model": []}], ["8012|||FE 350", {"model": []}], ["8011|||FE 390", {"model": []}], ["2556|||FE 400 E", {"model": []}], ["8010|||FE 400", {"model": []}], ["2557|||FE 450 E", {"model": []}], ["2558|||FE 501 E", {"model": []}], ["2559|||FE 550 E", {"model": []}], ["8009|||FE 550", {"model": []}], ["8008|||FE 570", {"model": []}], ["8007|||FE 600", {"model": []}], ["2560|||FE 650 E", {"model": []}], ["8006|||FE 650", {"model": []}], ["2555|||FE", {"model": []}], ["8005|||FR 600", {"model": []}], ["8004|||FS 400", {"model": []}], ["2562|||FS 550 E", {"model": []}], ["8003|||FS 550", {"model": []}], ["8002|||FS 570", {"model": []}], ["2563|||FS 650 C", {"model": []}], ["2564|||FS 650 E", {"model": []}], ["2565|||FS 650 SM", {"model": []}], ["8001|||FS 650", {"model": []}], ["2561|||FS", {"model": []}], ["8000|||FX 450", {"model": []}]]}]]}