{"make": [["292||1|Hyosung", {"model": [["1489|||Aguila V2", {"model": []}], ["1488|||Aguila", {"model": []}], ["7771|||Aquila 125", {"model": []}], ["7770|||Aquila 250", {"model": []}], ["7769|||Aquila 650", {"model": []}], ["1490|||Aquila GV 250", {"model": []}], ["7768|||Avanti 50", {"model": []}], ["7767|||Cab 50", {"model": []}], ["7766|||Comet 125", {"model": []}], ["7765|||Comet 250", {"model": []}], ["7764|||Comet 600", {"model": []}], ["7763|||Comet 650", {"model": []}], ["1491|||Comet GT", {"model": []}], ["7762|||Cruise II", {"model": []}], ["7760|||EZ 100", {"model": []}], ["7761|||Exeed 125", {"model": []}], ["7759|||GA 125", {"model": []}], ["7756|||GD 250i", {"model": []}], ["7757|||GD 450", {"model": []}], ["7755|||GF 125", {"model": []}], ["7753|||GPS 125", {"model": []}], ["7752|||GT 250i", {"model": []}], ["7751|||GT 300", {"model": []}], ["7749|||GT 650i", {"model": []}], ["7750|||GT 650", {"model": []}], ["1493|||GTR 250", {"model": []}], ["1494|||GTR 650", {"model": []}], ["7748|||GV 125", {"model": []}], ["7747|||GV 250", {"model": []}], ["7746|||GV 300", {"model": []}], ["1495|||GV 650 Aquila", {"model": []}], ["7745|||GV 650i", {"model": []}], ["7758|||Gamma 50", {"model": []}], ["7754|||Goes 450x", {"model": []}], ["1492|||Grand PRIX PLUS GPS 125", {"model": []}], ["7744|||Karion 125", {"model": []}], ["1498|||MS3-125", {"model": []}], ["1499|||MS3-250", {"model": []}], ["7743|||MS3i 125", {"model": []}], ["7742|||MS3i 250", {"model": []}], ["1496|||Midas", {"model": []}], ["7741|||Naked 250", {"model": []}], ["7740|||Newtee Up 50", {"model": []}], ["7739|||Prima 50", {"model": []}], ["1500|||Prima SF50", {"model": []}], ["7738|||Quag 450", {"model": []}], ["1502|||RX125 SM", {"model": []}], ["1501|||Rapiet 450", {"model": []}], ["7737|||SB 50", {"model": []}], ["7736|||SD 50", {"model": []}], ["7734|||ST 7", {"model": []}], ["7733|||ST 700i", {"model": []}], ["7732|||ST E3", {"model": []}], ["7735|||Sense 50", {"model": []}], ["7730|||Super Cab 100", {"model": []}], ["7731|||Super Cab", {"model": []}], ["7729|||TE 50", {"model": []}], ["7728|||TE 90", {"model": []}], ["1503|||TE 450", {"model": []}], ["7727|||V2", {"model": []}], ["1504|||WOM", {"model": []}], ["7726|||WOW 50", {"model": []}], ["1505|||XRX 125 SM", {"model": []}], ["7725|||XRX 125", {"model": []}]]}]]}