{"make": [["213||1|Peugeot", {"model": [["6007|||135", {"model": []}], ["4482|||176", {"model": []}], ["4483|||256", {"model": []}], ["6008|||356", {"model": []}], ["4485|||515", {"model": []}], ["7558|||Belville", {"model": []}], ["4486|||Buxy", {"model": []}], ["3384|||City Star", {"model": []}], ["4489|||Django 50", {"model": []}], ["4487|||Django 125", {"model": []}], ["4488|||Django 150", {"model": []}], ["3381|||Django Allure", {"model": []}], ["3379|||Django Evasion 125", {"model": []}], ["3380|||Django Evasion 150", {"model": []}], ["2644|||Elyseo 50", {"model": []}], ["2641|||Elyseo 100", {"model": []}], ["2642|||Elyseo 125", {"model": []}], ["2643|||Elyseo 150", {"model": []}], ["2640|||Elyseo", {"model": []}], ["2647|||Elystar 150 Advantage EFI", {"model": []}], ["2646|||Elystar 150 Advantage", {"model": []}], ["2645|||Elystar", {"model": []}], ["2648|||Geopolis 125 RS", {"model": []}], ["4491|||Geopolis 125", {"model": []}], ["2649|||Geopolis 250", {"model": []}], ["3122|||Geopolis 300 RS", {"model": []}], ["4492|||Geopolis 300", {"model": []}], ["2650|||Geopolis 400 Safety Pack", {"model": []}], ["4493|||Geopolis 400", {"model": []}], ["4494|||Geopolis 500", {"model": []}], ["4495|||Geopolis RS2", {"model": []}], ["2652|||JET Force 50 TSDI", {"model": []}], ["2651|||JET Force 125 EFI", {"model": []}], ["4496|||Jet C-Tech", {"model": []}], ["2653|||Jetforce", {"model": []}], ["2654|||Kisbee 50(2T)", {"model": []}], ["2655|||Kisbee 50(4T)", {"model": []}], ["3375|||Kisbee 100", {"model": []}], ["3387|||Kisbee Sportline", {"model": []}], ["4497|||Kisbee", {"model": []}], ["4500|||LXR 125", {"model": []}], ["2662|||LXR 200i", {"model": []}], ["2661|||LXR 200", {"model": []}], ["2659|||Looxor 50", {"model": []}], ["2657|||Looxor 100", {"model": []}], ["2658|||Looxor 150 SBC", {"model": []}], ["2656|||Looxor", {"model": []}], ["4499|||Ludix 2", {"model": []}], ["2660|||Ludix Blaster", {"model": []}], ["3124|||Ludix Snake 50", {"model": []}], ["4498|||Ludix", {"model": []}], ["3385|||METROPOLIS 400i 3W", {"model": []}], ["4504|||Metropolis 51", {"model": []}], ["4503|||Metropolis 400 RS", {"model": []}], ["4502|||Metropolis 400", {"model": []}], ["4501|||Metropolis", {"model": []}], ["4506|||NK7", {"model": []}], ["4505|||New Vivacity", {"model": []}], ["4512|||P51", {"model": []}], ["4514|||P54", {"model": []}], ["4515|||P55", {"model": []}], ["4516|||P56", {"model": []}], ["4517|||P57", {"model": []}], ["4507|||P105", {"model": []}], ["4508|||P107", {"model": []}], ["4509|||P108", {"model": []}], ["4510|||P109", {"model": []}], ["4511|||P110", {"model": []}], ["4513|||P517", {"model": []}], ["2663|||RS 250", {"model": []}], ["4522|||SC 50", {"model": []}], ["4523|||SC 80", {"model": []}], ["2668|||SF 50", {"model": []}], ["4532|||SV 50", {"model": []}], ["4533|||SV 80", {"model": []}], ["4530|||SV 100", {"model": []}], ["4531|||SV 125", {"model": []}], ["4534|||SV Junior", {"model": []}], ["2664|||Satelis 125", {"model": []}], ["2666|||Satelis 250", {"model": []}], ["4518|||Satelis 300", {"model": []}], ["3212|||Satelis 400", {"model": []}], ["2667|||Satelis 500", {"model": []}], ["4519|||Satelis GT", {"model": []}], ["4520|||Satelis II 300i", {"model": []}], ["4521|||Satelis RS2", {"model": []}], ["4524|||Scoot\u00b4elec", {"model": []}], ["4525|||Scoper V", {"model": []}], ["4526|||Speedake", {"model": []}], ["2676|||Speedfight2 100 Silversport", {"model": []}], ["2677|||Speedfight2 X", {"model": []}], ["2670|||Speedfight 2", {"model": []}], ["3382|||Speedfight 3 Darkside", {"model": []}], ["3383|||Speedfight 3 Iceblade", {"model": []}], ["2671|||Speedfight 3", {"model": []}], ["4527|||Speedfight 4", {"model": []}], ["2672|||Speedfight Silversport", {"model": []}], ["2673|||Speedfight X 100", {"model": []}], ["2674|||Speedfight X WRC", {"model": []}], ["2675|||Speedfight Xrace 100", {"model": []}], ["2669|||Speedfight", {"model": []}], ["4528|||Squab", {"model": []}], ["7557|||Streetzone", {"model": []}], ["4529|||Sum-up 125", {"model": []}], ["2678|||Sumup 125", {"model": []}], ["4535|||TKR 50", {"model": []}], ["2679|||Trekker", {"model": []}], ["3386|||Tweet Evo", {"model": []}], ["4536|||Tweet", {"model": []}], ["2681|||V-CLIC", {"model": []}], ["4537|||V-Clic 50", {"model": []}], ["2683|||Vivacity 4T", {"model": []}], ["2684|||Vivacity 50", {"model": []}], ["2682|||Vivacity 100", {"model": []}], ["4538|||Vivacity 125", {"model": []}], ["2685|||Vivacity Silver Sport", {"model": []}], ["2686|||Vivacity Sixties 50", {"model": []}], ["4539|||Vogue", {"model": []}], ["3288|||Vox 110", {"model": []}], ["2687|||WRC", {"model": []}], ["4540|||XP6 50", {"model": []}], ["2688|||XP 50", {"model": []}], ["4541|||XPS 50", {"model": []}], ["4542|||XPS CT125", {"model": []}], ["2689|||XPS", {"model": []}], ["4543|||XR6 50", {"model": []}], ["4544|||XR7 50", {"model": []}], ["4545|||Zenith NA", {"model": []}], ["4490|||e-VIVACITY", {"model": []}]]}]]}