{"make": [["649||1|Nsu", {"model": [["5962|||125 ZDB", {"model": []}], ["5963|||201 OSL", {"model": []}], ["5964|||201 TS", {"model": []}], ["5966|||201 ZDB", {"model": []}], ["5965|||201 ZD", {"model": []}], ["5967|||251 OSL", {"model": []}], ["5968|||351 OSL", {"model": []}], ["5969|||501 OSL", {"model": []}], ["5970|||501 T", {"model": []}], ["5971|||601 OSL", {"model": []}], ["5972|||601 TS", {"model": []}], ["5976|||Fox 2", {"model": []}], ["5977|||Fox 4", {"model": []}], ["5974|||Fox 100", {"model": []}], ["5975|||Fox 125", {"model": []}], ["5973|||Fox", {"model": []}], ["5979|||Konsul II", {"model": []}], ["5978|||Konsul I", {"model": []}], ["5980|||Lambretta", {"model": []}], ["5981|||Lux", {"model": []}], ["5983|||Max Spezial", {"model": []}], ["5984|||Maxi", {"model": []}], ["5982|||Max", {"model": []}], ["5985|||Motosulm", {"model": []}], ["5986|||Pony", {"model": []}], ["5988|||Quick Damen", {"model": []}], ["5989|||Quick Herren", {"model": []}], ["5987|||Quick", {"model": []}], ["5990|||Superfox", {"model": []}], ["5991|||Superlux", {"model": []}], ["5992|||Supermax", {"model": []}]]}]]}