{"make": [["5102||1|CAN-AM", {"model": [["2138|||DS 250", {"model": []}], ["2139|||DS 450 EFI", {"model": []}], ["7518|||Maverick X3 Rc", {"model": []}], ["2140|||Outlander 400 EFI", {"model": []}], ["7509|||Outlander 450 Max Std", {"model": []}], ["7508|||Outlander 450 Std", {"model": []}], ["7510|||Outlander 570 Dps", {"model": []}], ["2141|||Outlander 650 EFI", {"model": []}], ["2142|||Outlander 800R EFI", {"model": []}], ["7513|||Outlander 850 Max Xt-P", {"model": []}], ["7514|||Outlander 1000R Max Xt-P", {"model": []}], ["2143|||Outlander MAX 400 EFI", {"model": []}], ["2144|||Outlander MAX 500 EFI LTD", {"model": []}], ["2145|||Outlander MAX 650 EFI", {"model": []}], ["2147|||Outlander MAX 800R EFI LTD", {"model": []}], ["2146|||Outlander MAX 800R EFI", {"model": []}], ["7511|||Outlander Max 570 Dps", {"model": []}], ["7512|||Outlander Max 650 Xt", {"model": []}], ["2150|||RT 1000", {"model": []}], ["2148|||Renegade 500 EFI", {"model": []}], ["7515|||Renegade 570 Std", {"model": []}], ["2149|||Renegade 800R EFI", {"model": []}], ["7516|||Renegade 1000 Xxc", {"model": []}], ["2151|||Spyder GS CH5", {"model": []}], ["2152|||Spyder GS CM5", {"model": []}], ["2153|||Spyder RS", {"model": []}], ["7517|||Traxter 1000 Xt", {"model": []}], ["2154|||Youth DS 70", {"model": []}], ["2155|||Youth DS 90", {"model": []}]]}]]}