{"make": [["272||1|Vespa", {"model": [["7041|||50", {"model": []}], ["7044|||98/2", {"model": []}], ["7045|||98/3", {"model": []}], ["7043|||98", {"model": []}], ["7069|||125 Cosa", {"model": []}], ["7071|||125 GTR", {"model": []}], ["7070|||125 GT", {"model": []}], ["7072|||125 Hexagon", {"model": []}], ["7073|||125 Super", {"model": []}], ["7074|||125 TS", {"model": []}], ["7075|||125 VNB", {"model": []}], ["7076|||150 Cosa", {"model": []}], ["7077|||150 GL", {"model": []}], ["7078|||150 GS", {"model": []}], ["7079|||150 GTR", {"model": []}], ["7033|||150 Sprint Veloce", {"model": []}], ["7032|||150 Sprint", {"model": []}], ["7034|||150 Super", {"model": []}], ["7035|||160 GS", {"model": []}], ["7036|||180 Rally", {"model": []}], ["7037|||180 SS", {"model": []}], ["7038|||180 Super Sport", {"model": []}], ["7039|||200 Cosa", {"model": []}], ["7040|||200 Rally", {"model": []}], ["7042|||946", {"model": []}], ["7046|||ACMA", {"model": []}], ["7047|||Cosa 125", {"model": []}], ["7048|||Cosa 200", {"model": []}], ["7049|||ET 2", {"model": []}], ["7385|||Elettrica", {"model": []}], ["7050|||GS 150", {"model": []}], ["7031|||GS 160", {"model": []}], ["7030|||GT 125 L", {"model": []}], ["7029|||GTR 350", {"model": []}], ["7386|||GTS 150", {"model": []}], ["8151|||GTS 200", {"model": []}], ["7028|||GTS 250ie", {"model": []}], ["7503|||GTS 250", {"model": []}], ["7502|||GTS 300", {"model": []}], ["7027|||GTS Super Sport", {"model": []}], ["7026|||GTV 125", {"model": []}], ["7025|||GTV 250", {"model": []}], ["7024|||GTV 300", {"model": []}], ["7023|||GTV Via Montenapoleone SE", {"model": []}], ["7022|||Hoffmann", {"model": []}], ["7021|||LX 25", {"model": []}], ["7019|||LX 45", {"model": []}], ["7020|||LX 150", {"model": []}], ["7017|||LX Touring 50", {"model": []}], ["7018|||LX Touring 125", {"model": []}], ["7014|||LXV 50", {"model": []}], ["7015|||LXV 125 ie Vie della Moda", {"model": []}], ["7016|||LXV 125", {"model": []}], ["7010|||P 80 X", {"model": []}], ["7013|||P 125", {"model": []}], ["7011|||P 200 E", {"model": []}], ["7012|||P 200", {"model": []}], ["7008|||PK 50", {"model": []}], ["7006|||PK 80 Lusso", {"model": []}], ["7007|||PK 80", {"model": []}], ["7009|||PK 125", {"model": []}], ["6994|||PX 80 Lusso", {"model": []}], ["6995|||PX 80", {"model": []}], ["6999|||PX 125 Limited", {"model": []}], ["7000|||PX 125", {"model": []}], ["8020|||PX 150", {"model": []}], ["6996|||PX 200 E", {"model": []}], ["6997|||PX 200 GS", {"model": []}], ["6998|||PX 200", {"model": []}], ["7003|||Primavera 50", {"model": []}], ["7004|||Primavera 150 3V", {"model": []}], ["7002|||Primavera ET3", {"model": []}], ["7001|||Primavera Touring", {"model": []}], ["7005|||Primavera", {"model": []}], ["6992|||Rosa Chic 2T SE", {"model": []}], ["6993|||Rosa Chic 4T SE", {"model": []}], ["6990|||S College 50 SE", {"model": []}], ["6991|||S College 125 SE", {"model": []}], ["6985|||SS", {"model": []}], ["6989|||Special 50", {"model": []}], ["6987|||Sprint 50", {"model": []}], ["6988|||Sprint 125 i.e.", {"model": []}], ["6986|||Sprint S 125", {"model": []}], ["6984|||Super Sport", {"model": []}], ["6983|||T 5", {"model": []}], ["6982|||V 31 T", {"model": []}], ["6981|||VBB 150", {"model": []}]]}]]}