{"make": [["609||1|TM", {"model": [["8023|||85", {"model": []}], ["2785|||125 SMX", {"model": []}], ["2786|||250 SMR 2T", {"model": []}], ["2787|||250 SMX 2T", {"model": []}], ["2789|||530 SMM 4T", {"model": []}], ["2788|||530", {"model": []}], ["2790|||660 SMX", {"model": []}], ["8024|||DKR Rallye 450 Fi ES", {"model": []}], ["8025|||EN 125", {"model": []}], ["8026|||EN 144", {"model": []}], ["8028|||EN 250 2T", {"model": []}], ["8030|||EN 250 Fi ES", {"model": []}], ["8029|||EN 250 Fi", {"model": []}], ["8027|||EN 250", {"model": []}], ["8032|||EN 300 2T", {"model": []}], ["8031|||EN 300", {"model": []}], ["8035|||EN 450 Fi ES", {"model": []}], ["8034|||EN 450 Fi", {"model": []}], ["8033|||EN 450", {"model": []}], ["8038|||EN 530 Fi ES", {"model": []}], ["8037|||EN 530 Fi", {"model": []}], ["8036|||EN 530", {"model": []}], ["2791|||EN", {"model": []}], ["8048|||MX 80/85/100 Junior", {"model": []}], ["8049|||MX 85 Junior", {"model": []}], ["8050|||MX 85/100", {"model": []}], ["8039|||MX 125 2T", {"model": []}], ["8041|||MX 144 2T", {"model": []}], ["8040|||MX 144", {"model": []}], ["8042|||MX 250 2T", {"model": []}], ["8043|||MX 300", {"model": []}], ["8044|||MX 450", {"model": []}], ["8047|||MX 530 Fi", {"model": []}], ["8046|||MX 530 F", {"model": []}], ["8045|||MX 530", {"model": []}], ["2793|||MX J", {"model": []}], ["2792|||MX", {"model": []}], ["8052|||SMM 125 2T", {"model": []}], ["8051|||SMM 125", {"model": []}], ["8054|||SMM 250 2T", {"model": []}], ["8055|||SMM 250 Fi ES", {"model": []}], ["8053|||SMM 250", {"model": []}], ["8057|||SMM 300 2T", {"model": []}], ["8056|||SMM 300", {"model": []}], ["8060|||SMM 450 Fi ES", {"model": []}], ["8059|||SMM 450 F", {"model": []}], ["8058|||SMM 450", {"model": []}], ["8063|||SMM 530 Fi ES", {"model": []}], ["8062|||SMM 530 F", {"model": []}], ["8061|||SMM 530", {"model": []}], ["2794|||SMM", {"model": []}], ["8064|||SMR 125 2T", {"model": []}], ["8066|||SMR 250 2T", {"model": []}], ["8067|||SMR 250 Fi ES", {"model": []}], ["8065|||SMR 250", {"model": []}], ["8068|||SMR 300 2T", {"model": []}], ["8070|||SMR 450 Fi ES", {"model": []}], ["8069|||SMR 450 F", {"model": []}], ["8073|||SMR 530 Fi ES", {"model": []}], ["8072|||SMR 530 F", {"model": []}], ["8071|||SMR 530", {"model": []}], ["2795|||SMR", {"model": []}], ["8074|||SMX 250 Fi KS", {"model": []}], ["8075|||SMX 300 2T", {"model": []}], ["8078|||SMX 450 Fi KS", {"model": []}], ["8077|||SMX 450 Fi", {"model": []}], ["8076|||SMX 450", {"model": []}], ["8080|||SMX 530 Fi KS", {"model": []}], ["8079|||SMX 530 F", {"model": []}], ["8081|||SMX 600", {"model": []}], ["8082|||SMX 660 F", {"model": []}], ["2796|||SMX", {"model": []}], ["2797|||TM125 EN ALU", {"model": []}], ["2798|||TM450F EN es ALU", {"model": []}]]}]]}