{"make": [["3871||1|Shineray", {"model": [["2408|||C125", {"model": []}], ["2409|||Dirty BIKE", {"model": []}], ["2411|||Energy Racing", {"model": []}], ["2410|||Energy", {"model": []}], ["2412|||Q-50", {"model": []}], ["2413|||X 150", {"model": []}], ["7485|||XY 50", {"model": []}], ["7490|||XY 100", {"model": []}], ["7489|||XY 110", {"model": []}], ["2414|||XY 125", {"model": []}], ["7488|||XY 150", {"model": []}], ["7487|||XY 200", {"model": []}], ["7486|||XY 250", {"model": []}], ["7612|||XY 350", {"model": []}], ["7611|||XY 400", {"model": []}], ["7610|||XY 500", {"model": []}]]}]]}