{"make": [["301||1|Gas-Gas", {"model": [["2156|||125 MC", {"model": []}], ["2157|||125 Pampera", {"model": []}], ["2158|||250 MC", {"model": []}], ["2159|||450 Pampera", {"model": []}], ["2160|||BETA", {"model": []}], ["2161|||EC 125", {"model": []}], ["2162|||EC 200", {"model": []}], ["2163|||EC 250", {"model": []}], ["2164|||EC 300", {"model": []}], ["2165|||FSE 450", {"model": []}], ["2166|||FSR 450", {"model": []}], ["2167|||Halley 125", {"model": []}], ["2168|||PRO 230", {"model": []}], ["2169|||QUAD 450", {"model": []}], ["2170|||SM 50 Rookie", {"model": []}], ["2171|||TXT 250", {"model": []}]]}]]}