{"make": [["299||1|Harley Davidson", {"model": [["1904|||DUO Glide", {"model": []}], ["1905|||DYNA FAT BOB", {"model": []}], ["1906|||DYNA LOW Rider", {"model": []}], ["7267|||DYNA Low Rider S Black", {"model": []}], ["1907|||DYNA Street BOB", {"model": []}], ["1908|||DYNA Super Glide Custom", {"model": []}], ["1909|||DYNA WIDE Glide", {"model": []}], ["1910|||E.G. Ultra Classic", {"model": []}], ["1911|||Electra Glide Standard", {"model": []}], ["1912|||Electra Glide Ultra Limited", {"model": []}], ["1914|||FAT BOY Special", {"model": []}], ["1913|||FAT BOY", {"model": []}], ["1915|||Flathead 750", {"model": []}], ["1916|||Heritage Softail Classic", {"model": []}], ["1917|||Heritage Springer", {"model": []}], ["1918|||IRON", {"model": []}], ["1920|||Night ROD Special", {"model": []}], ["1919|||Night ROD", {"model": []}], ["1923|||ROAD KING Classic", {"model": []}], ["1922|||ROAD KING", {"model": []}], ["1921|||Revaco 1450 Turbo Trike", {"model": []}], ["1925|||Softail 1340 Night Train", {"model": []}], ["1926|||Softail 1600 Night Train", {"model": []}], ["7272|||Softail Boy S", {"model": []}], ["7275|||Softail Breakout Pro Steet", {"model": []}], ["7274|||Softail Breakout", {"model": []}], ["1927|||Softail Cross Bones", {"model": []}], ["1928|||Softail Custom", {"model": []}], ["7273|||Softail Deluxe", {"model": []}], ["7271|||Softail Fat Boy Special Lo", {"model": []}], ["1929|||Softail Rocker 1573", {"model": []}], ["7270|||Softail Slim S", {"model": []}], ["7269|||Softail Slim", {"model": []}], ["1930|||Softail Springer", {"model": []}], ["1931|||Softail Standard", {"model": []}], ["1924|||Softail", {"model": []}], ["1932|||Sportster 48", {"model": []}], ["7264|||Sportster Custom Limited", {"model": []}], ["7263|||Sportster Forty-Eight", {"model": []}], ["7261|||Sportster Low", {"model": []}], ["7265|||Sportster Roadster", {"model": []}], ["7266|||Sportster Super Low 1200T", {"model": []}], ["7262|||Street 750 ", {"model": []}], ["1933|||Street Glide", {"model": []}], ["1934|||Street ROD", {"model": []}], ["7281|||Touring CVO Street Glide", {"model": []}], ["7282|||Touring CVO Ultra Classic Electra Glide ", {"model": []}], ["7280|||Touring Electra Glide Ultra Limited Low", {"model": []}], ["7278|||Touring Road Glide Special ", {"model": []}], ["7279|||Touring Road Glide Ultra ", {"model": []}], ["7276|||Touring Road King Special ", {"model": []}], ["7277|||Touring Street Glide Special ", {"model": []}], ["7284|||Trike Free Wheeler", {"model": []}], ["7283|||Trike Tri Glide Ultra Classic ", {"model": []}], ["1935|||V ROD Musce", {"model": []}], ["1936|||V-ROD", {"model": []}], ["7268|||V-Rod Night Rod Special ", {"model": []}], ["1940|||XL 883 L Sportster LOW", {"model": []}], ["1941|||XL 883 N Sportster IRON", {"model": []}], ["1942|||XL 883 R Sportster R", {"model": []}], ["1943|||XL 883 Sportster Custom", {"model": []}], ["1944|||XL 883 Sportster Sport", {"model": []}], ["1939|||XL 883 Standard", {"model": []}], ["1937|||XL 1200 N Nightster", {"model": []}], ["1938|||XL 1200 Sportster Custom", {"model": []}], ["1945|||XR 1200 Sportster XR", {"model": []}], ["1946|||XR 1200 X Sportster XR X", {"model": []}]]}]]}