{"make": [["3874||1|TCB", {"model": [["2250|||Buffalo 150", {"model": []}], ["2251|||Buffalo 250", {"model": []}], ["2252|||Buffalo 300", {"model": []}], ["2253|||FA H300", {"model": []}], ["2254|||HS 150", {"model": []}], ["2256|||Kamami 100", {"model": []}], ["2258|||Noble 50", {"model": []}], ["2257|||Noble 125", {"model": []}], ["2260|||Shark 50", {"model": []}], ["2259|||Shark 250", {"model": []}], ["2261|||Spark 125", {"model": []}], ["2262|||Spicy", {"model": []}], ["2263|||Storm 125", {"model": []}], ["2266|||WIND 50", {"model": []}], ["2264|||WIND 125", {"model": []}], ["2267|||WIND X", {"model": []}]]}]]}