{"make": [["289||1|Kreidler", {"model": [["7421|||Amazone", {"model": []}], ["7422|||Dice CR 125", {"model": []}], ["7601|||Dice", {"model": []}], ["7423|||Enduro 200", {"model": []}], ["7424|||F-Kart", {"model": []}], ["7426|||Flirt ES", {"model": []}], ["7425|||Flirt", {"model": []}], ["7429|||Florett 25", {"model": []}], ["7430|||Florett 50", {"model": []}], ["7431|||Florett 80", {"model": []}], ["7428|||Florett 125", {"model": []}], ["7427|||Florett", {"model": []}], ["7433|||Flory 25", {"model": []}], ["7465|||Flory 50", {"model": []}], ["7432|||Flory 125", {"model": []}], ["7464|||Flory VIP", {"model": []}], ["7463|||Flott G", {"model": []}], ["7462|||Galactica 50", {"model": []}], ["7461|||Galactica Electro", {"model": []}], ["7459|||Hiker 50", {"model": []}], ["7460|||Hiker 125", {"model": []}], ["7458|||Hiker Electro", {"model": []}], ["7457|||Insignio 250", {"model": []}], ["7456|||J 50/51", {"model": []}], ["7455|||Jigger 50", {"model": []}], ["7454|||K 50", {"model": []}], ["7453|||K 51", {"model": []}], ["7452|||Martinique 125", {"model": []}], ["7448|||Mustang 50", {"model": []}], ["7451|||Mustang 125", {"model": []}], ["7450|||Mustang 170", {"model": []}], ["7449|||Mustang 250", {"model": []}], ["7445|||Mustang GS", {"model": []}], ["7443|||RMC-E 50", {"model": []}], ["7442|||RMC-G 125", {"model": []}], ["7444|||Rennmaschine", {"model": []}], ["7441|||Street 125", {"model": []}], ["7436|||Supermoto 50", {"model": []}], ["7437|||Supermoto 125", {"model": []}], ["7435|||Vabene", {"model": []}], ["7434|||Van Veen", {"model": []}]]}]]}