{"make": [["602||1|Keeway", {"model": [["2386|||ARN 125", {"model": []}], ["2387|||ARN 150", {"model": []}], ["6643|||ARN", {"model": []}], ["6644|||Agora", {"model": []}], ["6642|||Base 50", {"model": []}], ["7597|||Blackster", {"model": []}], ["3575|||Cityblade 125", {"model": []}], ["3576|||Cityblade 150", {"model": []}], ["7596|||Cityblade", {"model": []}], ["2388|||Cruiser 150", {"model": []}], ["2389|||Cruiser 250", {"model": []}], ["6641|||Easy", {"model": []}], ["2390|||F-ACT 50", {"model": []}], ["2391|||F-ACT NKD 50", {"model": []}], ["2392|||F-ACT Racing", {"model": []}], ["6640|||F-Act", {"model": []}], ["3570|||F-act EVO 50", {"model": []}], ["2393|||Flash 50", {"model": []}], ["6639|||Flash", {"model": []}], ["2394|||Goccia 50", {"model": []}], ["2396|||Hacker 50", {"model": []}], ["2395|||Hacker 125", {"model": []}], ["6638|||Hacker", {"model": []}], ["6637|||Hurricane", {"model": []}], ["2397|||Keeway ARN", {"model": []}], ["3574|||Logik 105", {"model": []}], ["3573|||Logik 125 ", {"model": []}], ["7369|||Logik 150", {"model": []}], ["7595|||Logik", {"model": []}], ["2401|||Matrix 50 Racing", {"model": []}], ["2400|||Matrix 50", {"model": []}], ["2398|||Matrix 125", {"model": []}], ["2399|||Matrix 150", {"model": []}], ["3572|||Milan 50", {"model": []}], ["6636|||Milan", {"model": []}], ["6635|||Outlook 125", {"model": []}], ["2402|||Outlook 150", {"model": []}], ["2403|||Partner 110", {"model": []}], ["2404|||Pixel 50", {"model": []}], ["6634|||RKV 125", {"model": []}], ["6633|||RY6", {"model": []}], ["6632|||RY8", {"model": []}], ["6628|||SWAN", {"model": []}], ["3577|||Silverblade 250i", {"model": []}], ["6631|||Silverblade", {"model": []}], ["2405|||Speed 150", {"model": []}], ["6630|||Speed", {"model": []}], ["2406|||Super Light 125", {"model": []}], ["6629|||Superlight", {"model": []}], ["3578|||Target 125", {"model": []}], ["6627|||Viva 125", {"model": []}], ["2407|||X-RAY 50", {"model": []}], ["7594|||Zahara", {"model": []}]]}]]}