{"make": [["275||1|Sachs", {"model": [["7835|||4 Rock 50", {"model": []}], ["7836|||4 Rock 250", {"model": []}], ["7833|||49 II", {"model": []}], ["7834|||49er", {"model": []}], ["7832|||ATV 650", {"model": []}], ["7829|||Bee 50", {"model": []}], ["7830|||Bee 125", {"model": []}], ["7828|||Dirty Devil 125", {"model": []}], ["7827|||Eagle", {"model": []}], ["7826|||Elo - Bike", {"model": []}], ["7825|||Elo - Roller", {"model": []}], ["7823|||F 50 ATV", {"model": []}], ["7824|||F 450 ATV", {"model": []}], ["7822|||Husky 125", {"model": []}], ["7821|||KX 50", {"model": []}], ["7820|||LF 125", {"model": []}], ["7819|||Limbo", {"model": []}], ["7817|||MX 1", {"model": []}], ["7818|||MadAss", {"model": []}], ["2522|||Madass 50", {"model": []}], ["2523|||Manesis", {"model": []}], ["7816|||Optima 50", {"model": []}], ["7815|||Prima 4", {"model": []}], ["7814|||Prima 5", {"model": []}], ["7813|||Prima E", {"model": []}], ["7811|||Quattrocento", {"model": []}], ["7809|||RS 40", {"model": []}], ["7812|||Roadster 650", {"model": []}], ["7810|||Roadster 800", {"model": []}], ["7804|||SIS Saxy", {"model": []}], ["7799|||SX 1", {"model": []}], ["7798|||SX 2", {"model": []}], ["7808|||Samba SR", {"model": []}], ["7807|||Saxonette", {"model": []}], ["7806|||Saxy 25", {"model": []}], ["7805|||Saxy 45", {"model": []}], ["7803|||Speedforce 50", {"model": []}], ["7802|||Speedjet 50", {"model": []}], ["7801|||Splinter", {"model": []}], ["7800|||Swing 50", {"model": []}], ["7797|||T-Rex", {"model": []}], ["7795|||TC 50 M", {"model": []}], ["7796|||Taifun 125", {"model": []}], ["7794|||Ultra RS", {"model": []}], ["7793|||X-Road", {"model": []}], ["7792|||XRoad 125", {"model": []}], ["7791|||XTC 125", {"model": []}], ["2524|||XTC", {"model": []}], ["7789|||ZX 50", {"model": []}], ["7790|||ZX 125", {"model": []}], ["7788|||ZZ 125", {"model": []}], ["7831|||b-805", {"model": []}]]}]]}