{"make": [["3883||1|Motivas", {"model": [["3040|||MT 001 Junior 50", {"model": []}], ["3041|||MT 002 Junior 50", {"model": []}], ["3054|||MT 50-5", {"model": []}], ["3055|||MT 50C", {"model": []}], ["3053|||MT 50", {"model": []}], ["3043|||MT 125-16", {"model": []}], ["3045|||MT 150 AUTO", {"model": []}], ["3046|||MT 150 B-2", {"model": []}], ["3039|||MT 150 B", {"model": []}], ["3047|||MT 150 CH", {"model": []}], ["3048|||MT 150 RS", {"model": []}], ["3049|||MT 150-3", {"model": []}], ["3044|||MT 150", {"model": []}], ["3050|||MT 200", {"model": []}], ["3051|||MT 260 B-1", {"model": []}], ["3052|||MT 400", {"model": []}], ["3042|||MT 1100 B", {"model": []}], ["3056|||MULE 400", {"model": []}]]}]]}