{"make": [["3872||1|Lifan", {"model": [["2377|||CITY 125", {"model": []}], ["2378|||EVO 5", {"model": []}], ["2379|||EVO COOL 125", {"model": []}], ["4546|||Enduro 125", {"model": []}], ["4547|||King 125", {"model": []}], ["4548|||King 250", {"model": []}], ["2382|||LF 50 QGY", {"model": []}], ["2380|||LF 100-A", {"model": []}], ["2381|||LF 125 GY-6", {"model": []}], ["4549|||LF 400", {"model": []}], ["4550|||Royal 250", {"model": []}], ["4551|||Royal 400", {"model": []}], ["2384|||Smart 50", {"model": []}], ["2383|||Smart 125", {"model": []}], ["2385|||Sport 125", {"model": []}], ["4552|||Supermoto 250", {"model": []}], ["4553|||Traveller 125", {"model": []}], ["4554|||Wild 250", {"model": []}], ["4555|||Wild 400", {"model": []}]]}]]}