{"make": [["284||1|Malaguti", {"model": [["7649|||125 E", {"model": []}], ["7648|||Blog 125", {"model": []}], ["7641|||CR 1 Crosser", {"model": []}], ["7647|||Cavalcone 80", {"model": []}], ["1805|||Centro 125 i.e.", {"model": []}], ["1806|||Centro 160 i.e.", {"model": []}], ["7646|||Centro", {"model": []}], ["7643|||Ciak 50", {"model": []}], ["7645|||Ciak 100", {"model": []}], ["7644|||Ciak 125", {"model": []}], ["7642|||Ciak Electric", {"model": []}], ["1807|||Crosser", {"model": []}], ["1808|||Drakon", {"model": []}], ["7640|||Drope", {"model": []}], ["7639|||Dune 80", {"model": []}], ["1810|||F12", {"model": []}], ["1811|||F15", {"model": []}], ["7638|||F 10", {"model": []}], ["1809|||F 18 Warrior", {"model": []}], ["7637|||F 18", {"model": []}], ["7636|||Fifty Top 25", {"model": []}], ["1812|||Firefox", {"model": []}], ["7633|||Grizzly 4-Wheels", {"model": []}], ["7635|||Grizzly 10", {"model": []}], ["7634|||Grizzly 12", {"model": []}], ["7632|||MGX", {"model": []}], ["1814|||Madison 125", {"model": []}], ["1815|||Madison 150", {"model": []}], ["1816|||Madison 200", {"model": []}], ["1817|||Madison 250", {"model": []}], ["1813|||Madison 400", {"model": []}], ["1818|||Madison R180", {"model": []}], ["1819|||Password 250", {"model": []}], ["1820|||Phantom 50 Stoner", {"model": []}], ["7630|||RST", {"model": []}], ["7631|||Ronco 25", {"model": []}], ["7629|||Spidermax 500", {"model": []}], ["1821|||Spidermax GT 500 ie", {"model": []}], ["1822|||Spidermax RS 500 ie", {"model": []}], ["7628|||X3M", {"model": []}], ["7627|||XSM", {"model": []}], ["7626|||XTM", {"model": []}], ["7625|||Yesterday 50", {"model": []}], ["1823|||Yesterday", {"model": []}]]}]]}