{"make": [["47||1|Benelli", {"model": [["7925|||49X", {"model": []}], ["7936|||125 2 C", {"model": []}], ["7935|||125 Jarno", {"model": []}], ["7934|||125 Sport", {"model": []}], ["7933|||250 2 C", {"model": []}], ["7932|||250 Quattro", {"model": []}], ["7931|||250 Sport", {"model": []}], ["7930|||254", {"model": []}], ["7929|||350 RS", {"model": []}], ["7928|||354 Sport", {"model": []}], ["7927|||402 S", {"model": []}], ["7926|||491", {"model": []}], ["7924|||500 Quattro", {"model": []}], ["7923|||504 Sport", {"model": []}], ["7922|||654", {"model": []}], ["7921|||750 Sei", {"model": []}], ["7920|||752 S", {"model": []}], ["7919|||900 Sei", {"model": []}], ["7918|||Adiva 125", {"model": []}], ["7917|||Adiva 150", {"model": []}], ["3057|||Adiva", {"model": []}], ["7493|||BN 251", {"model": []}], ["7498|||BN 302R", {"model": []}], ["7494|||BN 302", {"model": []}], ["7915|||BN 600 GT", {"model": []}], ["7916|||BN 600 I", {"model": []}], ["7914|||BN 600 R", {"model": []}], ["7913|||Cafe Racer", {"model": []}], ["7912|||Caffe Nero", {"model": []}], ["7911|||Campus 50", {"model": []}], ["7910|||City Bike", {"model": []}], ["7909|||Devil 50", {"model": []}], ["3058|||GT 491", {"model": []}], ["7908|||Imperiale", {"model": []}], ["3062|||K2", {"model": []}], ["3059|||KB 50", {"model": []}], ["7497|||LEONCINO", {"model": []}], ["7907|||Naked 50", {"model": []}], ["3060|||PEPE", {"model": []}], ["7906|||Quattronove X", {"model": []}], ["7904|||S 50", {"model": []}], ["7905|||S 125", {"model": []}], ["7903|||Spring 50", {"model": []}], ["7902|||Sprite", {"model": []}], ["7495|||TNT 125", {"model": []}], ["7900|||TNT 899", {"model": []}], ["7901|||TNT 1130", {"model": []}], ["7899|||TNT R 160", {"model": []}], ["7897|||TNT Sport Evo", {"model": []}], ["7898|||TNT Sport", {"model": []}], ["7896|||TNT Titanium", {"model": []}], ["3063|||TNT", {"model": []}], ["7887|||TRK 251", {"model": []}], ["7496|||TRK 502", {"model": []}], ["7894|||Tornado 1130", {"model": []}], ["7893|||Tornado LE 900", {"model": []}], ["7892|||Tornado RS 900", {"model": []}], ["7891|||Tornado Tre 900", {"model": []}], ["7895|||Tornado", {"model": []}], ["7888|||Trek 899", {"model": []}], ["7889|||Trek 1130 Amazonas", {"model": []}], ["7890|||Trek 1130", {"model": []}], ["7886|||Velvet 125", {"model": []}], ["7885|||Velvet 150", {"model": []}], ["7884|||Velvet 250", {"model": []}], ["7883|||Velvet 400", {"model": []}], ["3061|||Velvet", {"model": []}]]}]]}