{"make": [["287||1|Kymco", {"model": [["7290|||AK 550", {"model": []}], ["2055|||APEX", {"model": []}], ["2056|||AXR 110", {"model": []}], ["2050|||Activ 50", {"model": []}], ["2049|||Activ 110 AL", {"model": []}], ["2048|||Activ 110", {"model": []}], ["2051|||Activ SR 125", {"model": []}], ["2047|||Activ", {"model": []}], ["6977|||Agility 50", {"model": []}], ["2053|||Agility 125", {"model": []}], ["6980|||Agility 150", {"model": []}], ["6979|||Agility 200", {"model": []}], ["6978|||Agility 300", {"model": []}], ["2054|||Agility CITY 150", {"model": []}], ["2052|||Agility", {"model": []}], ["2061|||B & W 50", {"model": []}], ["2057|||B & W 125", {"model": []}], ["2058|||B & W 150", {"model": []}], ["2059|||B & W 200", {"model": []}], ["2060|||B & W 250", {"model": []}], ["6973|||Bet & Win 50", {"model": []}], ["6976|||Bet & Win 125", {"model": []}], ["6975|||Bet & Win 150", {"model": []}], ["6974|||Bet & Win 250", {"model": []}], ["2062|||CK 125", {"model": []}], ["6971|||Calypso 50", {"model": []}], ["6972|||Calypso 125", {"model": []}], ["6970|||Cobra Cross 50", {"model": []}], ["6969|||Cobra Exclusive", {"model": []}], ["6968|||Cobra Racer 100", {"model": []}], ["6967|||Curio 50", {"model": []}], ["2063|||DINK", {"model": []}], ["6960|||DJ 50", {"model": []}], ["6961|||DJ 125 S", {"model": []}], ["6962|||Dink 50", {"model": []}], ["6966|||Dink 125", {"model": []}], ["6965|||Dink 150", {"model": []}], ["6964|||Dink 200", {"model": []}], ["6963|||Dink 250", {"model": []}], ["6959|||Downtown 125i", {"model": []}], ["6958|||Downtown 200i", {"model": []}], ["6957|||Downtown 300i", {"model": []}], ["2064|||Downtown 300", {"model": []}], ["6231|||Downtown 350i", {"model": []}], ["2065|||Fever ZX 50", {"model": []}], ["6956|||Fever ZX", {"model": []}], ["6955|||Filly 50", {"model": []}], ["2066|||Grand DINK 125", {"model": []}], ["2067|||Grand DINK 250", {"model": []}], ["6952|||Grand Dink 50", {"model": []}], ["6954|||Grand Dink 150", {"model": []}], ["6953|||Grand Dink 300", {"model": []}], ["6949|||Heroism 50", {"model": []}], ["6951|||Heroism 125", {"model": []}], ["6950|||Heroism 150", {"model": []}], ["6948|||Hipster 125", {"model": []}], ["2068|||Jetix 50", {"model": []}], ["6947|||Jetix 125", {"model": []}], ["6946|||K 12", {"model": []}], ["6944|||K-Pipe 50", {"model": []}], ["6945|||K-Pipe 125", {"model": []}], ["6943|||K-XCT 125", {"model": []}], ["2069|||KB", {"model": []}], ["3261|||KXCT 300", {"model": []}], ["6942|||KXR 50", {"model": []}], ["2070|||KXR 250", {"model": []}], ["2071|||LIKE", {"model": []}], ["6939|||Like 50", {"model": []}], ["6941|||Like 125", {"model": []}], ["7525|||Like 150", {"model": []}], ["6940|||Like 200i", {"model": []}], ["2083|||MXU 50", {"model": []}], ["2079|||MXU 150", {"model": []}], ["2080|||MXU 250", {"model": []}], ["2081|||MXU 300", {"model": []}], ["2082|||MXU 400", {"model": []}], ["6930|||MXU 450i", {"model": []}], ["2084|||MXU 500", {"model": []}], ["6929|||MXU 550 EXi LOF", {"model": []}], ["7603|||MXU 550", {"model": []}], ["6928|||MXU 700", {"model": []}], ["6931|||MXer 50", {"model": []}], ["2078|||MXer 150", {"model": []}], ["2077|||MXer", {"model": []}], ["6938|||Many", {"model": []}], ["6934|||Maxxer 50", {"model": []}], ["6937|||Maxxer 250", {"model": []}], ["2072|||Maxxer 300", {"model": []}], ["6936|||Maxxer 400", {"model": []}], ["6935|||Maxxer 450i", {"model": []}], ["2073|||Maxxer 450", {"model": []}], ["2075|||Movie 125 XL", {"model": []}], ["6933|||Movie 125S", {"model": []}], ["2076|||Movie 150 XL", {"model": []}], ["6932|||Movie XL", {"model": []}], ["2074|||Movie", {"model": []}], ["6927|||Myroad 700i", {"model": []}], ["7602|||Newsento", {"model": []}], ["2086|||Nexxon 50", {"model": []}], ["2085|||Nexxon 125", {"model": []}], ["6926|||Outlaw 525 IRS", {"model": []}], ["2094|||PEOPLE-S 50", {"model": []}], ["2093|||PEOPLE-S 200i", {"model": []}], ["2092|||PEOPLE-S 200", {"model": []}], ["6925|||People 50", {"model": []}], ["2088|||People 125", {"model": []}], ["2089|||People 150", {"model": []}], ["2090|||People 250", {"model": []}], ["2091|||People GT 300i", {"model": []}], ["6924|||People GTi", {"model": []}], ["3263|||People One 125", {"model": []}], ["6922|||People One", {"model": []}], ["6917|||People S 50", {"model": []}], ["6923|||People S 125", {"model": []}], ["6915|||People S 250i", {"model": []}], ["6916|||People S 300i", {"model": []}], ["6226|||People-S 300", {"model": []}], ["2087|||People", {"model": []}], ["6918|||Pulsar 125", {"model": []}], ["2095|||Quannon 125", {"model": []}], ["2103|||SUPER-9", {"model": []}], ["6919|||Scout 50", {"model": []}], ["6920|||Sector 125", {"model": []}], ["6901|||Sento 50", {"model": []}], ["6903|||Spacer 50", {"model": []}], ["6902|||Spacer 125", {"model": []}], ["7524|||Spade 150", {"model": []}], ["2098|||Spike 125R", {"model": []}], ["2097|||Spike 125", {"model": []}], ["2096|||Spike", {"model": []}], ["2099|||Straight 125", {"model": []}], ["2100|||Straight 150", {"model": []}], ["2101|||Stryker 125", {"model": []}], ["6904|||Styker 125", {"model": []}], ["6905|||Sun Boy", {"model": []}], ["2102|||Super 8", {"model": []}], ["6906|||Super 9", {"model": []}], ["6907|||Super Dink 125", {"model": []}], ["6908|||Super Dink 300", {"model": []}], ["6909|||Super Fever ZX 50", {"model": []}], ["6910|||T7", {"model": []}], ["2104|||TOP BOY", {"model": []}], ["6911|||Top Boy 50", {"model": []}], ["6912|||UXV 450", {"model": []}], ["2105|||UXV 500", {"model": []}], ["6913|||UXV 700", {"model": []}], ["6899|||VP50", {"model": []}], ["2106|||Venox 250", {"model": []}], ["7773|||Visar 50", {"model": []}], ["7774|||Visar 110", {"model": []}], ["2107|||Vitality 50", {"model": []}], ["6900|||Vitality", {"model": []}], ["6914|||Vivio 125", {"model": []}], ["6232|||X-Town 125i", {"model": []}], ["6230|||X-Town 300i", {"model": []}], ["6898|||X-Town", {"model": []}], ["2109|||Xciting 250i", {"model": []}], ["2108|||Xciting 250", {"model": []}], ["2111|||Xciting 300 R", {"model": []}], ["6897|||Xciting 300i", {"model": []}], ["2110|||Xciting 300", {"model": []}], ["6896|||Xciting 400i", {"model": []}], ["3262|||Xciting 400", {"model": []}], ["2113|||Xciting 500i", {"model": []}], ["2112|||Xciting 500", {"model": []}], ["2115|||YUP 50", {"model": []}], ["2114|||YUP 250", {"model": []}], ["6894|||Yager 50", {"model": []}], ["6895|||Yager 125", {"model": []}], ["6893|||Yager GT", {"model": []}], ["6892|||Zing 125", {"model": []}]]}]]}