{"make": [["3870||1|Zongshen", {"model": [["7531|||CAB 50", {"model": []}], ["7530|||CAB 125 Next Generation", {"model": []}], ["7529|||CAB 125", {"model": []}], ["7532|||CAMA", {"model": []}], ["7533|||Cruiser 125", {"model": []}], ["7534|||Explorer 125", {"model": []}], ["7535|||F 2200", {"model": []}], ["7536|||FLASH 125", {"model": []}], ["7537|||GY-A 125", {"model": []}], ["7538|||HAPPINESS", {"model": []}], ["7539|||ICON 125", {"model": []}], ["7551|||Legion 250", {"model": []}], ["7550|||MKS Eco Bike", {"model": []}], ["7616|||RC3", {"model": []}], ["7615|||RX1", {"model": []}], ["7614|||RX3", {"model": []}], ["7613|||RZ3", {"model": []}], ["7549|||WIND 25", {"model": []}], ["7542|||ZS 50 QT-4", {"model": []}], ["7541|||ZS 50 ST", {"model": []}], ["7548|||ZS 100-21", {"model": []}], ["7547|||ZS 110-60", {"model": []}], ["7546|||ZS 125 YS-10", {"model": []}], ["7545|||ZS 125-50", {"model": []}], ["7544|||ZS 125-56", {"model": []}], ["7543|||ZS 200 ST", {"model": []}], ["7540|||ZS 750", {"model": []}], ["1516|||Z", {"model": []}]]}]]}