{"make": [["290||1|Kawasaki", {"model": [["6776|||125 F", {"model": []}], ["6775|||125 KS", {"model": []}], ["6774|||250 S1", {"model": []}], ["6767|||350 S2", {"model": []}], ["6768|||400 S3", {"model": []}], ["6769|||500 H1", {"model": []}], ["6770|||750 H2", {"model": []}], ["6771|||900 Z", {"model": []}], ["6772|||A1 Samurai", {"model": []}], ["6773|||A7 Avenger", {"model": []}], ["6766|||AR 50", {"model": []}], ["3290|||Athlete 125 B", {"model": []}], ["3291|||Athlete 125 D", {"model": []}], ["1715|||BJ Estrella", {"model": []}], ["1716|||BM 125 Eliminator", {"model": []}], ["6764|||BN 125", {"model": []}], ["1717|||BN 250 Eliminator", {"model": []}], ["1718|||BN 400 Eliminator", {"model": []}], ["1719|||BN 600 Eliminator", {"model": []}], ["6765|||Bayou 300", {"model": []}], ["7600|||Brute Force 300", {"model": []}], ["6763|||Brute Force 650", {"model": []}], ["6762|||Brute Force 750", {"model": []}], ["1720|||D-TRACKER", {"model": []}], ["6761|||D-Tracker 125", {"model": []}], ["6760|||EL 125", {"model": []}], ["6759|||EL 175", {"model": []}], ["6740|||EL 250", {"model": []}], ["6741|||EL 252", {"model": []}], ["6742|||EN 450 LTD", {"model": []}], ["6743|||EN 500", {"model": []}], ["1721|||EN", {"model": []}], ["1724|||ER6-n", {"model": []}], ["6744|||ER - 5 Twister", {"model": []}], ["6745|||ER - 6 N", {"model": []}], ["1722|||ER-5", {"model": []}], ["1723|||ER-6f", {"model": []}], ["6746|||Estrella 250", {"model": []}], ["6747|||F6", {"model": []}], ["6748|||GPX 500", {"model": []}], ["6749|||GPX 600 R", {"model": []}], ["6750|||GPX 750 R", {"model": []}], ["1725|||GPX", {"model": []}], ["6753|||GPZ 250", {"model": []}], ["6754|||GPZ 305", {"model": []}], ["6755|||GPZ 400", {"model": []}], ["1727|||GPZ 500 S", {"model": []}], ["6756|||GPZ 550", {"model": []}], ["6757|||GPZ 600", {"model": []}], ["6758|||GPZ 750", {"model": []}], ["6739|||GPZ 900 R", {"model": []}], ["6751|||GPZ 1000", {"model": []}], ["6752|||GPZ 1100", {"model": []}], ["1726|||GPZ", {"model": []}], ["1728|||GTR 1000", {"model": []}], ["1729|||GTR 1400", {"model": []}], ["6738|||J125", {"model": []}], ["3388|||J 300", {"model": []}], ["1730|||JOY-R", {"model": []}], ["1731|||KAZE R 115", {"model": []}], ["1732|||KAZE R 130", {"model": []}], ["1733|||KAZE VR Special Edition", {"model": []}], ["6737|||KDX 125", {"model": []}], ["7174|||KDX 175", {"model": []}], ["6736|||KDX 200", {"model": []}], ["6735|||KDX 250", {"model": []}], ["1734|||KDX", {"model": []}], ["6734|||KE 100", {"model": []}], ["6712|||KE 125", {"model": []}], ["6713|||KE 175", {"model": []}], ["6714|||KEF 300", {"model": []}], ["6716|||KFX 50", {"model": []}], ["1735|||KFX 400", {"model": []}], ["6715|||KFX 450R", {"model": []}], ["1736|||KFX 450", {"model": []}], ["1737|||KFX 700", {"model": []}], ["6717|||KH 125", {"model": []}], ["6718|||KH 250", {"model": []}], ["6719|||KH 400", {"model": []}], ["6720|||KH 500", {"model": []}], ["6721|||KL 250", {"model": []}], ["6722|||KL 500", {"model": []}], ["6723|||KL 650", {"model": []}], ["1738|||KLE 250 Anhelo", {"model": []}], ["1739|||KLE 400", {"model": []}], ["1740|||KLE 500", {"model": []}], ["6724|||KLF 220", {"model": []}], ["6725|||KLF 250", {"model": []}], ["6726|||KLF 300", {"model": []}], ["1741|||KLR 250", {"model": []}], ["6727|||KLR 500", {"model": []}], ["6728|||KLR 600", {"model": []}], ["1743|||KLR 650 SM", {"model": []}], ["1742|||KLR 650", {"model": []}], ["1744|||KLV 1000", {"model": []}], ["1745|||KLX 110", {"model": []}], ["1746|||KLX 125R", {"model": []}], ["6729|||KLX 125", {"model": []}], ["7297|||KLX 140", {"model": []}], ["1747|||KLX 250", {"model": []}], ["1749|||KLX 300 R", {"model": []}], ["6730|||KLX 300", {"model": []}], ["1750|||KLX 450 R", {"model": []}], ["6731|||KLX 450", {"model": []}], ["1751|||KLX 650", {"model": []}], ["6732|||KM 100", {"model": []}], ["1752|||KMX 125", {"model": []}], ["1753|||KMX 200", {"model": []}], ["6733|||KR-1", {"model": []}], ["1754|||KSF 50 QUAD", {"model": []}], ["6711|||KSF 250", {"model": []}], ["1755|||KSR", {"model": []}], ["1756|||KSV 700", {"model": []}], ["6710|||KVF 300", {"model": []}], ["6709|||KVF 360", {"model": []}], ["6708|||KVF 400", {"model": []}], ["6707|||KVF 650", {"model": []}], ["6706|||KVF 700", {"model": []}], ["1757|||KVF 750", {"model": []}], ["6687|||KX 60", {"model": []}], ["6688|||KX 65", {"model": []}], ["1762|||KX 80", {"model": []}], ["1763|||KX 85", {"model": []}], ["7387|||KX 100", {"model": []}], ["1758|||KX 125", {"model": []}], ["1760|||KX 250F", {"model": []}], ["1759|||KX 250", {"model": []}], ["1761|||KX 450F", {"model": []}], ["6705|||KX 450", {"model": []}], ["6686|||KX 500", {"model": []}], ["1764|||KXR 400", {"model": []}], ["6689|||KZ 400", {"model": []}], ["6690|||KZ 550", {"model": []}], ["6691|||KZ 750", {"model": []}], ["3289|||Kaze 115 S", {"model": []}], ["6692|||LTD 450", {"model": []}], ["1765|||LTD 454", {"model": []}], ["1766|||MAX 100", {"model": []}], ["6695|||Mule 600", {"model": []}], ["6696|||Mule 610", {"model": []}], ["6693|||Mule 3010", {"model": []}], ["6694|||Mule 4010", {"model": []}], ["7599|||Mule Pro-DX", {"model": []}], ["7298|||Mule SX", {"model": []}], ["6697|||Ninja 250 R", {"model": []}], ["6698|||Ninja 250 SL", {"model": []}], ["6699|||Ninja 300", {"model": []}], ["7561|||Ninja 400", {"model": []}], ["7299|||Ninja 650", {"model": []}], ["6700|||Ninja H2 R", {"model": []}], ["3389|||Ninja H2", {"model": []}], ["6703|||Ninja ZX - 6 R", {"model": []}], ["6704|||Ninja ZX - 7 R", {"model": []}], ["6670|||Ninja ZX - 9 R", {"model": []}], ["6701|||Ninja ZX - 10 R", {"model": []}], ["6702|||Ninja ZX - 12 R", {"model": []}], ["7388|||Ninja ZX - 14 R", {"model": []}], ["6669|||Prairie 400", {"model": []}], ["6668|||RAU RK 900", {"model": []}], ["1767|||Sherpa", {"model": []}], ["6667|||Tengai", {"model": []}], ["6671|||VN 15", {"model": []}], ["6673|||VN 250", {"model": []}], ["1771|||VN 400 Classic", {"model": []}], ["6675|||VN 500", {"model": []}], ["1772|||VN 750", {"model": []}], ["1773|||VN 800 Classic", {"model": []}], ["6676|||VN 800", {"model": []}], ["1774|||VN 900", {"model": []}], ["1769|||VN 1500", {"model": []}], ["1770|||VN 1600 Mean Streak Fi", {"model": []}], ["6664|||VN 1600", {"model": []}], ["6672|||VN 1700", {"model": []}], ["6674|||VN 2000", {"model": []}], ["1768|||Versys 650", {"model": []}], ["6665|||Versys 1000", {"model": []}], ["6220|||Versys-X 300 ABS ", {"model": []}], ["7229|||Versys-X 300", {"model": []}], ["6666|||Versys", {"model": []}], ["6677|||Voyager 1200", {"model": []}], ["6678|||Voyager 1300", {"model": []}], ["6679|||Vulcan S", {"model": []}], ["1775|||Vulcan", {"model": []}], ["1776|||W 650", {"model": []}], ["6680|||W 800", {"model": []}], ["6681|||Z 1", {"model": []}], ["7300|||Z 125", {"model": []}], ["6684|||Z 200", {"model": []}], ["3390|||Z 250 SL", {"model": []}], ["6685|||Z 250", {"model": []}], ["3392|||Z 300", {"model": []}], ["6663|||Z 400", {"model": []}], ["6662|||Z 440", {"model": []}], ["6661|||Z 450", {"model": []}], ["6660|||Z 550", {"model": []}], ["1778|||Z 650", {"model": []}], ["1780|||Z 750 S", {"model": []}], ["1779|||Z 750", {"model": []}], ["3391|||Z 800", {"model": []}], ["6659|||Z 900", {"model": []}], ["1777|||Z 1000", {"model": []}], ["6682|||Z 1100", {"model": []}], ["6683|||Z 1300", {"model": []}], ["6654|||ZL 400", {"model": []}], ["6653|||ZL 500", {"model": []}], ["6652|||ZL 600", {"model": []}], ["6651|||ZL 900", {"model": []}], ["6655|||ZL 1000", {"model": []}], ["7598|||ZR 750", {"model": []}], ["6650|||ZR 1000", {"model": []}], ["1781|||ZR Zephyr", {"model": []}], ["1783|||ZR-7 S", {"model": []}], ["1782|||ZR-7", {"model": []}], ["1784|||ZRX 1100", {"model": []}], ["1786|||ZRX 1200 R", {"model": []}], ["1785|||ZRX 1200", {"model": []}], ["1787|||ZX 10 R Ninja", {"model": []}], ["3292|||ZX 130 C SPORTY", {"model": []}], ["1788|||ZX 130", {"model": []}], ["1789|||ZX 135", {"model": []}], ["1790|||ZX 250R Ninja", {"model": []}], ["6649|||ZX 500", {"model": []}], ["6648|||ZX 600", {"model": []}], ["6647|||ZX 750", {"model": []}], ["1793|||ZX-6R Ninja", {"model": []}], ["1794|||ZX-7R Ninja", {"model": []}], ["1795|||ZX-9R Ninja", {"model": []}], ["1791|||ZX-12 R", {"model": []}], ["3293|||ZX-130B TRENDY", {"model": []}], ["1792|||ZX-636 R", {"model": []}], ["1796|||ZXR 400", {"model": []}], ["6646|||ZXR 750", {"model": []}], ["6645|||ZZ - R 500", {"model": []}], ["1801|||ZZR 250", {"model": []}], ["1802|||ZZR 400", {"model": []}], ["7981|||ZZR 500", {"model": []}], ["1803|||ZZR 600", {"model": []}], ["1797|||ZZR 1000", {"model": []}], ["1798|||ZZR 1100", {"model": []}], ["1799|||ZZR 1200", {"model": []}], ["1800|||ZZR 1400", {"model": []}], ["6657|||Zephyr 550", {"model": []}], ["6656|||Zephyr 750", {"model": []}], ["6658|||Zephyr 1100", {"model": []}]]}]]}