{"make": [["282||1|Moto Guzzi", {"model": [["7700|||125 TT", {"model": []}], ["7699|||250 TS", {"model": []}], ["7698|||500 Alce", {"model": []}], ["7697|||500 Sahara", {"model": []}], ["7696|||840 T", {"model": []}], ["7695|||850 Le Mans", {"model": []}], ["7694|||850 T", {"model": []}], ["7706|||1000 Convert", {"model": []}], ["7705|||1000 Daytona", {"model": []}], ["7704|||1000 G", {"model": []}], ["7703|||1000 Le Mans", {"model": []}], ["7702|||1000 SP", {"model": []}], ["7701|||1100 Sport", {"model": []}], ["2541|||1200 Sport", {"model": []}], ["7693|||Airone", {"model": []}], ["7692|||Astore", {"model": []}], ["7691|||Audace", {"model": []}], ["2542|||Bellagio", {"model": []}], ["2544|||Breva 750", {"model": []}], ["2545|||Breva 850", {"model": []}], ["2543|||Breva 1100", {"model": []}], ["7678|||Breva 1200", {"model": []}], ["7682|||California 850", {"model": []}], ["7679|||California 1000", {"model": []}], ["7680|||California 1100", {"model": []}], ["7681|||California 1400", {"model": []}], ["2546|||California Classic", {"model": []}], ["7683|||Cardellino", {"model": []}], ["7684|||Custom 940", {"model": []}], ["7685|||Daytona RS", {"model": []}], ["7686|||Ercole", {"model": []}], ["7687|||Falcone", {"model": []}], ["7688|||Galletto", {"model": []}], ["7689|||Griso 8V", {"model": []}], ["2549|||Griso 850", {"model": []}], ["2547|||Griso 1100", {"model": []}], ["2548|||Griso 1200", {"model": []}], ["7690|||Le Mans", {"model": []}], ["7677|||Lodola", {"model": []}], ["7676|||MGS-01", {"model": []}], ["7675|||MGX-21", {"model": []}], ["7674|||Mille GT", {"model": []}], ["7669|||NTX 750", {"model": []}], ["2550|||Nevada 750", {"model": []}], ["7673|||Nevada", {"model": []}], ["7671|||Norge 850", {"model": []}], ["2551|||Norge 1200 GT", {"model": []}], ["7672|||Norge 1200", {"model": []}], ["7670|||Norge GT", {"model": []}], ["7668|||Nuovo Falcone", {"model": []}], ["7667|||Quota 1000", {"model": []}], ["7666|||Quota 1100", {"model": []}], ["7665|||Sport 15", {"model": []}], ["2552|||Stelvio 1200", {"model": []}], ["7664|||Stornello", {"model": []}], ["7663|||Strada 1000", {"model": []}], ["7662|||Superalce", {"model": []}], ["2553|||V7 Classic", {"model": []}], ["7650|||V9", {"model": []}], ["7654|||V 7", {"model": []}], ["7661|||V 10", {"model": []}], ["7659|||V 11", {"model": []}], ["7658|||V 12", {"model": []}], ["7657|||V 35", {"model": []}], ["7656|||V 50", {"model": []}], ["7655|||V 65", {"model": []}], ["7653|||V 75", {"model": []}], ["7652|||V 850", {"model": []}], ["7660|||V 1000", {"model": []}], ["7651|||Zigolo", {"model": []}]]}]]}