{"make": [["62||1|Aprilia", {"model": [["6849|||125 STX", {"model": []}], ["6848|||AF 1", {"model": []}], ["6847|||Amico 25", {"model": []}], ["6846|||Amico 50", {"model": []}], ["6845|||Area 51", {"model": []}], ["6844|||Arrecife 200", {"model": []}], ["6843|||Arrecife 250", {"model": []}], ["6842|||Arrecife 500", {"model": []}], ["1836|||Atlantic 125", {"model": []}], ["1837|||Atlantic 200", {"model": []}], ["1839|||Atlantic 250 i.e.", {"model": []}], ["1838|||Atlantic 250", {"model": []}], ["6225|||Atlantic 300S", {"model": []}], ["6841|||Atlantic 300", {"model": []}], ["1840|||Atlantic 400 Sprint", {"model": []}], ["6840|||Atlantic 400", {"model": []}], ["1842|||Atlantic 500 i.e.", {"model": []}], ["1841|||Atlantic 500", {"model": []}], ["6839|||Caponord 1200", {"model": []}], ["1843|||Caponord Rally RAID", {"model": []}], ["1844|||Classic 125", {"model": []}], ["6838|||Classic M 50", {"model": []}], ["6837|||Climber 240 R Trial", {"model": []}], ["7564|||Climber 240 R", {"model": []}], ["6836|||Climber 280 R", {"model": []}], ["6835|||Compay 125", {"model": []}], ["7563|||Compay", {"model": []}], ["1845|||Dorsoduro 750", {"model": []}], ["6834|||Dorsoduro", {"model": []}], ["1846|||ETV 1000 Caponord", {"model": []}], ["6833|||ETV 1000", {"model": []}], ["6831|||ETX 6.35", {"model": []}], ["1847|||ETX 125", {"model": []}], ["6832|||ETX 350", {"model": []}], ["6830|||ETX 600", {"model": []}], ["6829|||Europa 50", {"model": []}], ["1848|||Futura", {"model": []}], ["6828|||Gulliver AC", {"model": []}], ["6827|||Gulliver LC", {"model": []}], ["6825|||Habana 50", {"model": []}], ["6826|||Habana 125", {"model": []}], ["6824|||Habana Custom", {"model": []}], ["1849|||Habana", {"model": []}], ["1850|||Leonardo 125", {"model": []}], ["1851|||Leonardo 150", {"model": []}], ["1852|||Leonardo 250", {"model": []}], ["1853|||Leonardo 300", {"model": []}], ["1854|||MANA 850", {"model": []}], ["6822|||MC Gulliver LC", {"model": []}], ["1856|||MX 50", {"model": []}], ["6817|||MX 125", {"model": []}], ["6816|||MX 250", {"model": []}], ["6815|||MXV 450", {"model": []}], ["6814|||MXV 550", {"model": []}], ["6823|||Mana 850 GT", {"model": []}], ["6820|||Mini RX50", {"model": []}], ["6819|||Mojito 50", {"model": []}], ["1855|||Mojito 125", {"model": []}], ["6818|||Moto 6.5", {"model": []}], ["1862|||PEGASO-650", {"model": []}], ["6813|||Pegaso 125", {"model": []}], ["6812|||Pegaso 500", {"model": []}], ["6811|||Pegaso 600", {"model": []}], ["1857|||Pegaso 650 TUSC. Tibet", {"model": []}], ["6810|||Pegaso 650", {"model": []}], ["1858|||Pegaso Factory", {"model": []}], ["1860|||Pegaso Strada Factory", {"model": []}], ["1859|||Pegaso Strada", {"model": []}], ["1861|||Pegaso Trail", {"model": []}], ["6808|||RC 50", {"model": []}], ["6805|||RS4 50", {"model": []}], ["6806|||RS4 125", {"model": []}], ["1866|||RS 50", {"model": []}], ["1864|||RS 125 GP Replica", {"model": []}], ["1863|||RS 125", {"model": []}], ["1865|||RS 250", {"model": []}], ["6804|||RST 1000", {"model": []}], ["6800|||RSV4", {"model": []}], ["1869|||RSV 4 Factory", {"model": []}], ["1870|||RSV 4R", {"model": []}], ["1867|||RSV 1000 Mille", {"model": []}], ["1868|||RSV 1000 R Factory", {"model": []}], ["6803|||RSV 1000 R", {"model": []}], ["6802|||RSV 1000 Tuono R", {"model": []}], ["6801|||RSV Mille", {"model": []}], ["1872|||RX 50", {"model": []}], ["1871|||RX 125", {"model": []}], ["1873|||RXV 450", {"model": []}], ["1874|||RXV 550", {"model": []}], ["6809|||Rally 50", {"model": []}], ["6807|||Red Rose", {"model": []}], ["1886|||SL 750 Shiver", {"model": []}], ["6794|||SL 750", {"model": []}], ["6795|||SL 1000", {"model": []}], ["1887|||SL Falco 1000", {"model": []}], ["6793|||SL Falco", {"model": []}], ["1896|||SR 50 LC", {"model": []}], ["6787|||SR 50 R", {"model": []}], ["1894|||SR 125", {"model": []}], ["1895|||SR 150", {"model": []}], ["6229|||SR MAX 300", {"model": []}], ["6786|||SR Max 125", {"model": []}], ["6785|||SR Racing", {"model": []}], ["6784|||SRV 850", {"model": []}], ["6782|||SX 50CC", {"model": []}], ["1897|||SX 50", {"model": []}], ["6783|||SX 125", {"model": []}], ["6781|||SXV 450", {"model": []}], ["1898|||SXV 550", {"model": []}], ["1883|||Scarabeo 50", {"model": []}], ["1877|||Scarabeo 100 4T", {"model": []}], ["1876|||Scarabeo 100", {"model": []}], ["1875|||Scarabeo 125", {"model": []}], ["1878|||Scarabeo 150", {"model": []}], ["1879|||Scarabeo 200", {"model": []}], ["1880|||Scarabeo 250 i.e.", {"model": []}], ["6799|||Scarabeo 250", {"model": []}], ["1882|||Scarabeo 300S", {"model": []}], ["1881|||Scarabeo 300", {"model": []}], ["6224|||Scarabeo 400 i.e.", {"model": []}], ["6798|||Scarabeo 400", {"model": []}], ["1884|||Scarabeo 500 i.e.", {"model": []}], ["6797|||Scarabeo 500", {"model": []}], ["6821|||Scarabeo", {"model": []}], ["6796|||Shiver 750", {"model": []}], ["7230|||Shiver 900", {"model": []}], ["1885|||Shiver GT 750", {"model": []}], ["6792|||Sonic", {"model": []}], ["1888|||SportCITY 125", {"model": []}], ["1889|||SportCITY 200", {"model": []}], ["1890|||SportCITY 250 i.e.", {"model": []}], ["1891|||SportCITY 300", {"model": []}], ["1893|||SportCITY ONE 50", {"model": []}], ["1892|||SportCITY ONE 125", {"model": []}], ["6790|||Sportcity 50", {"model": []}], ["6791|||Sportcity 250", {"model": []}], ["6789|||Sportcity CUBE", {"model": []}], ["6788|||Sportcity ONE", {"model": []}], ["6779|||TX 311", {"model": []}], ["6778|||TXR 312 M", {"model": []}], ["6780|||Tuareg", {"model": []}], ["1903|||Tuono 50", {"model": []}], ["1900|||Tuono 1000 Factory", {"model": []}], ["1901|||Tuono 1000 Fighter", {"model": []}], ["1902|||Tuono 1000 R", {"model": []}], ["1899|||Tuono", {"model": []}]]}]]}