{"make": [["315||1|Daytona", {"model": [["2509|||309 RS", {"model": []}], ["7724|||ATV AKITA-I", {"model": []}], ["7712|||CHOK-H", {"model": []}], ["7707|||Cargo", {"model": []}], ["7713|||Cruise", {"model": []}], ["2510|||DY 50", {"model": []}], ["2512|||DY-R 50", {"model": []}], ["2511|||DY-R 125", {"model": []}], ["7711|||E-LIFE", {"model": []}], ["7710|||Edison", {"model": []}], ["2514|||Forcity 50", {"model": []}], ["2513|||Forcity 100", {"model": []}], ["2515|||MODY-R", {"model": []}], ["8158|||MUST 125", {"model": []}], ["3234|||Miro 130", {"model": []}], ["3237|||Mistral 50", {"model": []}], ["3236|||Monster 180", {"model": []}], ["2516|||NOVA-R", {"model": []}], ["2517|||NOVA-S", {"model": []}], ["3235|||Panther 125", {"model": []}], ["8150|||R250 ", {"model": []}], ["7961|||R310", {"model": []}], ["8018|||Rockstar 400", {"model": []}], ["2518|||Spirit 50", {"model": []}], ["2520|||Sprinter 50", {"model": []}], ["2519|||Sprinter 125", {"model": []}], ["8084|||T310", {"model": []}], ["8019|||Velos", {"model": []}], ["7962|||X310", {"model": []}], ["2521|||XL-Rider 150", {"model": []}]]}]]}