{"make": [["6120||1|Romet", {"model": [["8135|||747", {"model": []}], ["8145|||ADV 125FI PRO", {"model": []}], ["8146|||CRS FI 125", {"model": []}], ["8148|||City 125", {"model": []}], ["8139|||Division 125", {"model": []}], ["8134|||Ogar 202", {"model": []}], ["8137|||Ogar Legend 125", {"model": []}], ["8144|||RCR 125", {"model": []}], ["8149|||RXL 125", {"model": []}], ["8138|||SCMB 125", {"model": []}], ["8136|||Soft Chopper", {"model": []}], ["8147|||Valentine 125", {"model": []}], ["8141|||Z-One R 125", {"model": []}], ["8143|||Z-One S 125", {"model": []}], ["8142|||Z-One T 125", {"model": []}], ["8140|||ZK 125FX", {"model": []}]]}]]}