{"make": [["20||1|Ducati", {"model": [["7131|||125 Desmo", {"model": []}], ["7128|||175 S", {"model": []}], ["7127|||250 Mark 3", {"model": []}], ["7126|||250 Scrambler", {"model": []}], ["7125|||350 Desmo", {"model": []}], ["7124|||350 GTL", {"model": []}], ["7123|||350 Mark 3", {"model": []}], ["7606|||350 Pantah", {"model": []}], ["7121|||350 SL", {"model": []}], ["7122|||350 Scrambler", {"model": []}], ["7120|||350 Vento", {"model": []}], ["7119|||400 SS", {"model": []}], ["7118|||450 Desmo", {"model": []}], ["7117|||450 Mark 3", {"model": []}], ["7116|||450 Scrambler", {"model": []}], ["7115|||500 Desmo", {"model": []}], ["7114|||500 GTL", {"model": []}], ["7113|||500 GTV", {"model": []}], ["7112|||500 Pantah", {"model": []}], ["7111|||500 SL", {"model": []}], ["7110|||600 Pantah", {"model": []}], ["7109|||600 SS", {"model": []}], ["7108|||600 TL", {"model": []}], ["7107|||620 Sport", {"model": []}], ["2704|||620 S", {"model": []}], ["7605|||650 Pantah", {"model": []}], ["7106|||650 SL", {"model": []}], ["2706|||748 R", {"model": []}], ["2707|||748 S", {"model": []}], ["2705|||748", {"model": []}], ["2709|||749 DARK", {"model": []}], ["2710|||749 S", {"model": []}], ["2711|||749 Testastreta BIP/MONO", {"model": []}], ["2708|||749", {"model": []}], ["7104|||750 F1", {"model": []}], ["7604|||750 GT", {"model": []}], ["7103|||750 Paso", {"model": []}], ["2712|||750 SS F.F.", {"model": []}], ["2713|||750 SS H.F", {"model": []}], ["7101|||750 SS", {"model": []}], ["7102|||750 Sport", {"model": []}], ["2714|||800 S F.F.", {"model": []}], ["2716|||800 SS F.F.", {"model": []}], ["2715|||800 SS", {"model": []}], ["7105|||800 Sport", {"model": []}], ["2717|||848", {"model": []}], ["7100|||851", {"model": []}], ["7098|||860 GTS", {"model": []}], ["7099|||860 GT", {"model": []}], ["7097|||888", {"model": []}], ["7096|||899 Panigale", {"model": []}], ["7095|||900 Hailwood", {"model": []}], ["7094|||900 MHR", {"model": []}], ["7093|||900 NCR", {"model": []}], ["7092|||900 S 2", {"model": []}], ["2718|||900 S F.F.", {"model": []}], ["7091|||900 SD", {"model": []}], ["7090|||900 SL", {"model": []}], ["2719|||900 SS F.F.", {"model": []}], ["7089|||900 SS", {"model": []}], ["7088|||906 Paso", {"model": []}], ["7087|||907 i.e.", {"model": []}], ["2720|||916", {"model": []}], ["7086|||944 ST", {"model": []}], ["7365|||959 Panigale", {"model": []}], ["2721|||996", {"model": []}], ["2722|||998", {"model": []}], ["2724|||999 R", {"model": []}], ["2725|||999 S", {"model": []}], ["2723|||999", {"model": []}], ["7133|||1000 GT", {"model": []}], ["2699|||1000 SS", {"model": []}], ["2698|||1000 Sport", {"model": []}], ["2701|||1098 R", {"model": []}], ["2702|||1098 S", {"model": []}], ["2700|||1098", {"model": []}], ["2703|||1198", {"model": []}], ["7607|||1199 Panigale", {"model": []}], ["7132|||1199", {"model": []}], ["7130|||1260 R", {"model": []}], ["7129|||1299 Panigale", {"model": []}], ["7288|||1299 Superleggera", {"model": []}], ["7085|||Cruiser", {"model": []}], ["7084|||Cucciolo", {"model": []}], ["7083|||Desmosedici RR", {"model": []}], ["7082|||Diavel", {"model": []}], ["7081|||Elite 200", {"model": []}], ["2726|||GT 1000", {"model": []}], ["2730|||Hypermotard 796", {"model": []}], ["3286|||Hypermotard 821", {"model": []}], ["7364|||Hypermotard 939", {"model": []}], ["2728|||Hypermotard 1100 S", {"model": []}], ["2727|||Hypermotard 1100", {"model": []}], ["2729|||Hypermotard 1200", {"model": []}], ["7080|||Hypermotard", {"model": []}], ["3287|||Hyperstrada", {"model": []}], ["7051|||Indiana", {"model": []}], ["7054|||MH 900 e", {"model": []}], ["7052|||Mach 1", {"model": []}], ["7053|||Marianna", {"model": []}], ["7058|||Monster 400", {"model": []}], ["7059|||Monster 600", {"model": []}], ["2734|||Monster 620 DARK", {"model": []}], ["2733|||Monster 620", {"model": []}], ["2735|||Monster 695", {"model": []}], ["2736|||Monster 696", {"model": []}], ["7060|||Monster 750", {"model": []}], ["7061|||Monster 796", {"model": []}], ["6236|||Monster 797", {"model": []}], ["2737|||Monster 800S", {"model": []}], ["7062|||Monster 800", {"model": []}], ["7063|||Monster 821", {"model": []}], ["7064|||Monster 900", {"model": []}], ["7055|||Monster 1000", {"model": []}], ["2732|||Monster 1100 S", {"model": []}], ["7056|||Monster 1100", {"model": []}], ["7057|||Monster 1200", {"model": []}], ["7065|||Monster S2R", {"model": []}], ["7066|||Monster S4R", {"model": []}], ["2731|||Monster", {"model": []}], ["2745|||Multistrada 620 DARK", {"model": []}], ["2744|||Multistrada 620", {"model": []}], ["6235|||Multistrada 950", {"model": []}], ["2739|||Multistrada 1000 DS", {"model": []}], ["2740|||Multistrada 1000 S", {"model": []}], ["2738|||Multistrada 1000", {"model": []}], ["2741|||Multistrada 1100", {"model": []}], ["2743|||Multistrada 1200 S", {"model": []}], ["2742|||Multistrada 1200", {"model": []}], ["7527|||Multistrada 1260", {"model": []}], ["7363|||Panigale R", {"model": []}], ["7526|||Panigale V4", {"model": []}], ["7067|||Paul Smart 1000", {"model": []}], ["2747|||S2R 800", {"model": []}], ["2746|||S2R 1000", {"model": []}], ["2748|||S4R", {"model": []}], ["2751|||ST3", {"model": []}], ["2752|||ST4 S", {"model": []}], ["2749|||ST 2", {"model": []}], ["2750|||ST 4", {"model": []}], ["7396|||Scrambler", {"model": []}], ["7068|||Streetfighter S", {"model": []}], ["2753|||Streetfighter", {"model": []}], ["7289|||SuperSport", {"model": []}], ["6237|||Supersport 950", {"model": []}], ["6189|||X DIAVEL S", {"model": []}], ["6188|||X DIAVEL", {"model": []}]]}]]}