{"make": [["314||1|Sym", {"model": [["6891|||45/25", {"model": []}], ["6890|||Allo", {"model": []}], ["6889|||Attila 125", {"model": []}], ["6888|||Attila 150", {"model": []}], ["3530|||Bellavita", {"model": []}], ["6887|||Big Wheel", {"model": []}], ["6886|||C 50", {"model": []}], ["3231|||COMBIZ 125", {"model": []}], ["6885|||Cello", {"model": []}], ["6884|||Cinderella 50", {"model": []}], ["6883|||Citycom 125", {"model": []}], ["1996|||Citycom 300i", {"model": []}], ["1995|||Citycom 300", {"model": []}], ["6882|||Crox 50", {"model": []}], ["7291|||Cruisym 300", {"model": []}], ["1997|||DD 50", {"model": []}], ["6881|||Duke 125", {"model": []}], ["1998|||EURO MX 150", {"model": []}], ["6880|||Enjoy 50", {"model": []}], ["6879|||Euro-MX 125", {"model": []}], ["2000|||FIDDLE-II 150", {"model": []}], ["6877|||Fiddle 50", {"model": []}], ["6878|||Fiddle 125", {"model": []}], ["7292|||Fiddle 200", {"model": []}], ["1999|||Fiddle", {"model": []}], ["2001|||GTS 200", {"model": []}], ["2002|||GTS 250", {"model": []}], ["2004|||GTS 300i EVO", {"model": []}], ["2003|||GTS 300", {"model": []}], ["6875|||HD2 200", {"model": []}], ["2007|||HD 125 EVO", {"model": []}], ["2006|||HD 125", {"model": []}], ["2009|||HD 200 EVO", {"model": []}], ["2010|||HD 200i EVO", {"model": []}], ["2008|||HD 200", {"model": []}], ["6876|||HD 250", {"model": []}], ["2005|||HD", {"model": []}], ["2011|||Hysky", {"model": []}], ["2012|||JET 4 125", {"model": []}], ["2013|||JET 50", {"model": []}], ["2014|||JOY MAX 250", {"model": []}], ["6873|||Jet 4", {"model": []}], ["7325|||Jet 14 125i A/C", {"model": []}], ["7293|||Jet 14", {"model": []}], ["6874|||Jet 100", {"model": []}], ["6872|||Jet V 125", {"model": []}], ["6871|||Joymax 125i", {"model": []}], ["6870|||Joymax 300", {"model": []}], ["2015|||Joyride 125", {"model": []}], ["2017|||Joyride 200i EVO", {"model": []}], ["2016|||Joyride 200", {"model": []}], ["6869|||Jungle 50", {"model": []}], ["2018|||MASK 50", {"model": []}], ["2020|||MIO 50", {"model": []}], ["2019|||MIO 100", {"model": []}], ["7326|||MIO 125i", {"model": []}], ["7709|||Magic", {"model": []}], ["3151|||Maxsym 400i", {"model": []}], ["3373|||Maxsym 600i ", {"model": []}], ["6868|||Megalo 125", {"model": []}], ["6867|||Mio", {"model": []}], ["6866|||New Duke 125", {"model": []}], ["2022|||Orbit 50", {"model": []}], ["2021|||Orbit 125", {"model": []}], ["6865|||Orbit II", {"model": []}], ["6864|||Pure 50", {"model": []}], ["2023|||QUAD Raider 600", {"model": []}], ["6863|||Quad Lander", {"model": []}], ["2024|||Quadlander 200", {"model": []}], ["2025|||Quadlander 250", {"model": []}], ["2026|||Quadlander 300", {"model": []}], ["6862|||Red Devil", {"model": []}], ["2028|||Shark 50", {"model": []}], ["2027|||Shark 125R", {"model": []}], ["6861|||Shark 125", {"model": []}], ["6860|||Super Duke", {"model": []}], ["6859|||Super Fancy", {"model": []}], ["6858|||Symmetry", {"model": []}], ["2031|||Symphony 50", {"model": []}], ["2029|||Symphony 125", {"model": []}], ["2030|||Symphony 150", {"model": []}], ["6857|||Symphony 151 S", {"model": []}], ["3521|||Symphony 200", {"model": []}], ["2032|||Symphony Classic", {"model": []}], ["7324|||Symphony SR 125i", {"model": []}], ["2033|||Symphony SR 150", {"model": []}], ["7328|||Symphony ST 125", {"model": []}], ["7327|||Symphony ST 200i", {"model": []}], ["6855|||Symply 50", {"model": []}], ["7294|||T2 250", {"model": []}], ["3230|||TONIK 50", {"model": []}], ["6856|||Track Runner", {"model": []}], ["2034|||Truck Runner 200", {"model": []}], ["8132|||VF 185", {"model": []}], ["2035|||VS 125", {"model": []}], ["2036|||VS 150", {"model": []}], ["3232|||WOLF 125", {"model": []}], ["3233|||WOLF 200", {"model": []}], ["7708|||Wolf 300", {"model": []}], ["7295|||Wolf Classic 150", {"model": []}], ["6854|||Wolf Legend", {"model": []}], ["6853|||Wolf SB 125 Ni", {"model": []}], ["6852|||Wolf SB 250 Ni", {"model": []}], ["6851|||X-Pro", {"model": []}], ["6850|||XS 125", {"model": []}]]}]]}