{"make": [["22||1|Honda", {"model": [["5946|||50 Sky DX", {"model": []}], ["1519|||ANF 125 Innova Injection", {"model": []}], ["1518|||ANF 125 Innova", {"model": []}], ["5949|||ATC 125", {"model": []}], ["5950|||ATC 250", {"model": []}], ["1523|||AX-1", {"model": []}], ["5947|||Aeon Cobra", {"model": []}], ["5948|||Africa Twin XRV 750", {"model": []}], ["1517|||Alpha", {"model": []}], ["1520|||Astra Dream", {"model": []}], ["7989|||Astrea Grand 110", {"model": []}], ["8160|||Astrea Grand X 110i ", {"model": []}], ["1521|||Astrea Prima", {"model": []}], ["1522|||Astrea Supra 100", {"model": []}], ["1524|||BROS", {"model": []}], ["5952|||Bali 50", {"model": []}], ["5951|||Bali 100 / SJ 100 EX", {"model": []}], ["8022|||Beat 110", {"model": []}], ["5953|||Big Red MUV", {"model": []}], ["5954|||Black Widow", {"model": []}], ["3810|||C92", {"model": []}], ["1526|||C 100 M6 Astrea Grand", {"model": []}], ["3811|||CA 125 Rebel", {"model": []}], ["1541|||CB 1", {"model": []}], ["3823|||CB 50", {"model": []}], ["3827|||CB 72", {"model": []}], ["3829|||CB 77", {"model": []}], ["3831|||CB 92", {"model": []}], ["3813|||CB 100", {"model": []}], ["3816|||CB 125", {"model": []}], ["3817|||CB 200", {"model": []}], ["1532|||CB 250 T", {"model": []}], ["3818|||CB 250", {"model": []}], ["7566|||CB 300", {"model": []}], ["3819|||CB 350", {"model": []}], ["3820|||CB 360", {"model": []}], ["1533|||CB 400SF", {"model": []}], ["3821|||CB 400", {"model": []}], ["3822|||CB 450", {"model": []}], ["1535|||CB 500 FOUR", {"model": []}], ["1536|||CB 500S", {"model": []}], ["1534|||CB 500", {"model": []}], ["3824|||CB 550", {"model": []}], ["1537|||CB 600 FS", {"model": []}], ["1538|||CB 600F Hornet", {"model": []}], ["3825|||CB 600", {"model": []}], ["3826|||CB 650", {"model": []}], ["3828|||CB 750", {"model": []}], ["1540|||CB 900 F Hornet", {"model": []}], ["1539|||CB 900 F", {"model": []}], ["3830|||CB 900", {"model": []}], ["1528|||CB 1000 R", {"model": []}], ["3814|||CB 1000", {"model": []}], ["1529|||CB 1100R", {"model": []}], ["3815|||CB 1100", {"model": []}], ["1531|||CB 1300S", {"model": []}], ["1530|||CB 1300", {"model": []}], ["3832|||CB Seven Fifty", {"model": []}], ["1544|||CBF 125", {"model": []}], ["1545|||CBF 250", {"model": []}], ["1546|||CBF 500", {"model": []}], ["1548|||CBF 600S", {"model": []}], ["1547|||CBF 600", {"model": []}], ["1543|||CBF 1000", {"model": []}], ["1542|||CBF 1100 Super Boldor", {"model": []}], ["3216|||CBR250R", {"model": []}], ["1552|||CBR 125R", {"model": []}], ["3835|||CBR 125", {"model": []}], ["3836|||CBR 250", {"model": []}], ["3837|||CBR 300 R", {"model": []}], ["1553|||CBR 400", {"model": []}], ["3838|||CBR 500 F", {"model": []}], ["3839|||CBR 500 R", {"model": []}], ["1554|||CBR 600 F", {"model": []}], ["1555|||CBR 600RR", {"model": []}], ["3840|||CBR 600", {"model": []}], ["3841|||CBR 650", {"model": []}], ["3842|||CBR 750", {"model": []}], ["1556|||CBR 900RR Fireblade", {"model": []}], ["3843|||CBR 900", {"model": []}], ["3120|||CBR 929RR Fireblade", {"model": []}], ["3121|||CBR 954RR Fireblade", {"model": []}], ["1549|||CBR 1000F", {"model": []}], ["1550|||CBR 1000RR", {"model": []}], ["3833|||CBR 1000", {"model": []}], ["1551|||CBR 1100 XX Super Blackbird", {"model": []}], ["3834|||CBR 1100", {"model": []}], ["3845|||CBX 500", {"model": []}], ["3846|||CBX 550", {"model": []}], ["3847|||CBX 650", {"model": []}], ["3848|||CBX 750", {"model": []}], ["3844|||CBX 1000", {"model": []}], ["3849|||CBX Pro", {"model": []}], ["1558|||CBX", {"model": []}], ["3850|||CBZ 125", {"model": []}], ["1527|||CB", {"model": []}], ["7937|||CF 50", {"model": []}], ["3852|||CG 125", {"model": []}], ["3853|||CH 125", {"model": []}], ["3854|||CH 250", {"model": []}], ["3856|||CJ 250", {"model": []}], ["3857|||CJ 360", {"model": []}], ["3858|||CL 250", {"model": []}], ["3859|||CL 450", {"model": []}], ["1560|||CLR 125 CITY FLY", {"model": []}], ["3860|||CM 125", {"model": []}], ["3861|||CM 185", {"model": []}], ["3862|||CM 200", {"model": []}], ["3863|||CM 250", {"model": []}], ["3864|||CM 400", {"model": []}], ["1562|||CMX 250 C Rebel", {"model": []}], ["3865|||CMX 250", {"model": []}], ["3223|||CMX 450 Rebel", {"model": []}], ["3866|||CMX 450", {"model": []}], ["7232|||CMX 500", {"model": []}], ["1561|||CM", {"model": []}], ["3867|||CN 250", {"model": []}], ["3870|||CR 80", {"model": []}], ["1566|||CR 85R", {"model": []}], ["3871|||CR 85", {"model": []}], ["1564|||CR 125R", {"model": []}], ["3868|||CR 125", {"model": []}], ["1565|||CR 250R", {"model": []}], ["3869|||CR 250", {"model": []}], ["1563|||CR 500", {"model": []}], ["3872|||CRE 125", {"model": []}], ["1567|||CRE 230", {"model": []}], ["1568|||CRE 250 F", {"model": []}], ["1569|||CRE 250 R", {"model": []}], ["3873|||CRE 250", {"model": []}], ["1570|||CRE 450", {"model": []}], ["1580|||CRF 50", {"model": []}], ["3880|||CRF 70", {"model": []}], ["3881|||CRF 80", {"model": []}], ["3874|||CRF 100", {"model": []}], ["3876|||CRF 110", {"model": []}], ["3877|||CRF 125", {"model": []}], ["1571|||CRF 150", {"model": []}], ["1572|||CRF 230 F", {"model": []}], ["3878|||CRF 230", {"model": []}], ["1573|||CRF 250 X", {"model": []}], ["1574|||CRF 250R", {"model": []}], ["3879|||CRF 250", {"model": []}], ["1576|||CRF 450 Motard", {"model": []}], ["1578|||CRF 450 X", {"model": []}], ["1579|||CRF 450R", {"model": []}], ["1575|||CRF 450", {"model": []}], ["1581|||CRF 500", {"model": []}], ["3875|||CRF 1000", {"model": []}], ["1583|||CRM 50/125/250", {"model": []}], ["3882|||CRM 125", {"model": []}], ["3883|||CRM 250", {"model": []}], ["3885|||CS 50", {"model": []}], ["3887|||CTX 700", {"model": []}], ["3886|||CTX 1300", {"model": []}], ["3888|||CX 500", {"model": []}], ["3889|||CX 650", {"model": []}], ["3890|||CY 50", {"model": []}], ["3812|||Camino", {"model": []}], ["1559|||Chally", {"model": []}], ["3855|||City Fly", {"model": []}], ["3337|||Crossrunner", {"model": []}], ["3214|||Crosstourer 1200", {"model": []}], ["3884|||Crosstourer", {"model": []}], ["1525|||C", {"model": []}], ["1584|||DAX", {"model": []}], ["1587|||DIO", {"model": []}], ["1588|||DN-01", {"model": []}], ["3891|||Dax ST 50", {"model": []}], ["1586|||Deauville 650", {"model": []}], ["1585|||Deauville 700", {"model": []}], ["3892|||Deauville", {"model": []}], ["3893|||Derapage 50", {"model": []}], ["3894|||Dino 50", {"model": []}], ["7609|||Dio 50", {"model": []}], ["3895|||Dream 50", {"model": []}], ["1589|||Dylan 125", {"model": []}], ["1590|||Dylan 150", {"model": []}], ["3896|||Enduro 50", {"model": []}], ["3897|||Enduro L250", {"model": []}], ["3898|||F 6 C", {"model": []}], ["1591|||FES 125", {"model": []}], ["1592|||FES 150", {"model": []}], ["1593|||FES 250 Foresight", {"model": []}], ["3899|||FES 250", {"model": []}], ["1594|||FJS 400 Silver WING", {"model": []}], ["3901|||FJS 400", {"model": []}], ["1595|||FJS 600 Silver WING", {"model": []}], ["1596|||FMX 650", {"model": []}], ["3907|||FT 500", {"model": []}], ["3908|||FX 650", {"model": []}], ["3900|||Fireblade", {"model": []}], ["3902|||Foreman 450 ES", {"model": []}], ["3903|||Forza 125", {"model": []}], ["1597|||Forza 250", {"model": []}], ["3904|||Forza 300", {"model": []}], ["3905|||Four Trax", {"model": []}], ["3906|||Freeway 250", {"model": []}], ["1598|||Freeway", {"model": []}], ["1599|||Fusion", {"model": []}], ["3909|||GB 500", {"model": []}], ["5955|||GL 500", {"model": []}], ["3910|||GL 1000", {"model": []}], ["3911|||GL 1100", {"model": []}], ["3912|||GL 1200", {"model": []}], ["1600|||GL 1500 Valkyrie", {"model": []}], ["3913|||GL 1500", {"model": []}], ["3914|||GL 1800", {"model": []}], ["1601|||GLX", {"model": []}], ["1603|||GYRO", {"model": []}], ["1602|||Goldwing", {"model": []}], ["3916|||HM 50", {"model": []}], ["1604|||HM Easy 230 F", {"model": []}], ["3918|||Hornet 600", {"model": []}], ["3919|||Hornet 900", {"model": []}], ["5956|||Hornet", {"model": []}], ["3920|||Innova 125", {"model": []}], ["3211|||Integra 700", {"model": []}], ["7367|||Integra 750", {"model": []}], ["1605|||JADE", {"model": []}], ["1606|||JAZZ", {"model": []}], ["3921|||Jazz 250", {"model": []}], ["1607|||LEAD", {"model": []}], ["3922|||MB 5", {"model": []}], ["3923|||MB 8", {"model": []}], ["3924|||MBX 50", {"model": []}], ["3925|||MBX 80", {"model": []}], ["3926|||MCX 80", {"model": []}], ["3932|||MSX 125", {"model": []}], ["3933|||MT 5", {"model": []}], ["3934|||MT 8", {"model": []}], ["3937|||MTX 50", {"model": []}], ["3938|||MTX 80", {"model": []}], ["3935|||MTX 125", {"model": []}], ["3936|||MTX 200", {"model": []}], ["1608|||Magna", {"model": []}], ["3927|||Melody", {"model": []}], ["7565|||Monkey 125", {"model": []}], ["3928|||Monkey ZB 50", {"model": []}], ["1609|||Monkey", {"model": []}], ["7384|||Montesa 4Ride", {"model": []}], ["3929|||Montesa COTA", {"model": []}], ["3930|||Motard 125", {"model": []}], ["3931|||Motard 250", {"model": []}], ["3222|||Mtx", {"model": []}], ["3218|||NC700X", {"model": []}], ["3939|||NC 400", {"model": []}], ["3941|||NC 700 S", {"model": []}], ["3940|||NC 700", {"model": []}], ["3942|||NC 750", {"model": []}], ["3943|||NES 125", {"model": []}], ["1610|||NES", {"model": []}], ["1611|||NF 100 Astrea Supra", {"model": []}], ["1612|||NH LEAD", {"model": []}], ["3944|||NM4 Vultus", {"model": []}], ["3945|||NR 750", {"model": []}], ["3946|||NRX 1800", {"model": []}], ["3947|||NS 400", {"model": []}], ["3949|||NSC 50 R", {"model": []}], ["3948|||NSC 110", {"model": []}], ["3950|||NSF 100", {"model": []}], ["3953|||NSR 50", {"model": []}], ["3951|||NSR 125", {"model": []}], ["3952|||NSR 250", {"model": []}], ["1615|||NSR", {"model": []}], ["3954|||NSS 250", {"model": []}], ["3955|||NSS 300", {"model": []}], ["1614|||NS", {"model": []}], ["1616|||NT 650 V Deauville", {"model": []}], ["3956|||NT 650", {"model": []}], ["1617|||NT 700 Deuville", {"model": []}], ["3957|||NT 700", {"model": []}], ["3958|||NTV 650", {"model": []}], ["1618|||NV 750", {"model": []}], ["3959|||NX 125", {"model": []}], ["1619|||NX 250", {"model": []}], ["3960|||NX 500", {"model": []}], ["1620|||NX 650 Dominator", {"model": []}], ["3961|||NX 650", {"model": []}], ["1613|||Nighthawk", {"model": []}], ["3962|||P 50", {"model": []}], ["1623|||PCX 125", {"model": []}], ["3215|||PCX 150", {"model": []}], ["3966|||PES 125", {"model": []}], ["3967|||PK 50 Wallaroo", {"model": []}], ["3968|||PS 125i", {"model": []}], ["1624|||PS 150 i New", {"model": []}], ["1625|||PS 150i", {"model": []}], ["3969|||PX 50", {"model": []}], ["3970|||PXL 50", {"model": []}], ["3971|||PXR 50", {"model": []}], ["1621|||Pacific Coast", {"model": []}], ["3963|||Pan European", {"model": []}], ["3964|||Pantheon 125", {"model": []}], ["3965|||Pantheon 150", {"model": []}], ["1622|||Pantheon", {"model": []}], ["3972|||QR 50", {"model": []}], ["3973|||RC 213", {"model": []}], ["5957|||RS 125", {"model": []}], ["5958|||RS 250", {"model": []}], ["3977|||RS 500", {"model": []}], ["3974|||RS 1000", {"model": []}], ["3978|||RTL 250", {"model": []}], ["3979|||RVF 400", {"model": []}], ["3980|||RVF 750", {"model": []}], ["1627|||RVF", {"model": []}], ["1626|||Rebel", {"model": []}], ["3338|||S-WING 125", {"model": []}], ["1647|||S-WING 150", {"model": []}], ["3981|||S-Wing", {"model": []}], ["3982|||SCV 100 Lead", {"model": []}], ["3983|||SES 125", {"model": []}], ["3984|||SFX 50", {"model": []}], ["3985|||SGX 50", {"model": []}], ["3988|||SH 50", {"model": []}], ["3989|||SH 80", {"model": []}], ["5959|||SH 100", {"model": []}], ["1630|||SH 125i", {"model": []}], ["7608|||SH 125", {"model": []}], ["1632|||SH 150i R", {"model": []}], ["1631|||SH 150i", {"model": []}], ["3986|||SH 150", {"model": []}], ["1634|||SH 300i R", {"model": []}], ["1633|||SH 300i", {"model": []}], ["3987|||SH 300", {"model": []}], ["3990|||SH Mode 125", {"model": []}], ["1629|||SH", {"model": []}], ["4000|||SJ 50 Bali", {"model": []}], ["3999|||SJ 100 Bali", {"model": []}], ["1637|||SJ BALI", {"model": []}], ["4001|||SL 125", {"model": []}], ["4002|||SLR 650", {"model": []}], ["1639|||SLR", {"model": []}], ["1640|||SOLO 50", {"model": []}], ["4003|||SRX 50", {"model": []}], ["4004|||SRX 90", {"model": []}], ["4005|||SS 50", {"model": []}], ["4008|||ST 70", {"model": []}], ["1642|||ST 1100 Paneuropean", {"model": []}], ["4006|||ST 1100", {"model": []}], ["1643|||ST 1300 Paneuropean", {"model": []}], ["4007|||ST 1300", {"model": []}], ["1645|||STX 1300A Paneuropean", {"model": []}], ["4009|||SW-T 400", {"model": []}], ["4010|||SW-T 600", {"model": []}], ["4011|||SXR 50", {"model": []}], ["4012|||SZX 50", {"model": []}], ["1628|||Scoopy", {"model": []}], ["3992|||Shadow 50", {"model": []}], ["3995|||Shadow 90", {"model": []}], ["5960|||Shadow 125", {"model": []}], ["3993|||Shadow 600", {"model": []}], ["3994|||Shadow 750", {"model": []}], ["3996|||Shadow Black Spirit", {"model": []}], ["3997|||Shadow RS", {"model": []}], ["3998|||Shadow Spirit", {"model": []}], ["1635|||Shadow", {"model": []}], ["1636|||Silverwing", {"model": []}], ["1638|||Sky Time", {"model": []}], ["1641|||Spacy", {"model": []}], ["1644|||Steed", {"model": []}], ["1646|||Super Cub", {"model": []}], ["7988|||Supra 125 X", {"model": []}], ["8159|||Supra GTR 150", {"model": []}], ["1648|||TACT", {"model": []}], ["4013|||TL 125", {"model": []}], ["1650|||TLM", {"model": []}], ["4014|||TLR 200", {"model": []}], ["1651|||TLR", {"model": []}], ["4028|||TRX 90", {"model": []}], ["4019|||TRX 250", {"model": []}], ["4020|||TRX 300", {"model": []}], ["4021|||TRX 350", {"model": []}], ["4022|||TRX 400", {"model": []}], ["4023|||TRX 420", {"model": []}], ["1652|||TRX 450", {"model": []}], ["4024|||TRX 500", {"model": []}], ["4025|||TRX 650", {"model": []}], ["4026|||TRX 680", {"model": []}], ["4027|||TRX 700", {"model": []}], ["1649|||Tiger", {"model": []}], ["4016|||Transalp 600", {"model": []}], ["4017|||Transalp 650", {"model": []}], ["4018|||Transalp 700", {"model": []}], ["4015|||Transalp", {"model": []}], ["4029|||V30 Magna", {"model": []}], ["4035|||VF 400", {"model": []}], ["4036|||VF 500", {"model": []}], ["4037|||VF 700", {"model": []}], ["4038|||VF 750", {"model": []}], ["4033|||VF 1000", {"model": []}], ["4034|||VF 1100", {"model": []}], ["1654|||VFR 400 R", {"model": []}], ["4041|||VFR 400", {"model": []}], ["4042|||VFR 750", {"model": []}], ["1655|||VFR 800 F", {"model": []}], ["4043|||VFR 800", {"model": []}], ["4039|||VFR 1000", {"model": []}], ["4040|||VFR 1200", {"model": []}], ["1653|||VFR", {"model": []}], ["1656|||VN", {"model": []}], ["4049|||VT 125", {"model": []}], ["1658|||VT 250 Spada", {"model": []}], ["4051|||VT 250", {"model": []}], ["1659|||VT 400 C Shadow", {"model": []}], ["4052|||VT 500", {"model": []}], ["1660|||VT 600C Shadow", {"model": []}], ["4053|||VT 600", {"model": []}], ["1661|||VT 750 Black Widow", {"model": []}], ["1662|||VT 750C Shadow", {"model": []}], ["4054|||VT 750", {"model": []}], ["1657|||VT 1100 C Shadow", {"model": []}], ["4048|||VT 1100", {"model": []}], ["4050|||VT 1300", {"model": []}], ["1663|||VT C Shadow", {"model": []}], ["4056|||VTR 250", {"model": []}], ["1665|||VTR 1000 SP-1", {"model": []}], ["1666|||VTR 1000 SP-2", {"model": []}], ["4055|||VTR 1000", {"model": []}], ["1664|||VTR", {"model": []}], ["4058|||VTX 1300", {"model": []}], ["4059|||VTX 1800", {"model": []}], ["4057|||VTX", {"model": []}], ["4032|||Varadero 125", {"model": []}], ["4031|||Varadero 1000", {"model": []}], ["4030|||Varadero", {"model": []}], ["7370|||Vario 150", {"model": []}], ["4044|||Vigor 650", {"model": []}], ["4046|||Vision 50", {"model": []}], ["4045|||Vision 110", {"model": []}], ["4047|||Vision SA", {"model": []}], ["3219|||Wave", {"model": []}], ["1667|||X8 RS", {"model": []}], ["4061|||X 4", {"model": []}], ["4062|||X 8", {"model": []}], ["4060|||X 11", {"model": []}], ["7231|||X-ADV", {"model": []}], ["4063|||X-Eleven", {"model": []}], ["4064|||XBR 500", {"model": []}], ["4071|||XL 50", {"model": []}], ["1669|||XL 125 V Varadero", {"model": []}], ["4066|||XL 125", {"model": []}], ["1670|||XL 185 S", {"model": []}], ["4067|||XL 185", {"model": []}], ["4068|||XL 200", {"model": []}], ["1671|||XL 250 Degree", {"model": []}], ["4069|||XL 250", {"model": []}], ["4070|||XL 350", {"model": []}], ["4072|||XL 500", {"model": []}], ["4073|||XL 600", {"model": []}], ["1672|||XL 650V Transalp", {"model": []}], ["4074|||XL 650", {"model": []}], ["1673|||XL 700V Transalp", {"model": []}], ["4075|||XL 700", {"model": []}], ["1668|||XL 1000V Varadero", {"model": []}], ["4065|||XL 1000", {"model": []}], ["4076|||XLR 125", {"model": []}], ["1674|||XLR", {"model": []}], ["4077|||XLV 750", {"model": []}], ["1675|||XLV Transalp", {"model": []}], ["1676|||XLX", {"model": []}], ["5961|||XR 50", {"model": []}], ["4078|||XR 100", {"model": []}], ["1678|||XR 125 L", {"model": []}], ["4079|||XR 125", {"model": []}], ["1680|||XR 250 Motard", {"model": []}], ["1679|||XR 250", {"model": []}], ["1681|||XR 400 R", {"model": []}], ["4080|||XR 400", {"model": []}], ["4082|||XR 500", {"model": []}], ["4083|||XR 600", {"model": []}], ["1682|||XR 650 Motard", {"model": []}], ["1683|||XR 650 R", {"model": []}], ["4084|||XR 650", {"model": []}], ["4085|||XRV 650", {"model": []}], ["1684|||XRV 750 Africa TWIN", {"model": []}], ["4086|||XRV 750", {"model": []}], ["1677|||XR", {"model": []}], ["4087|||XTV 1300", {"model": []}], ["1685|||Z 50", {"model": []}], ["4088|||Zoomer", {"model": []}]]}]]}