{"make": [["5226||1|Euromotors", {"model": [["7948|||ATHENSVILLE 125", {"model": []}], ["7950|||ATHENSVILLE 250", {"model": []}], ["7949|||ATHENSVILLE SCRAMBLER", {"model": []}], ["3086|||DAX 50", {"model": []}], ["3085|||DAX 110", {"model": []}], ["7938|||EM 125 SC RETRO", {"model": []}], ["7939|||EM 125 SC", {"model": []}], ["7943|||EM 125", {"model": []}], ["7942|||EM 250 SC NEVADA", {"model": []}], ["7940|||EM 250 SC RETRO", {"model": []}], ["7941|||EM 250 SC", {"model": []}], ["3088|||Fighter 50", {"model": []}], ["3087|||Fighter 125", {"model": []}], ["3095|||JL50QT-6", {"model": []}], ["3089|||JL125T-B", {"model": []}], ["3090|||JL125Y", {"model": []}], ["3091|||JL149T-6", {"model": []}], ["3092|||JL149T-8", {"model": []}], ["3093|||JL250-2", {"model": []}], ["3094|||JL250V", {"model": []}], ["7945|||JL 125-C", {"model": []}], ["7946|||JLR 125RR", {"model": []}], ["7944|||JLR 125", {"model": []}], ["3096|||JLR", {"model": []}], ["3097|||Marauder 150", {"model": []}], ["3098|||Marauder 250", {"model": []}], ["7947|||SH250RR", {"model": []}], ["3102|||ST125 SM", {"model": []}], ["3101|||ST125", {"model": []}], ["3104|||ST200 SM", {"model": []}], ["3103|||ST200", {"model": []}], ["3100|||Sonic JL50QT-5", {"model": []}], ["3099|||Sonic JL125T-10", {"model": []}], ["3110|||XY50ST", {"model": []}], ["3112|||XY50", {"model": []}], ["3105|||XY110ST", {"model": []}], ["3106|||XY125GY", {"model": []}], ["3111|||XY125", {"model": []}], ["3107|||XY150ST", {"model": []}], ["3108|||XY200GYE", {"model": []}], ["3109|||XY200ST", {"model": []}]]}]]}