{"make": [["293||1|Husqvarna", {"model": [["1686|||125 Supermotard", {"model": []}], ["3545|||701 Enduro", {"model": []}], ["3544|||701 Supermoto", {"model": []}], ["7226|||Boy 509", {"model": []}], ["7222|||CR 50", {"model": []}], ["7221|||CR 65", {"model": []}], ["7224|||CR 360", {"model": []}], ["7223|||CR 430", {"model": []}], ["1687|||CR", {"model": []}], ["7225|||Concept Strada", {"model": []}], ["3538|||FC 250", {"model": []}], ["3539|||FC 350", {"model": []}], ["3540|||FC 450", {"model": []}], ["3535|||FE 250", {"model": []}], ["8187|||FE 350", {"model": []}], ["3536|||FE 450", {"model": []}], ["3537|||FE 501", {"model": []}], ["3546|||FS 450", {"model": []}], ["7322|||FX 350", {"model": []}], ["7220|||Husky Boy", {"model": []}], ["1688|||LT 610", {"model": []}], ["3498|||Nuda900", {"model": []}], ["7219|||QM 450", {"model": []}], ["1690|||SM 125 S", {"model": []}], ["7218|||SM 125", {"model": []}], ["7217|||SM 400", {"model": []}], ["7216|||SM 449", {"model": []}], ["1692|||SM 450 RR", {"model": []}], ["1691|||SM 450 R", {"model": []}], ["1693|||SM 510 R", {"model": []}], ["7215|||SM 510", {"model": []}], ["7214|||SM 511", {"model": []}], ["1694|||SM 570 R", {"model": []}], ["7213|||SM 570", {"model": []}], ["1695|||SM 610", {"model": []}], ["7212|||SM 630", {"model": []}], ["7211|||SMR 125", {"model": []}], ["7210|||SMR 510", {"model": []}], ["7209|||SMR 610", {"model": []}], ["7208|||SMR 630", {"model": []}], ["1697|||SMR", {"model": []}], ["7207|||SMS 4", {"model": []}], ["1698|||SMS 610", {"model": []}], ["1689|||SM", {"model": []}], ["7321|||Svartpilen", {"model": []}], ["1701|||TC570", {"model": []}], ["7320|||TC 50", {"model": []}], ["7319|||TC 65", {"model": []}], ["3541|||TC 85", {"model": []}], ["3542|||TC 125", {"model": []}], ["1699|||TC 250", {"model": []}], ["7206|||TC 449", {"model": []}], ["7205|||TC 450", {"model": []}], ["1700|||TC 510", {"model": []}], ["7204|||TC 610", {"model": []}], ["3531|||TE 125", {"model": []}], ["1703|||TE 250", {"model": []}], ["3534|||TE 300", {"model": []}], ["7203|||TE 310", {"model": []}], ["7202|||TE 350", {"model": []}], ["7201|||TE 400", {"model": []}], ["1704|||TE 410 E", {"model": []}], ["7200|||TE 410", {"model": []}], ["7199|||TE 449", {"model": []}], ["1706|||TE 450 E", {"model": []}], ["1705|||TE 450", {"model": []}], ["7198|||TE 510", {"model": []}], ["7197|||TE 511", {"model": []}], ["7196|||TE 570", {"model": []}], ["1708|||TE 610 E", {"model": []}], ["1707|||TE 610", {"model": []}], ["7195|||TE 630", {"model": []}], ["1709|||TE-E", {"model": []}], ["1710|||TE-SM", {"model": []}], ["1702|||TE", {"model": []}], ["7194|||TR 650", {"model": []}], ["7318|||TX 125", {"model": []}], ["7317|||TX 300", {"model": []}], ["7193|||TXC 250 R", {"model": []}], ["7192|||TXC 310 R", {"model": []}], ["7316|||Vitpilen", {"model": []}], ["7189|||WR 50", {"model": []}], ["1712|||WR 125", {"model": []}], ["7191|||WR 300", {"model": []}], ["7190|||WR 360", {"model": []}], ["1714|||WRE 125", {"model": []}], ["1713|||WRE", {"model": []}], ["1711|||WR", {"model": []}], ["7187|||WSM 50", {"model": []}], ["7188|||WSM 125", {"model": []}], ["7186|||WXE 125", {"model": []}]]}]]}