{"make": [["12||1|Gilera", {"model": [["7164|||50 GSA", {"model": []}], ["7165|||80 TG 2", {"model": []}], ["7158|||125 Strada", {"model": []}], ["7159|||125 TG 2", {"model": []}], ["7160|||150 Arcore", {"model": []}], ["7161|||150 Strada", {"model": []}], ["7162|||150 Turisma/Sport", {"model": []}], ["7163|||300 B", {"model": []}], ["1953|||Coguar 125", {"model": []}], ["7168|||DNA 50", {"model": []}], ["7166|||DNA 125", {"model": []}], ["7167|||DNA 180", {"model": []}], ["7169|||EC 1", {"model": []}], ["1954|||Eaglet", {"model": []}], ["1955|||Fuoco 500", {"model": []}], ["7170|||GFR125", {"model": []}], ["1956|||GP 800", {"model": []}], ["7172|||GSM 50", {"model": []}], ["7171|||Giubileo", {"model": []}], ["7173|||H@k 50", {"model": []}], ["7153|||ICE", {"model": []}], ["7152|||Marte", {"model": []}], ["7157|||NRG MC3 H2O", {"model": []}], ["7156|||NRG extreme H2O", {"model": []}], ["7151|||Nettuno", {"model": []}], ["7154|||Nexus 125", {"model": []}], ["1958|||Nexus 250 SP", {"model": []}], ["7155|||Nexus 250", {"model": []}], ["7150|||Nexus 300", {"model": []}], ["1960|||Nexus 500 SP", {"model": []}], ["1959|||Nexus 500", {"model": []}], ["1957|||Nexus", {"model": []}], ["7149|||Nordcape 600", {"model": []}], ["7148|||Nordwest 600", {"model": []}], ["1961|||Oregon 250", {"model": []}], ["7147|||RC 600", {"model": []}], ["7146|||RCR 50", {"model": []}], ["1971|||Runner 50 DD/SP Replica", {"model": []}], ["1970|||Runner 50 DD/SP", {"model": []}], ["1972|||Runner 50 INJ.", {"model": []}], ["7142|||Runner 50", {"model": []}], ["1962|||Runner 125 DD/SP", {"model": []}], ["1963|||Runner 125 ST", {"model": []}], ["1965|||Runner 125 VX RST", {"model": []}], ["1964|||Runner 125 VX", {"model": []}], ["7145|||Runner 125", {"model": []}], ["1966|||Runner 180 DD/SP", {"model": []}], ["1967|||Runner 180 VXR", {"model": []}], ["7144|||Runner 180", {"model": []}], ["1969|||Runner 200 VXR RST E3", {"model": []}], ["1968|||Runner 200 VXR", {"model": []}], ["7143|||Runner 200", {"model": []}], ["1974|||Runner FXR 180", {"model": []}], ["1973|||Runner FX", {"model": []}], ["7141|||Runner Racing Replica", {"model": []}], ["7138|||SC 125", {"model": []}], ["1975|||SMT 50", {"model": []}], ["7137|||SMT Racing RCR", {"model": []}], ["7140|||Saturna Corsa", {"model": []}], ["7139|||Saturno", {"model": []}], ["7136|||Stalker 50", {"model": []}], ["1976|||Stalker", {"model": []}], ["7135|||XRT 600", {"model": []}], ["7134|||Zulu", {"model": []}]]}]]}