{"make": [["270||1|Yamaha", {"model": [["6623|||550 Supermoto", {"model": []}], ["6613|||AS 3", {"model": []}], ["2825|||AXIS", {"model": []}], ["6620|||Aerox 4", {"model": []}], ["6619|||Aerox 50", {"model": []}], ["6621|||Aerox 100", {"model": []}], ["6618|||Aerox Naked", {"model": []}], ["6616|||Aerox R Special Moto GP", {"model": []}], ["6615|||Aerox Race Replica", {"model": []}], ["6617|||Aerox R", {"model": []}], ["6614|||Aerox Toyota Racing", {"model": []}], ["6622|||Aerox", {"model": []}], ["6612|||Axis 50", {"model": []}], ["6610|||BLACK X-Max", {"model": []}], ["2827|||BT 1100 - Bulldog", {"model": []}], ["6604|||BT 1100", {"model": []}], ["6600|||BWs 50", {"model": []}], ["6602|||BWs 100", {"model": []}], ["6601|||BWs 125", {"model": []}], ["6599|||BWs Next Generation", {"model": []}], ["6598|||BWs Spy", {"model": []}], ["6603|||BWs", {"model": []}], ["2828|||BW", {"model": []}], ["6611|||Bear Tracker", {"model": []}], ["2826|||Blaster 200", {"model": []}], ["6609|||Bop", {"model": []}], ["6607|||Breeze 50", {"model": []}], ["6608|||Breeze", {"model": []}], ["6606|||Bruin 250", {"model": []}], ["6605|||Bruin 350", {"model": []}], ["6597|||CA 50", {"model": []}], ["7778|||CA 50\u00c2\u00a0Salient", {"model": []}], ["2831|||CRYPTON-X135", {"model": []}], ["6594|||CS 50 Jog-RR LC", {"model": []}], ["6595|||CS 50 Jog-R", {"model": []}], ["6596|||Chappy LB 50", {"model": []}], ["2830|||Crypton R", {"model": []}], ["2829|||Crypton", {"model": []}], ["6593|||Cygnus X", {"model": []}], ["2832|||Cygnus", {"model": []}], ["6590|||DS 5", {"model": []}], ["6591|||DS 6", {"model": []}], ["6589|||DS 7", {"model": []}], ["6585|||DT 50", {"model": []}], ["6584|||DT 80", {"model": []}], ["2835|||DT 125 R", {"model": []}], ["2836|||DT 125X", {"model": []}], ["6588|||DT 125", {"model": []}], ["6587|||DT 175", {"model": []}], ["6586|||DT 250", {"model": []}], ["2837|||DT Lanza", {"model": []}], ["2838|||DT-R", {"model": []}], ["2839|||DT-WR", {"model": []}], ["2834|||DT", {"model": []}], ["6592|||Delight", {"model": []}], ["2833|||Dragstar", {"model": []}], ["6583|||EC 03", {"model": []}], ["2840|||F1 Z", {"model": []}], ["6582|||FJ 1100", {"model": []}], ["6581|||FJ 1200", {"model": []}], ["7309|||FJ-09", {"model": []}], ["2842|||FJR 1300", {"model": []}], ["2841|||FJ", {"model": []}], ["2844|||FZ1 Fazer", {"model": []}], ["2845|||FZ1 Naked", {"model": []}], ["6573|||FZ1-N", {"model": []}], ["6572|||FZ1-S Fazer", {"model": []}], ["2847|||FZ6 Fazer S2", {"model": []}], ["2846|||FZ6 Fazer", {"model": []}], ["2848|||FZ6 Naked", {"model": []}], ["6571|||FZ6 S2", {"model": []}], ["6570|||FZ6-N S2", {"model": []}], ["3128|||FZ8", {"model": []}], ["6580|||FZ 1", {"model": []}], ["6579|||FZ 6", {"model": []}], ["6577|||FZ 8 Fazer", {"model": []}], ["6578|||FZ 750", {"model": []}], ["6576|||FZ-6N", {"model": []}], ["7310|||FZ-07", {"model": []}], ["6575|||FZ-8N", {"model": []}], ["6574|||FZ-8S Fazer", {"model": []}], ["7311|||FZ-09", {"model": []}], ["7312|||FZ-10", {"model": []}], ["6565|||FZR 250", {"model": []}], ["6564|||FZR 400", {"model": []}], ["6566|||FZR 500 Genesis", {"model": []}], ["6563|||FZR 500", {"model": []}], ["6562|||FZR 600 Genesis", {"model": []}], ["6561|||FZR 600 R", {"model": []}], ["6567|||FZR 600", {"model": []}], ["6560|||FZR 750 R", {"model": []}], ["7777|||FZR 750", {"model": []}], ["6568|||FZR 1000 EXUP", {"model": []}], ["6569|||FZR 1000", {"model": []}], ["2850|||FZR EXUP", {"model": []}], ["2851|||FZR Fazer", {"model": []}], ["2849|||FZR", {"model": []}], ["2853|||FZS 600 Fazer", {"model": []}], ["6558|||FZS 600", {"model": []}], ["2852|||FZS 1000 Fazer", {"model": []}], ["6559|||FZS 1000", {"model": []}], ["6557|||FZX 750", {"model": []}], ["2854|||FZX", {"model": []}], ["2843|||FZ", {"model": []}], ["6549|||GTS 1000", {"model": []}], ["2860|||GTS", {"model": []}], ["6554|||Giggle", {"model": []}], ["2855|||Gragstar", {"model": []}], ["6553|||Grizzly 125", {"model": []}], ["6555|||Grizzly 300", {"model": []}], ["2856|||Grizzly 350", {"model": []}], ["2857|||Grizzly 450", {"model": []}], ["6552|||Grizzly 550", {"model": []}], ["2858|||Grizzly 600", {"model": []}], ["6551|||Grizzly 660", {"model": []}], ["2859|||Grizzly 700", {"model": []}], ["6550|||Grizzly EPS", {"model": []}], ["6548|||HL 500", {"model": []}], ["6547|||IT 200", {"model": []}], ["2861|||JOG", {"model": []}], ["6545|||Jog RR RaceReplica", {"model": []}], ["6556|||Jog RR", {"model": []}], ["6546|||Jog R", {"model": []}], ["6544|||Kodiak 450", {"model": []}], ["6543|||Kodiak 700", {"model": []}], ["6542|||LB 50 Chappy", {"model": []}], ["2866|||MT-01", {"model": []}], ["2867|||MT-03", {"model": []}], ["3323|||MT-07", {"model": []}], ["3266|||MT-09", {"model": []}], ["6484|||MT-10", {"model": []}], ["3371|||MT-125", {"model": []}], ["2862|||Majesty 125", {"model": []}], ["6227|||Majesty 150", {"model": []}], ["2863|||Majesty 180", {"model": []}], ["6541|||Majesty 250", {"model": []}], ["6540|||Majesty 400 ABS", {"model": []}], ["2864|||Majesty 400", {"model": []}], ["6539|||Majesty S 125", {"model": []}], ["3372|||Majesty S", {"model": []}], ["6538|||Majesty YP 125", {"model": []}], ["6537|||Majesty YP 250", {"model": []}], ["6536|||Maxim 700", {"model": []}], ["6535|||Maxim 750", {"model": []}], ["6534|||Maxster 125", {"model": []}], ["6533|||Maxster 150", {"model": []}], ["2865|||Maxster", {"model": []}], ["6486|||NEOs 4Takt", {"model": []}], ["6487|||NEOs 50", {"model": []}], ["6485|||NEOs 100", {"model": []}], ["6488|||NEOs Easy", {"model": []}], ["6489|||NMAX", {"model": []}], ["6490|||NXC 125F Cygnus", {"model": []}], ["6493|||Night Max", {"model": []}], ["7556|||Niken", {"model": []}], ["2868|||PW 50", {"model": []}], ["2869|||PW 80", {"model": []}], ["6510|||R5F", {"model": []}], ["6492|||R 3", {"model": []}], ["6491|||R 46", {"model": []}], ["2870|||R 125", {"model": []}], ["6506|||RD 50 DX", {"model": []}], ["6504|||RD 50", {"model": []}], ["6508|||RD 80 LC", {"model": []}], ["6507|||RD 80", {"model": []}], ["6497|||RD 125 DX", {"model": []}], ["6496|||RD 125", {"model": []}], ["6499|||RD 200 DX", {"model": []}], ["6498|||RD 200", {"model": []}], ["6501|||RD 250 LC", {"model": []}], ["6500|||RD 250", {"model": []}], ["6502|||RD 350 LC", {"model": []}], ["2872|||RD 350", {"model": []}], ["6503|||RD 400", {"model": []}], ["6505|||RD 500", {"model": []}], ["2871|||RD", {"model": []}], ["6513|||RS 100", {"model": []}], ["6512|||RX 80", {"model": []}], ["7389|||Raider", {"model": []}], ["6495|||Raptor 90", {"model": []}], ["6494|||Raptor 700", {"model": []}], ["6509|||Rhino 660", {"model": []}], ["2873|||Rhino 700", {"model": []}], ["6514|||Road Star Warrior", {"model": []}], ["2874|||Royal STAR", {"model": []}], ["7313|||SCR 950", {"model": []}], ["6516|||SG 50", {"model": []}], ["6518|||SR 125 E", {"model": []}], ["6519|||SR 250", {"model": []}], ["6532|||SR 400", {"model": []}], ["6531|||SR 500", {"model": []}], ["6530|||SRX 6", {"model": []}], ["6529|||SRX 600", {"model": []}], ["2876|||SRX", {"model": []}], ["2875|||SR", {"model": []}], ["6527|||SZR 660", {"model": []}], ["6515|||Salient 50", {"model": []}], ["6511|||Salient", {"model": []}], ["6517|||Slider 50", {"model": []}], ["7391|||Star Venture", {"model": []}], ["6528|||Super Venture 1200", {"model": []}], ["3123|||T-MAX 500", {"model": []}], ["3265|||T-Max 530", {"model": []}], ["6525|||TD2", {"model": []}], ["2878|||TDM 850", {"model": []}], ["3342|||TDM 900 A", {"model": []}], ["2879|||TDM 900", {"model": []}], ["6524|||TDR 125", {"model": []}], ["6523|||TDR 250", {"model": []}], ["2881|||TDR", {"model": []}], ["6520|||TM 85", {"model": []}], ["6464|||TMAX White", {"model": []}], ["6465|||TR 1", {"model": []}], ["6466|||TR 2", {"model": []}], ["6469|||TRX 850", {"model": []}], ["6474|||TT 90", {"model": []}], ["6470|||TT 350", {"model": []}], ["6471|||TT 600 E", {"model": []}], ["6477|||TT 600 K", {"model": []}], ["6472|||TT 600 RE", {"model": []}], ["6473|||TT 600 s", {"model": []}], ["2884|||TT 600R", {"model": []}], ["6476|||TT R50E", {"model": []}], ["6475|||TT R110E", {"model": []}], ["6483|||TTR 50", {"model": []}], ["6460|||TTR 90", {"model": []}], ["6478|||TTR 110", {"model": []}], ["6480|||TTR 125L", {"model": []}], ["6479|||TTR 125", {"model": []}], ["6481|||TTR 230", {"model": []}], ["6482|||TTR 250", {"model": []}], ["2885|||TTR", {"model": []}], ["2883|||TT", {"model": []}], ["2887|||TW 125", {"model": []}], ["6458|||TW 200", {"model": []}], ["2886|||TW", {"model": []}], ["6457|||TX 750", {"model": []}], ["6461|||TY 125", {"model": []}], ["6456|||TY 250", {"model": []}], ["6455|||TZ 250", {"model": []}], ["6454|||TZ 350", {"model": []}], ["6462|||TZ 500", {"model": []}], ["6452|||TZR 50", {"model": []}], ["6463|||TZR 125", {"model": []}], ["6453|||TZR 250", {"model": []}], ["2888|||TZR", {"model": []}], ["6526|||Target CR 50 Z", {"model": []}], ["6521|||Teos 125", {"model": []}], ["6522|||Teos", {"model": []}], ["3374|||Town Mate", {"model": []}], ["6467|||Tracer 700", {"model": []}], ["6468|||Tracer 900", {"model": []}], ["3370|||Tricity", {"model": []}], ["2882|||Tricker", {"model": []}], ["2877|||T", {"model": []}], ["2889|||V50", {"model": []}], ["2891|||V-MAX", {"model": []}], ["2890|||VITY 125", {"model": []}], ["2892|||VP 300 Versity", {"model": []}], ["6437|||VP 300", {"model": []}], ["6451|||Versity 300", {"model": []}], ["6450|||Virago XV 1000", {"model": []}], ["6449|||Vity", {"model": []}], ["6438|||Vmax VMX 1200", {"model": []}], ["6448|||Vmax", {"model": []}], ["6446|||WHY 50", {"model": []}], ["2893|||WILD STAR", {"model": []}], ["6439|||WR 125 R", {"model": []}], ["6440|||WR 125 X", {"model": []}], ["2895|||WR 250F", {"model": []}], ["6442|||WR 250R", {"model": []}], ["2897|||WR 250X", {"model": []}], ["6441|||WR 250", {"model": []}], ["2898|||WR 400F", {"model": []}], ["6443|||WR 400", {"model": []}], ["2899|||WR 426F", {"model": []}], ["6444|||WR 426", {"model": []}], ["2900|||WR 450F", {"model": []}], ["6435|||WR 450", {"model": []}], ["2894|||WR", {"model": []}], ["6445|||Wolverine 350", {"model": []}], ["6436|||Wolverine 450", {"model": []}], ["3138|||X-CITY 125", {"model": []}], ["2904|||X-CITY 250", {"model": []}], ["2911|||X-MAX 250", {"model": []}], ["3264|||X-MAX 400", {"model": []}], ["2910|||X-MAX", {"model": []}], ["6434|||X-Max 125 ABS Business", {"model": []}], ["6447|||X-Max 125", {"model": []}], ["6432|||X-Max 250 Sport", {"model": []}], ["7314|||X-Max 300", {"model": []}], ["6431|||XC 125 Beluga", {"model": []}], ["6430|||XC 125 City", {"model": []}], ["6429|||XC 125 Cygnus", {"model": []}], ["6428|||XC 125 Vity", {"model": []}], ["2902|||XC 125X Cygnous", {"model": []}], ["6433|||XC 125", {"model": []}], ["6427|||XC 180", {"model": []}], ["2903|||XC 300 Versity", {"model": []}], ["2901|||XC", {"model": []}], ["6425|||XG 250", {"model": []}], ["3202|||XJ6 ABS", {"model": []}], ["3203|||XJ6 DIVERSION F", {"model": []}], ["2907|||XJ6 DIVERSION", {"model": []}], ["6413|||XJ6 Diversion F ABS", {"model": []}], ["6412|||XJ6 SA", {"model": []}], ["6411|||XJ6 SP", {"model": []}], ["3201|||XJ6", {"model": []}], ["6424|||XJ 500", {"model": []}], ["6423|||XJ 550", {"model": []}], ["6421|||XJ 600 N", {"model": []}], ["6419|||XJ 600 S Diversion", {"model": []}], ["6420|||XJ 600 S", {"model": []}], ["6422|||XJ 600", {"model": []}], ["6418|||XJ 650", {"model": []}], ["6417|||XJ 750", {"model": []}], ["6414|||XJ 900 S Diversion", {"model": []}], ["6415|||XJ 900 S", {"model": []}], ["6416|||XJ 900", {"model": []}], ["2906|||XJ Diversion", {"model": []}], ["6274|||XJR 400", {"model": []}], ["6409|||XJR 1200 SP", {"model": []}], ["6410|||XJR 1200", {"model": []}], ["6272|||XJR 1300 Racer", {"model": []}], ["6273|||XJR 1300 SP", {"model": []}], ["2909|||XJR 1300 Street", {"model": []}], ["6408|||XJR 1300", {"model": []}], ["2908|||XJR", {"model": []}], ["2905|||XJ", {"model": []}], ["2912|||XN 125 TEO S", {"model": []}], ["2913|||XP 500 T-MAX", {"model": []}], ["6276|||XS 2", {"model": []}], ["6277|||XS 360", {"model": []}], ["6278|||XS 400", {"model": []}], ["6279|||XS 500", {"model": []}], ["6280|||XS 650", {"model": []}], ["6282|||XS 750", {"model": []}], ["6281|||XS 850", {"model": []}], ["6275|||XS 1100", {"model": []}], ["6283|||XSR 700", {"model": []}], ["6284|||XSR 900", {"model": []}], ["2915|||XT 125R", {"model": []}], ["2916|||XT 125X", {"model": []}], ["6288|||XT 125", {"model": []}], ["6289|||XT 250", {"model": []}], ["6290|||XT 350", {"model": []}], ["6292|||XT 500 A", {"model": []}], ["2917|||XT 500E", {"model": []}], ["6293|||XT 500Z Tenere", {"model": []}], ["6291|||XT 500", {"model": []}], ["6294|||XT 550", {"model": []}], ["2918|||XT 600E", {"model": []}], ["6296|||XT 600Z Tenere", {"model": []}], ["6295|||XT 600", {"model": []}], ["2919|||XT 660R", {"model": []}], ["2920|||XT 660X", {"model": []}], ["6297|||XT 660Z Tenere", {"model": []}], ["6298|||XT 660", {"model": []}], ["7555|||XT 700", {"model": []}], ["6287|||XT 1200 ZE", {"model": []}], ["6286|||XT 1200 Z", {"model": []}], ["6285|||XT 1200", {"model": []}], ["2921|||XT Artesia", {"model": []}], ["2922|||XT Serow", {"model": []}], ["2923|||XT Tenere", {"model": []}], ["2924|||XT-KE", {"model": []}], ["6299|||XTC 125 T", {"model": []}], ["6301|||XTZ 660", {"model": []}], ["6303|||XTZ 750 Supertenere", {"model": []}], ["6302|||XTZ 750", {"model": []}], ["6300|||XTZ 1200", {"model": []}], ["2925|||XTZ Super Tenere", {"model": []}], ["2926|||XTZ Tenere", {"model": []}], ["2914|||XT", {"model": []}], ["6334|||XV950", {"model": []}], ["6304|||XV 100", {"model": []}], ["6311|||XV 125 S Virago", {"model": []}], ["6312|||XV 125 Virago", {"model": []}], ["6310|||XV 125", {"model": []}], ["6322|||XV 250 Virago", {"model": []}], ["6321|||XV 250", {"model": []}], ["6323|||XV 400", {"model": []}], ["6325|||XV 500 S Virago", {"model": []}], ["6324|||XV 500", {"model": []}], ["6327|||XV 535 DX Virago", {"model": []}], ["6328|||XV 535 Virago", {"model": []}], ["6326|||XV 535", {"model": []}], ["6330|||XV 750 Virago", {"model": []}], ["6329|||XV 750", {"model": []}], ["6331|||XV 920", {"model": []}], ["6332|||XV 950R", {"model": []}], ["6306|||XV 1000 TR1", {"model": []}], ["6307|||XV 1000 Virago", {"model": []}], ["6305|||XV 1000", {"model": []}], ["6309|||XV 1100 Virago", {"model": []}], ["6308|||XV 1100", {"model": []}], ["6314|||XV 1600 Royal Star", {"model": []}], ["6315|||XV 1600 Wild Star", {"model": []}], ["6313|||XV 1600", {"model": []}], ["6317|||XV 1700 Road Star", {"model": []}], ["6318|||XV 1700 Warrior", {"model": []}], ["6316|||XV 1700", {"model": []}], ["6320|||XV 1900 A", {"model": []}], ["6319|||XV 1900", {"model": []}], ["6333|||XV Midnight Special", {"model": []}], ["2927|||XV Virago", {"model": []}], ["2928|||XVS 125 Dragstar", {"model": []}], ["6337|||XVS 125", {"model": []}], ["6342|||XVS 250 Drag Star", {"model": []}], ["6341|||XVS 250", {"model": []}], ["6343|||XVS 400 Drag Star", {"model": []}], ["7776|||XVS 400", {"model": []}], ["6345|||XVS 650 Drag Star", {"model": []}], ["2930|||XVS 650A Dragstar", {"model": []}], ["6344|||XVS 650", {"model": []}], ["6347|||XVS 950 A", {"model": []}], ["6346|||XVS 950", {"model": []}], ["6336|||XVS 1100 Drag Star", {"model": []}], ["6335|||XVS 1100", {"model": []}], ["6339|||XVS 1300 A", {"model": []}], ["6340|||XVS 1300 Custom", {"model": []}], ["2929|||XVS 1300A Midnight Star", {"model": []}], ["6338|||XVS 1300", {"model": []}], ["6348|||XVZ 12", {"model": []}], ["6350|||XVZ 13", {"model": []}], ["6349|||XVZ 1200 Venture", {"model": []}], ["7775|||XVZ 1200", {"model": []}], ["6352|||XVZ 1300 A Royal Star Tour", {"model": []}], ["6353|||XVZ 1300 Royal Star", {"model": []}], ["6354|||XVZ 1300 Venture", {"model": []}], ["6351|||XVZ 1300", {"model": []}], ["6355|||XZ 550", {"model": []}], ["3260|||Xenter 125", {"model": []}], ["6426|||Xenter 150", {"model": []}], ["3194|||Xenter-150", {"model": []}], ["2931|||YBR 125", {"model": []}], ["2932|||YBR 250", {"model": []}], ["6356|||YFA 125", {"model": []}], ["6362|||YFM 50", {"model": []}], ["6366|||YFM 80", {"model": []}], ["2938|||YFM 90 Raptor", {"model": []}], ["6368|||YFM 90", {"model": []}], ["2933|||YFM 250 BIG BEAR", {"model": []}], ["6357|||YFM 250", {"model": []}], ["6358|||YFM 300", {"model": []}], ["2934|||YFM 350 Raptor", {"model": []}], ["6359|||YFM 350", {"model": []}], ["6360|||YFM 400", {"model": []}], ["2935|||YFM 450 FWAN Grizzly", {"model": []}], ["6361|||YFM 450", {"model": []}], ["6363|||YFM 550", {"model": []}], ["2936|||YFM 660 Raptor", {"model": []}], ["6364|||YFM 660", {"model": []}], ["2937|||YFM 700R Raptor", {"model": []}], ["6365|||YFM 700", {"model": []}], ["6367|||YFS 200", {"model": []}], ["6370|||YFZ 50", {"model": []}], ["2939|||YFZ 350", {"model": []}], ["2940|||YFZ 450", {"model": []}], ["2941|||YH 50 WHY", {"model": []}], ["6369|||YM 50 Breeze", {"model": []}], ["2942|||YN 100 NEO S", {"model": []}], ["2943|||YN NEO", {"model": []}], ["2944|||YP 125 Majesty", {"model": []}], ["6371|||YP 125", {"model": []}], ["2945|||YP 180 Majesty", {"model": []}], ["2946|||YP 250 Majesty", {"model": []}], ["2947|||YP 400 Majesty", {"model": []}], ["6372|||YP 400", {"model": []}], ["2948|||YP Majesty", {"model": []}], ["2949|||YQ 50 Aerox", {"model": []}], ["2950|||YQ Aerox", {"model": []}], ["7315|||YS 125", {"model": []}], ["6373|||YSR 50", {"model": []}], ["2951|||YSR", {"model": []}], ["6374|||YX 600", {"model": []}], ["6375|||YXR 660", {"model": []}], ["6376|||YXR 700", {"model": []}], ["6377|||YXZ 1000", {"model": []}], ["6390|||YZ 80 LW", {"model": []}], ["6389|||YZ 80", {"model": []}], ["2957|||YZ 85 LC", {"model": []}], ["6392|||YZ 85 LW", {"model": []}], ["6391|||YZ 85", {"model": []}], ["2953|||YZ 125 LC", {"model": []}], ["6378|||YZ 125", {"model": []}], ["2955|||YZ 250 LC", {"model": []}], ["2954|||YZ 250F", {"model": []}], ["6379|||YZ 250", {"model": []}], ["6380|||YZ 360", {"model": []}], ["6382|||YZ 400 F", {"model": []}], ["6381|||YZ 400", {"model": []}], ["6383|||YZ 426", {"model": []}], ["6388|||YZ 450 F Team Replica", {"model": []}], ["2956|||YZ 450F", {"model": []}], ["6384|||YZ 450", {"model": []}], ["6387|||YZ 460", {"model": []}], ["6386|||YZ 490", {"model": []}], ["6385|||YZ 500", {"model": []}], ["2959|||YZF 125 R", {"model": []}], ["6398|||YZF 600 R Thundercat", {"model": []}], ["6397|||YZF 600", {"model": []}], ["2958|||YZF 750 R", {"model": []}], ["6400|||YZF 750 SP", {"model": []}], ["6399|||YZF 750", {"model": []}], ["6396|||YZF 1000 R Thunderace", {"model": []}], ["6395|||YZF 1000", {"model": []}], ["6393|||YZF - R125", {"model": []}], ["6394|||YZF - R 7", {"model": []}], ["6401|||YZF-R1M", {"model": []}], ["6402|||YZF-R1SP", {"model": []}], ["2960|||YZF-R1", {"model": []}], ["6403|||YZF-R3", {"model": []}], ["6406|||YZF-R6R", {"model": []}], ["2961|||YZF-R6", {"model": []}], ["7522|||YZF-R15", {"model": []}], ["2952|||YZ", {"model": []}], ["2963|||ZEAL", {"model": []}], ["6405|||Zest 50", {"model": []}], ["6404|||Zest 80", {"model": []}], ["2962|||Z", {"model": []}]]}]]}