{"make": [["3866||1|Ymc", {"model": [["3065|||Beach Buggy", {"model": []}], ["3066|||Beatle FC 50 QT", {"model": []}], ["3067|||CITY ZN 125T Vespa", {"model": []}], ["3068|||Desert 250 Advanced", {"model": []}], ["3069|||Highlander", {"model": []}], ["3070|||Lander 300", {"model": []}], ["3073|||SK 125-3", {"model": []}], ["3071|||Sahara 650", {"model": []}], ["3072|||Sahara 800", {"model": []}], ["3074|||Spartan 300 UTV", {"model": []}], ["3075|||Sphinx 110 ATV", {"model": []}], ["3076|||Sphinx 150 AUTO", {"model": []}], ["3077|||Sphinx 250 Sport", {"model": []}], ["3078|||Sphinx 250 Streetfighter", {"model": []}], ["3079|||Sphinx 330", {"model": []}], ["3080|||Sphinx 520", {"model": []}], ["3081|||Sphinx ATV 200", {"model": []}], ["3082|||Sprinter 150", {"model": []}], ["3083|||TMX 125 A", {"model": []}], ["3084|||V3 250", {"model": []}]]}]]}