{"make": [["288||1|KTM", {"model": [["4258|||50 GXE", {"model": []}], ["4259|||50 Junior", {"model": []}], ["2983|||50 MINI Adventure", {"model": []}], ["4260|||50 Mini", {"model": []}], ["4261|||50 SM", {"model": []}], ["2984|||50 SX PRO Senior L/C", {"model": []}], ["4262|||50 SX", {"model": []}], ["4284|||60 SX", {"model": []}], ["2998|||65 SX", {"model": []}], ["4300|||80 PL", {"model": []}], ["4301|||80 RL", {"model": []}], ["4302|||80 SX", {"model": []}], ["4303|||85 Motocross", {"model": []}], ["4305|||85 SX", {"model": []}], ["4304|||85 Supermoto", {"model": []}], ["4199|||105 SX", {"model": []}], ["4204|||125 Duke", {"model": []}], ["2964|||125 E-XC", {"model": []}], ["4205|||125 EGS", {"model": []}], ["4207|||125 EXC", {"model": []}], ["4208|||125 EXE", {"model": []}], ["4206|||125 Enduro", {"model": []}], ["4209|||125 GS", {"model": []}], ["4210|||125 LC", {"model": []}], ["5999|||125 MC", {"model": []}], ["4212|||125 MX", {"model": []}], ["4213|||125 RS", {"model": []}], ["2965|||125 SX", {"model": []}], ["4214|||125 Sting", {"model": []}], ["4215|||125 Supermoto", {"model": []}], ["7362|||125 XC", {"model": []}], ["2966|||144 SX", {"model": []}], ["4218|||150 SX", {"model": []}], ["7302|||150 XC", {"model": []}], ["4219|||175 GS", {"model": []}], ["4220|||200 Duke", {"model": []}], ["2967|||200 E-XC", {"model": []}], ["4221|||200 EXC", {"model": []}], ["2968|||200 SX", {"model": []}], ["7507|||250 Duke", {"model": []}], ["2970|||250 E-XC Racing", {"model": []}], ["2969|||250 E-XC", {"model": []}], ["4222|||250 EGS", {"model": []}], ["2971|||250 EXC-F", {"model": []}], ["4224|||250 EXC", {"model": []}], ["4223|||250 Enduro", {"model": []}], ["4225|||250 GL", {"model": []}], ["4226|||250 GS", {"model": []}], ["6001|||250 MC", {"model": []}], ["4228|||250 MX", {"model": []}], ["2973|||250 SX-F", {"model": []}], ["2974|||250 SX-S", {"model": []}], ["2972|||250 SX", {"model": []}], ["7303|||250 XC", {"model": []}], ["2975|||300 E-XC", {"model": []}], ["4229|||300 EXC", {"model": []}], ["4230|||300 GS", {"model": []}], ["4231|||300 MX", {"model": []}], ["4232|||300 SX", {"model": []}], ["7304|||300 XC", {"model": []}], ["4233|||350 EGS", {"model": []}], ["4234|||350 EXC", {"model": []}], ["4235|||350 Freeride", {"model": []}], ["4236|||350 GS", {"model": []}], ["4237|||350 LC 4", {"model": []}], ["2976|||350 SX-F", {"model": []}], ["4238|||350 SX", {"model": []}], ["7305|||350 XC", {"model": []}], ["4239|||360 EXC", {"model": []}], ["4240|||360 SX", {"model": []}], ["2977|||380 E-XC", {"model": []}], ["4241|||380 EGS", {"model": []}], ["4242|||380 EXC", {"model": []}], ["4243|||380 SX", {"model": []}], ["4244|||390 Duke", {"model": []}], ["2978|||400 E-XC Racing", {"model": []}], ["4245|||400 EXC", {"model": []}], ["4246|||400 GS", {"model": []}], ["4247|||400 LC 4", {"model": []}], ["4248|||400 SX", {"model": []}], ["4249|||420 GS", {"model": []}], ["4250|||440 SX", {"model": []}], ["2979|||450 E-XC Factory", {"model": []}], ["2980|||450 E-XC Racing", {"model": []}], ["4251|||450 EXC", {"model": []}], ["4252|||450 Rally", {"model": []}], ["4253|||450 SMR", {"model": []}], ["4254|||450 SMS", {"model": []}], ["4255|||450 SX Racing", {"model": []}], ["2982|||450 SX-F", {"model": []}], ["4256|||450 SXS", {"model": []}], ["2981|||450 SX", {"model": []}], ["4257|||450 XC", {"model": []}], ["4263|||500 EXC", {"model": []}], ["4264|||500 GS", {"model": []}], ["4265|||500 K4", {"model": []}], ["4266|||500 MX", {"model": []}], ["4267|||500 SX", {"model": []}], ["4268|||505 L", {"model": []}], ["4269|||505 N", {"model": []}], ["2985|||505 SX-F", {"model": []}], ["4270|||505 SX", {"model": []}], ["4271|||505 XC-F", {"model": []}], ["4272|||520 EXC", {"model": []}], ["4273|||520 SX", {"model": []}], ["2986|||525 E-XC", {"model": []}], ["4274|||525 EXC", {"model": []}], ["4275|||525 MXC", {"model": []}], ["4276|||525 SMR", {"model": []}], ["2987|||525 SX", {"model": []}], ["4277|||525 XC", {"model": []}], ["2988|||530 EXC-R", {"model": []}], ["4278|||530 EXC", {"model": []}], ["4280|||540 SXC", {"model": []}], ["4281|||540 SXS", {"model": []}], ["4279|||540 SX", {"model": []}], ["4282|||550 LC 4", {"model": []}], ["4283|||560 SMR", {"model": []}], ["4285|||600 Cross Country", {"model": []}], ["4287|||600 LC 4", {"model": []}], ["4286|||600 LC", {"model": []}], ["4288|||610 SMR", {"model": []}], ["4289|||620 Duke", {"model": []}], ["4290|||620 GS", {"model": []}], ["4291|||620 LC 4", {"model": []}], ["2990|||620 SC", {"model": []}], ["2989|||620", {"model": []}], ["4292|||625 LC 4", {"model": []}], ["4293|||625 SC Supermoto", {"model": []}], ["2991|||625 SMC", {"model": []}], ["2992|||625 SXC", {"model": []}], ["2993|||640 Adventure R DD", {"model": []}], ["4294|||640 Duke", {"model": []}], ["2995|||640 LC4 Adventure R", {"model": []}], ["2994|||640 LC4", {"model": []}], ["2997|||640 SM Prestige", {"model": []}], ["2996|||640 SM", {"model": []}], ["4295|||660 LC 4", {"model": []}], ["2999|||660 SMC", {"model": []}], ["4296|||690 Duke", {"model": []}], ["3000|||690 Enduro", {"model": []}], ["4297|||690 LC 4", {"model": []}], ["3002|||690 SM Prestige", {"model": []}], ["4298|||690 SMC", {"model": []}], ["3001|||690 SM", {"model": []}], ["4299|||690 Supermoto", {"model": []}], ["7560|||790 Adventure", {"model": []}], ["7306|||790 Duke", {"model": []}], ["3004|||950 Adventure S", {"model": []}], ["3003|||950 Adventure", {"model": []}], ["4306|||950 Duke", {"model": []}], ["3006|||950 LC8 Adventure S", {"model": []}], ["3005|||950 LC8 Adventure", {"model": []}], ["4307|||950 Rally", {"model": []}], ["4308|||950 Super Enduro R", {"model": []}], ["3007|||950 Super Enduro", {"model": []}], ["3008|||950 Super Moto", {"model": []}], ["3009|||990 Adventure", {"model": []}], ["3010|||990 Super Duke", {"model": []}], ["4309|||990 Supermoto", {"model": []}], ["4200|||1050 Adventure", {"model": []}], ["7301|||1090 Adventure", {"model": []}], ["4202|||1190 Adventure R", {"model": []}], ["4201|||1190 Adventure", {"model": []}], ["4203|||1190 RC8", {"model": []}], ["4216|||1290 Super Adventure", {"model": []}], ["6000|||1290 Super Duke GT", {"model": []}], ["4217|||1290 Super Duke R", {"model": []}], ["4310|||Bora 50", {"model": []}], ["4311|||Bora 80", {"model": []}], ["4313|||CT800 S", {"model": []}], ["6002|||Comet", {"model": []}], ["4312|||Concept 125", {"model": []}], ["3013|||DUKE II Last Edition", {"model": []}], ["3012|||DUKE II", {"model": []}], ["3011|||DUKE", {"model": []}], ["4314|||Duo 50", {"model": []}], ["3014|||EGS", {"model": []}], ["3016|||EX-C 400 Factory", {"model": []}], ["3017|||EXC Six Days", {"model": []}], ["3018|||EXC-F 450 ISDE", {"model": []}], ["3015|||EXC", {"model": []}], ["3019|||EXE", {"model": []}], ["4315|||Foxi", {"model": []}], ["4316|||Freeride 250 R", {"model": []}], ["7523|||Freeride 250", {"model": []}], ["4317|||Freeride 350", {"model": []}], ["4318|||Freeride E", {"model": []}], ["4319|||GO 50", {"model": []}], ["4320|||GXE 50", {"model": []}], ["4321|||Hobby", {"model": []}], ["4322|||Kross 50", {"model": []}], ["3020|||LC2", {"model": []}], ["3022|||LC4 Adventure", {"model": []}], ["3021|||LC4", {"model": []}], ["4324|||MS 50", {"model": []}], ["4323|||Mecky", {"model": []}], ["4325|||Okay", {"model": []}], ["4326|||Ponny", {"model": []}], ["3023|||Prestige", {"model": []}], ["4327|||R 100", {"model": []}], ["4328|||R 125 Tourist", {"model": []}], ["4329|||RC 125", {"model": []}], ["6003|||RC 200", {"model": []}], ["7559|||RC 250", {"model": []}], ["4331|||RC 390", {"model": []}], ["3024|||RC-8 1190", {"model": []}], ["3025|||S.COMPETITION", {"model": []}], ["4332|||SM 25", {"model": []}], ["3026|||SMC", {"model": []}], ["3027|||SMR 450", {"model": []}], ["3028|||SMR 525", {"model": []}], ["3029|||SMR 690", {"model": []}], ["3030|||SMR 990", {"model": []}], ["3031|||SMT 990", {"model": []}], ["3034|||SXC", {"model": []}], ["3033|||SX", {"model": []}], ["4333|||Squadra", {"model": []}], ["3032|||Super DUKE", {"model": []}], ["4334|||TS 40", {"model": []}], ["3035|||XC 450", {"model": []}]]}]]}