{"make": [["279||1|Pgo", {"model": [["8085|||Big Max 25", {"model": []}], ["8086|||Big Max 50", {"model": []}], ["8087|||Big Max 90", {"model": []}], ["8088|||Bugracer 500", {"model": []}], ["8089|||Bugracer 600", {"model": []}], ["8093|||Bugrider 50", {"model": []}], ["8090|||Bugrider 150", {"model": []}], ["8091|||Bugrider 200", {"model": []}], ["8092|||Bugrider 250", {"model": []}], ["8094|||Bugster", {"model": []}], ["2769|||Bugxter 50", {"model": []}], ["2768|||Bugxter 150 ON", {"model": []}], ["8095|||Comet 25", {"model": []}], ["8096|||Comet 50", {"model": []}], ["8097|||Dingo 50", {"model": []}], ["8098|||Firejet 50", {"model": []}], ["2770|||G-MAX 250", {"model": []}], ["8102|||G-Max 50", {"model": []}], ["8099|||G-Max 125", {"model": []}], ["8100|||G-Max 150", {"model": []}], ["8101|||G-Max 220", {"model": []}], ["8106|||GMX 450", {"model": []}], ["8107|||GMX 550", {"model": []}], ["8103|||Galaxy 25", {"model": []}], ["8104|||Galaxy 50", {"model": []}], ["8105|||Galaxy 90", {"model": []}], ["8108|||J-Bubu 125", {"model": []}], ["8111|||Libra 50", {"model": []}], ["8109|||Libra 125", {"model": []}], ["8110|||Libra 150", {"model": []}], ["8113|||Ligero 50", {"model": []}], ["8112|||Ligero 125", {"model": []}], ["8114|||Mega 50", {"model": []}], ["8116|||PMS 50", {"model": []}], ["8115|||PMS 110", {"model": []}], ["8118|||PMX 50", {"model": []}], ["8117|||PMX 110", {"model": []}], ["8119|||PS 50", {"model": []}], ["8120|||Rodo Show 50", {"model": []}], ["2772|||T-REX 150", {"model": []}], ["2771|||T-REX", {"model": []}], ["8122|||T-Rex 50", {"model": []}], ["8121|||T-Rex 125", {"model": []}], ["8124|||TR-3 50", {"model": []}], ["8123|||Tigra 125", {"model": []}], ["8125|||X-Fire 300", {"model": []}], ["8128|||X-Hot 50", {"model": []}], ["8126|||X-Hot 125", {"model": []}], ["8127|||X-Hot 150", {"model": []}], ["2774|||X-RIDER 150", {"model": []}], ["8129|||X-Rider 50", {"model": []}], ["8131|||XL-Rider 50", {"model": []}], ["8130|||XL-Rider 200", {"model": []}], ["2773|||XR 50", {"model": []}]]}]]}