{"make": [["29||1|Derbi", {"model": [["7260|||125 TTS", {"model": []}], ["2567|||Atlantis 50", {"model": []}], ["7259|||Atlantis", {"model": []}], ["7257|||Boulevard 25/50", {"model": []}], ["7255|||Boulevard 125", {"model": []}], ["7256|||Boulevard 150", {"model": []}], ["2568|||Boulevard", {"model": []}], ["2569|||Cross CITY 125", {"model": []}], ["7258|||DFW 50", {"model": []}], ["7253|||DRD", {"model": []}], ["7252|||DS 50", {"model": []}], ["7251|||DXR 200", {"model": []}], ["2571|||DXR 250", {"model": []}], ["7254|||Dirty Boy", {"model": []}], ["2570|||Dirty KID", {"model": []}], ["7250|||Fenix", {"model": []}], ["7249|||Furax", {"model": []}], ["7248|||GP 1", {"model": []}], ["2574|||GP-1 50", {"model": []}], ["2572|||GP-1 125", {"model": []}], ["2573|||GP-1 250", {"model": []}], ["2576|||GPR 50", {"model": []}], ["2575|||GPR 125 Nude", {"model": []}], ["7247|||GPR", {"model": []}], ["7246|||Hunter 25", {"model": []}], ["7245|||Hunter 50", {"model": []}], ["7244|||Manhatten 50", {"model": []}], ["2577|||Mulhacen 125", {"model": []}], ["7243|||Mulhacen 659", {"model": []}], ["2578|||Mulhacen 660", {"model": []}], ["7242|||Mulhacen Cafe", {"model": []}], ["7241|||Nude", {"model": []}], ["7240|||Paddock 50", {"model": []}], ["7239|||Predator", {"model": []}], ["2579|||Rambla 125", {"model": []}], ["2580|||Rambla 250", {"model": []}], ["2581|||Rambla 300", {"model": []}], ["7238|||Savannah", {"model": []}], ["2582|||Senda 125", {"model": []}], ["2583|||Senda R 125", {"model": []}], ["2584|||Senda R Racer", {"model": []}], ["2586|||Senda SM DRD Racing", {"model": []}], ["2587|||Senda SM Racer", {"model": []}], ["2588|||Senda SM X-TREME", {"model": []}], ["2585|||Senda SM", {"model": []}], ["7237|||Senda", {"model": []}], ["2590|||Terra 125 Adventure", {"model": []}], ["2589|||Terra 125", {"model": []}], ["7236|||Vamos", {"model": []}], ["7235|||Variant", {"model": []}], ["7234|||X-Race", {"model": []}], ["7233|||X-Treme", {"model": []}]]}]]}