{"make": [["64||1|Triumph", {"model": [["4089|||3 H", {"model": []}], ["4090|||3 T", {"model": []}], ["4091|||3TA", {"model": []}], ["4092|||5 H", {"model": []}], ["4093|||5 TA", {"model": []}], ["4094|||5/5 Sports", {"model": []}], ["4095|||5T Speed Twin", {"model": []}], ["4096|||Adventurer 900", {"model": []}], ["4097|||America LT", {"model": []}], ["4098|||B 125", {"model": []}], ["5993|||B 200", {"model": []}], ["4100|||B 204", {"model": []}], ["4101|||B 254", {"model": []}], ["4102|||B 350", {"model": []}], ["4103|||BD 250", {"model": []}], ["4104|||BDG 125", {"model": []}], ["4105|||BDG 250", {"model": []}], ["2612|||Bonneville America", {"model": []}], ["7296|||Bonneville Bobber", {"model": []}], ["4106|||Bonneville Newchurch", {"model": []}], ["4107|||Bonneville SE", {"model": []}], ["4108|||Bonneville Spirit", {"model": []}], ["2613|||Bonneville T100", {"model": []}], ["4109|||Bonneville T120", {"model": []}], ["4110|||Bonneville T140V", {"model": []}], ["4111|||Bonneville T214", {"model": []}], ["2611|||Bonneville", {"model": []}], ["4112|||Boss", {"model": []}], ["4113|||Capacity 500", {"model": []}], ["4114|||Comet", {"model": []}], ["4115|||Contessa", {"model": []}], ["4116|||Cornet", {"model": []}], ["4118|||Daytona 600", {"model": []}], ["4119|||Daytona 650", {"model": []}], ["2615|||Daytona 675 Triple", {"model": []}], ["4120|||Daytona 675", {"model": []}], ["4121|||Daytona 900", {"model": []}], ["2617|||Daytona 955i NS", {"model": []}], ["2616|||Daytona 955i", {"model": []}], ["4117|||Daytona 1200", {"model": []}], ["4122|||Daytona Super III 900", {"model": []}], ["4123|||Daytona T 595", {"model": []}], ["2614|||Daytona", {"model": []}], ["5994|||GT", {"model": []}], ["4124|||Grand Prix", {"model": []}], ["4126|||H", {"model": []}], ["4127|||K 3/4/5", {"model": []}], ["4128|||K 6/7/8/9", {"model": []}], ["4129|||Knirps", {"model": []}], ["7366|||Kongress", {"model": []}], ["4130|||Kongre\u00e1", {"model": []}], ["4131|||Legend TT", {"model": []}], ["4132|||Noris 200", {"model": []}], ["2619|||RS", {"model": []}], ["4133|||Ricardo", {"model": []}], ["4134|||Rocket III Classic", {"model": []}], ["4135|||Rocket III Roadster", {"model": []}], ["4136|||Rocket III Touring", {"model": []}], ["4137|||Rocket X", {"model": []}], ["2618|||Rocket", {"model": []}], ["5995|||S 350", {"model": []}], ["7787|||SD 550", {"model": []}], ["5996|||SD", {"model": []}], ["7786|||SSK 350", {"model": []}], ["4152|||SSK", {"model": []}], ["4153|||STM 500", {"model": []}], ["2620|||Scrambler", {"model": []}], ["2621|||Speed FOUR", {"model": []}], ["2622|||Speed Master", {"model": []}], ["4141|||Speed Triple 750", {"model": []}], ["4142|||Speed Triple 900", {"model": []}], ["4143|||Speed Triple 955i", {"model": []}], ["4140|||Speed Triple 1050", {"model": []}], ["4144|||Speed Triple R", {"model": []}], ["4145|||Speed Triple S", {"model": []}], ["4146|||Speed Triple T509", {"model": []}], ["2623|||Speed Triple", {"model": []}], ["4147|||Speed Twin", {"model": []}], ["4148|||Sport Sprint 900", {"model": []}], ["4149|||Sprint 900", {"model": []}], ["4150|||Sprint GT", {"model": []}], ["2625|||Sprint RS", {"model": []}], ["4151|||Sprint ST 1050", {"model": []}], ["2627|||Sprint ST Executive", {"model": []}], ["2626|||Sprint ST", {"model": []}], ["2624|||Sprint", {"model": []}], ["6777|||Street Cup", {"model": []}], ["2628|||Street Triple 675", {"model": []}], ["7785|||Street Triple 765", {"model": []}], ["4155|||Street Triple RX", {"model": []}], ["4154|||Street Triple R", {"model": []}], ["5997|||Street Twin", {"model": []}], ["7784|||T140W TSS", {"model": []}], ["4156|||T 20 Tiger Club", {"model": []}], ["4157|||T 500", {"model": []}], ["4158|||T T3/4", {"model": []}], ["4188|||TR 5 Trophy", {"model": []}], ["4187|||TR 25 W Trophy", {"model": []}], ["7781|||TR 25", {"model": []}], ["7779|||TRW 500", {"model": []}], ["4196|||TRW", {"model": []}], ["4197|||TSS", {"model": []}], ["2639|||TT 600", {"model": []}], ["5998|||TT", {"model": []}], ["4159|||Tessy Luxus", {"model": []}], ["4160|||Tessy Standard", {"model": []}], ["4161|||Tessy Super", {"model": []}], ["7783|||Tessy", {"model": []}], ["4162|||Thruxton 900", {"model": []}], ["4163|||Thruxton Ace", {"model": []}], ["2629|||Thruxton", {"model": []}], ["4164|||Thunderbird 6T", {"model": []}], ["4165|||Thunderbird Commander", {"model": []}], ["4166|||Thunderbird LT", {"model": []}], ["4167|||Thunderbird Nightstorm", {"model": []}], ["4168|||Thunderbird Sport", {"model": []}], ["4169|||Thunderbird Storm", {"model": []}], ["2630|||Thunderbird", {"model": []}], ["4173|||Tiger 70", {"model": []}], ["4174|||Tiger 80", {"model": []}], ["4180|||Tiger 90", {"model": []}], ["4170|||Tiger 100", {"model": []}], ["4176|||Tiger 800 XCx", {"model": []}], ["4175|||Tiger 800 XC", {"model": []}], ["4178|||Tiger 800 XRx", {"model": []}], ["4177|||Tiger 800 XR", {"model": []}], ["3147|||Tiger 800", {"model": []}], ["4179|||Tiger 855i", {"model": []}], ["3146|||Tiger 900 (885)", {"model": []}], ["4181|||Tiger 900", {"model": []}], ["2635|||Tiger 955i Executive", {"model": []}], ["2634|||Tiger 955i", {"model": []}], ["4171|||Tiger 1050 SE", {"model": []}], ["2633|||Tiger 1050", {"model": []}], ["4172|||Tiger 1200 Explorer", {"model": []}], ["7562|||Tiger 1200", {"model": []}], ["7782|||Tiger Cub", {"model": []}], ["4183|||Tiger Explorer XC", {"model": []}], ["4182|||Tiger Explorer", {"model": []}], ["4184|||Tiger Sport", {"model": []}], ["4185|||Tiger T110", {"model": []}], ["4186|||Tiger TR7V", {"model": []}], ["4189|||Trident 750", {"model": []}], ["4190|||Trident 900", {"model": []}], ["4191|||Trident T 150", {"model": []}], ["4192|||Trident T 160V", {"model": []}], ["7780|||Trident T 160", {"model": []}], ["2636|||Trident", {"model": []}], ["4193|||Triton 650", {"model": []}], ["4194|||Trophy 900", {"model": []}], ["2638|||Trophy 1200", {"model": []}], ["4195|||Trophy SE", {"model": []}], ["2637|||Trophy", {"model": []}]]}]]}