{"make": [["5070||1|Ariel", {"model": [["5926|||3", {"model": []}], ["5927|||Ace", {"model": []}], ["5928|||Arrow", {"model": []}], ["5929|||FH", {"model": []}], ["5930|||HS", {"model": []}], ["5931|||HT", {"model": []}], ["5932|||KH", {"model": []}], ["5933|||Leader", {"model": []}], ["5934|||Mod A/B", {"model": []}], ["5935|||Mod B/C", {"model": []}], ["5936|||Mod E", {"model": []}], ["5937|||NH", {"model": []}], ["5938|||Pixie", {"model": []}], ["5939|||Red Hunter", {"model": []}], ["5940|||SQ4", {"model": []}], ["5941|||VB", {"model": []}], ["5942|||VH", {"model": []}]]}]]}