{"make": [["5221||1|Evomoto", {"model": [["7772|||Diva", {"model": []}], ["3037|||ENVY 150", {"model": []}], ["3036|||Elegance 125", {"model": []}], ["7715|||Hercules", {"model": []}], ["7716|||Hobby", {"model": []}], ["7717|||Leopard", {"model": []}], ["3038|||NR Monza", {"model": []}], ["7718|||Old Town", {"model": []}], ["7720|||Remix", {"model": []}], ["7722|||Rockstar", {"model": []}], ["7721|||Rock", {"model": []}], ["7723|||Smile", {"model": []}], ["7714|||Trevis", {"model": []}], ["7719|||ZONTES-R", {"model": []}]]}]]}