{"make": [["5203||1|Skyteam", {"model": [["7569|||Ape 125", {"model": []}], ["7570|||Bubbly", {"model": []}], ["7572|||Chappy 50", {"model": []}], ["7571|||Chappy 125", {"model": []}], ["7574|||Dax 50", {"model": []}], ["7573|||Dax 125", {"model": []}], ["7593|||E-Max", {"model": []}], ["7592|||Florida", {"model": []}], ["7576|||Gorilla 50", {"model": []}], ["7575|||Gorilla 125", {"model": []}], ["7577|||King 50", {"model": []}], ["7578|||Lemans", {"model": []}], ["7579|||Monkey 50", {"model": []}], ["3126|||Monkey", {"model": []}], ["7582|||PBR 50", {"model": []}], ["7581|||PBR 125", {"model": []}], ["7580|||PBR", {"model": []}], ["7589|||ST 90", {"model": []}], ["7585|||ST 110", {"model": []}], ["7586|||ST 125", {"model": []}], ["7587|||ST 150", {"model": []}], ["7588|||ST 200", {"model": []}], ["7583|||Skymax", {"model": []}], ["7584|||Skymini", {"model": []}], ["7590|||Trail Road", {"model": []}], ["7591|||V-Raptor", {"model": []}]]}]]}