{"make": [["242||1|Suzuki", {"model": [["4335|||AC 50", {"model": []}], ["2270|||AG Address", {"model": []}], ["2271|||AN 125 Burgman", {"model": []}], ["2272|||AN 150 Burgman", {"model": []}], ["2273|||AN 200 Burgman", {"model": []}], ["2274|||AN 250 Burgman", {"model": []}], ["2275|||AN 400 Burgman", {"model": []}], ["2276|||AN 650 Burgman", {"model": []}], ["4336|||AP 50", {"model": []}], ["2277|||AY 50 A Injection Katana", {"model": []}], ["4337|||AY 50", {"model": []}], ["2268|||Across", {"model": []}], ["2269|||Address", {"model": []}], ["4338|||B King", {"model": []}], ["2278|||B-KING 1300", {"model": []}], ["4341|||Bandit 250", {"model": []}], ["4342|||Bandit 400", {"model": []}], ["4343|||Bandit 600", {"model": []}], ["4344|||Bandit 650", {"model": []}], ["4339|||Bandit 1200", {"model": []}], ["4340|||Bandit 1250", {"model": []}], ["4345|||Burgman 125", {"model": []}], ["4346|||Burgman 150", {"model": []}], ["4347|||Burgman 200", {"model": []}], ["4348|||Burgman 250", {"model": []}], ["4349|||Burgman 400", {"model": []}], ["4350|||Burgman 650", {"model": []}], ["4351|||CP 50", {"model": []}], ["4352|||CS 125", {"model": []}], ["2282|||DL 650 V-STROM", {"model": []}], ["2281|||DL 1000 V-STROM", {"model": []}], ["2285|||DR 125", {"model": []}], ["2286|||DR 200 SE", {"model": []}], ["7307|||DR 200", {"model": []}], ["2288|||DR 250 S", {"model": []}], ["2287|||DR 250", {"model": []}], ["2289|||DR 350", {"model": []}], ["2290|||DR 400", {"model": []}], ["2291|||DR 450 Z", {"model": []}], ["4353|||DR 500", {"model": []}], ["4354|||DR 600", {"model": []}], ["2292|||DR 650 SE", {"model": []}], ["2293|||DR 650RS", {"model": []}], ["4355|||DR 650", {"model": []}], ["2283|||DR 750 BIG", {"model": []}], ["2284|||DR 800 S", {"model": []}], ["4356|||DR 800", {"model": []}], ["4357|||DR Big", {"model": []}], ["4361|||DR-Z 70", {"model": []}], ["4358|||DR-Z 110", {"model": []}], ["4359|||DR-Z 125", {"model": []}], ["2294|||DR-Z 400 R", {"model": []}], ["2296|||DR-Z 400 SM", {"model": []}], ["2295|||DR-Z 400 S", {"model": []}], ["4360|||DR-Z 400", {"model": []}], ["4362|||DS 80", {"model": []}], ["2279|||Desperado", {"model": []}], ["2280|||Djebel", {"model": []}], ["2297|||FB", {"model": []}], ["2298|||FD 110 Shogun", {"model": []}], ["2299|||FD 112 Shogun", {"model": []}], ["2300|||FM", {"model": []}], ["2301|||FX 125", {"model": []}], ["2302|||GN 125", {"model": []}], ["2303|||GN 250", {"model": []}], ["4364|||GN 400", {"model": []}], ["4365|||GNX 250", {"model": []}], ["4366|||GP 125", {"model": []}], ["4367|||GR 650", {"model": []}], ["4370|||GS 25", {"model": []}], ["4369|||GS 125", {"model": []}], ["2305|||GS 400", {"model": []}], ["4371|||GS 425", {"model": []}], ["6004|||GS 450", {"model": []}], ["2307|||GS 500F", {"model": []}], ["2306|||GS 500", {"model": []}], ["4373|||GS 550", {"model": []}], ["4374|||GS 650", {"model": []}], ["4375|||GS 750", {"model": []}], ["4376|||GS 850", {"model": []}], ["2304|||GS 1000", {"model": []}], ["4368|||GS 1100", {"model": []}], ["2310|||GSF 400 Bandit", {"model": []}], ["2311|||GSF 600 Bandit", {"model": []}], ["2312|||GSF 650 Bandit", {"model": []}], ["2313|||GSF 650 S Bandit", {"model": []}], ["2308|||GSF 1200 Bandit", {"model": []}], ["2309|||GSF 1250 Bandit", {"model": []}], ["2314|||GSR 400", {"model": []}], ["2315|||GSR 600", {"model": []}], ["4377|||GSR 750", {"model": []}], ["2321|||GSX 250", {"model": []}], ["2322|||GSX 400", {"model": []}], ["2316|||GSX 500", {"model": []}], ["2323|||GSX 550", {"model": []}], ["2324|||GSX 600", {"model": []}], ["2317|||GSX 650", {"model": []}], ["2325|||GSX 750", {"model": []}], ["2318|||GSX 1100", {"model": []}], ["2319|||GSX 1200", {"model": []}], ["4378|||GSX 1250", {"model": []}], ["4379|||GSX 1300", {"model": []}], ["2320|||GSX 1400", {"model": []}], ["6626|||GSX-R 125", {"model": []}], ["4382|||GSX-R 400", {"model": []}], ["4383|||GSX-R 600", {"model": []}], ["4384|||GSX-R 750", {"model": []}], ["4380|||GSX-R 1000", {"model": []}], ["4381|||GSX-R 1100", {"model": []}], ["2328|||GSX-R 1300 Hayabusa", {"model": []}], ["6625|||GSX-S 125", {"model": []}], ["6624|||GSX-S 750", {"model": []}], ["4385|||GSX-S 1000", {"model": []}], ["4391|||GT 50", {"model": []}], ["4395|||GT 80", {"model": []}], ["4386|||GT 125", {"model": []}], ["4387|||GT 185", {"model": []}], ["4388|||GT 200", {"model": []}], ["4389|||GT 250", {"model": []}], ["4390|||GT 380", {"model": []}], ["4392|||GT 500", {"model": []}], ["4393|||GT 550", {"model": []}], ["4394|||GT 750", {"model": []}], ["4396|||GV 1200", {"model": []}], ["2332|||GZ 125 Marauder", {"model": []}], ["4397|||GZ 125", {"model": []}], ["2333|||GZ 250 Marauder", {"model": []}], ["4398|||GZ 250", {"model": []}], ["4363|||Gladius 650", {"model": []}], ["4399|||Hayabusa", {"model": []}], ["4400|||Inazuma 250", {"model": []}], ["4401|||Intruder C", {"model": []}], ["4402|||Intruder M", {"model": []}], ["4403|||JR 50", {"model": []}], ["4404|||JR 80", {"model": []}], ["4405|||Katana 50", {"model": []}], ["2334|||Katana 750", {"model": []}], ["4406|||Katana R50", {"model": []}], ["2335|||Kingquad", {"model": []}], ["4407|||LC 125", {"model": []}], ["4408|||LS 650", {"model": []}], ["2336|||LS Savage", {"model": []}], ["4411|||LT 50", {"model": []}], ["2337|||LT 80", {"model": []}], ["4409|||LT 160", {"model": []}], ["4410|||LT 250", {"model": []}], ["4412|||LT-F 400", {"model": []}], ["4413|||LT-F 500", {"model": []}], ["4414|||LT-R 450", {"model": []}], ["4417|||LT-Z 50", {"model": []}], ["4418|||LT-Z 90", {"model": []}], ["4415|||LT-Z 250", {"model": []}], ["4416|||LT-Z 400", {"model": []}], ["2338|||LTA 500", {"model": []}], ["6228|||LTA 750AXi", {"model": []}], ["2339|||LTR 450", {"model": []}], ["2340|||LTZ", {"model": []}], ["4419|||M 1800 R", {"model": []}], ["2341|||Quadracer R450", {"model": []}], ["4420|||Quadsport 80", {"model": []}], ["7390|||Quadsport", {"model": []}], ["4421|||RE 5", {"model": []}], ["4422|||RF 600", {"model": []}], ["4423|||RF 900", {"model": []}], ["2342|||RF", {"model": []}], ["4428|||RG 80", {"model": []}], ["4425|||RG 125F", {"model": []}], ["4424|||RG 125", {"model": []}], ["4426|||RG 250", {"model": []}], ["4427|||RG 500", {"model": []}], ["4429|||RGV 250", {"model": []}], ["2344|||RGV-G", {"model": []}], ["2343|||RGV", {"model": []}], ["4430|||RK 50", {"model": []}], ["4431|||RM 50", {"model": []}], ["4433|||RM 65", {"model": []}], ["4434|||RM 80", {"model": []}], ["2347|||RM 85", {"model": []}], ["2345|||RM 125", {"model": []}], ["2346|||RM 250", {"model": []}], ["4432|||RM 500", {"model": []}], ["2349|||RM-Z 250", {"model": []}], ["2350|||RM-Z 450", {"model": []}], ["4435|||RMX 250", {"model": []}], ["4436|||RMX 450", {"model": []}], ["2348|||RMX", {"model": []}], ["4437|||RMZ 250", {"model": []}], ["4438|||RMZ 450", {"model": []}], ["4440|||RV 50", {"model": []}], ["4441|||RV 90", {"model": []}], ["2351|||RV 125 VAN-VAN", {"model": []}], ["4439|||RV 125", {"model": []}], ["6005|||RV 200", {"model": []}], ["2352|||SFV 650 Gladius", {"model": []}], ["4444|||SP 370", {"model": []}], ["4445|||SR 370", {"model": []}], ["2357|||SV 650 S", {"model": []}], ["2356|||SV 650", {"model": []}], ["2355|||SV 1000S", {"model": []}], ["2354|||SV 1000", {"model": []}], ["2358|||SXR", {"model": []}], ["4442|||Sixteen 125", {"model": []}], ["4443|||Sixteen 150", {"model": []}], ["2353|||Sixteen", {"model": []}], ["4446|||T 20", {"model": []}], ["4447|||T 250", {"model": []}], ["6006|||T 500", {"model": []}], ["4448|||TL 1000", {"model": []}], ["2359|||TL", {"model": []}], ["4449|||TR 50", {"model": []}], ["4453|||TS 50", {"model": []}], ["4454|||TS 80", {"model": []}], ["4450|||TS 125", {"model": []}], ["4451|||TS 250", {"model": []}], ["4452|||TS 400", {"model": []}], ["2360|||TS", {"model": []}], ["4455|||TU 125", {"model": []}], ["4456|||TU 250", {"model": []}], ["2361|||TU-VOLTY", {"model": []}], ["4457|||UC 125", {"model": []}], ["2362|||UC 150 Epicuro", {"model": []}], ["2363|||UE 125 Exodus", {"model": []}], ["4458|||UE 125", {"model": []}], ["4459|||UF 50", {"model": []}], ["2364|||UH 200 Burgman", {"model": []}], ["4460|||UX 50", {"model": []}], ["7228|||V-Strom 250", {"model": []}], ["4462|||V-Strom 650", {"model": []}], ["4461|||V-Strom 1000", {"model": []}], ["2365|||VAN-VAN", {"model": []}], ["4464|||VL 125", {"model": []}], ["2366|||VL 250", {"model": []}], ["4466|||VL 800", {"model": []}], ["4465|||VL 1500", {"model": []}], ["4467|||VLR 1800", {"model": []}], ["2367|||VN 800 Intruder", {"model": []}], ["4469|||VS 600", {"model": []}], ["4470|||VS 700", {"model": []}], ["4471|||VS 750", {"model": []}], ["4472|||VS 800", {"model": []}], ["4468|||VS 1400", {"model": []}], ["2368|||VS Intruder", {"model": []}], ["4473|||VX 800", {"model": []}], ["2369|||VZ 800 Marauder", {"model": []}], ["4476|||VZ 800", {"model": []}], ["4474|||VZ 1500 M", {"model": []}], ["4475|||VZ 1600", {"model": []}], ["4477|||VZR 1800", {"model": []}], ["4463|||VanVan 125", {"model": []}], ["7308|||VanVan 200", {"model": []}], ["4478|||X 7 E", {"model": []}], ["2370|||XF 650 Freewind", {"model": []}], ["4479|||XF 650", {"model": []}], ["4480|||ZR 50", {"model": []}]]}]]}