{"make": [["298||1|Bmw", {"model": [["6012|||100 CS", {"model": []}], ["6165|||C1 125", {"model": []}], ["6166|||C1 200", {"model": []}], ["7394|||C 400 X", {"model": []}], ["6163|||C 600 Sport", {"model": []}], ["6013|||C 600", {"model": []}], ["5924|||C 650 GT", {"model": []}], ["5925|||C 650 SPORT", {"model": []}], ["6271|||C 650", {"model": []}], ["6164|||C Evolution", {"model": []}], ["2172|||C-1", {"model": []}], ["6014|||Concept 6", {"model": []}], ["2181|||F 650 CS", {"model": []}], ["2175|||F 650 GS Dakar", {"model": []}], ["2174|||F 650 GS", {"model": []}], ["6015|||F 650 Rallye Touratech", {"model": []}], ["2176|||F 650 ST", {"model": []}], ["6139|||F 650", {"model": []}], ["6140|||F 700 GS", {"model": []}], ["6016|||F 700", {"model": []}], ["7392|||F 750 GS", {"model": []}], ["6141|||F 800 GS Adventure", {"model": []}], ["2177|||F 800 GS", {"model": []}], ["3317|||F 800 GT", {"model": []}], ["2178|||F 800 R", {"model": []}], ["2180|||F 800 ST", {"model": []}], ["2179|||F 800 S", {"model": []}], ["6017|||F 800", {"model": []}], ["7393|||F 850 GS", {"model": []}], ["2173|||F", {"model": []}], ["7227|||G 310 GS", {"model": []}], ["6018|||G 310 R", {"model": []}], ["2182|||G 450 X", {"model": []}], ["6019|||G 450", {"model": []}], ["6142|||G 650 GS Sertao", {"model": []}], ["2183|||G 650 GS", {"model": []}], ["2184|||G 650 Xchallenge", {"model": []}], ["2185|||G 650 Xcountry", {"model": []}], ["2186|||G 650 Xmoto", {"model": []}], ["6020|||G 650", {"model": []}], ["6021|||GG Quadster", {"model": []}], ["6022|||HP2 Enduro", {"model": []}], ["6151|||HP2 Sport", {"model": []}], ["2187|||HP2", {"model": []}], ["6152|||HP4", {"model": []}], ["6143|||HP 2 Megamoto", {"model": []}], ["2188|||K 1", {"model": []}], ["6029|||K 75 C", {"model": []}], ["6161|||K 75 RT", {"model": []}], ["6030|||K 75 S", {"model": []}], ["2199|||K 75", {"model": []}], ["6024|||K 100 LT", {"model": []}], ["2189|||K 100 RS", {"model": []}], ["2190|||K 100 RT", {"model": []}], ["6023|||K 100", {"model": []}], ["6031|||K 850 C Cruiser", {"model": []}], ["6157|||K 1100 LT Spez. Edition", {"model": []}], ["2191|||K 1100 LT", {"model": []}], ["2192|||K 1100 RS", {"model": []}], ["6025|||K 1100", {"model": []}], ["2193|||K 1200 GT", {"model": []}], ["2194|||K 1200 LT", {"model": []}], ["6153|||K 1200 R Sport", {"model": []}], ["2196|||K 1200 RS", {"model": []}], ["2195|||K 1200 R", {"model": []}], ["2197|||K 1200 S", {"model": []}], ["6026|||K 1200", {"model": []}], ["2198|||K 1300 R", {"model": []}], ["2202|||K 1300GT", {"model": []}], ["2203|||K 1300S", {"model": []}], ["6027|||K 1300", {"model": []}], ["6160|||K 1600 GTL Exclusive", {"model": []}], ["6159|||K 1600 GTL", {"model": []}], ["6158|||K 1600 GT", {"model": []}], ["6028|||K 1600", {"model": []}], ["2200|||K RS", {"model": []}], ["6032|||Lo Rider", {"model": []}], ["6033|||R 1", {"model": []}], ["6256|||R 2", {"model": []}], ["6039|||R 11", {"model": []}], ["6042|||R 12", {"model": []}], ["6255|||R 16", {"model": []}], ["6257|||R 17", {"model": []}], ["6258|||R 23", {"model": []}], ["2235|||R 24", {"model": []}], ["2236|||R 25/3", {"model": []}], ["2237|||R 26", {"model": []}], ["2238|||R 27", {"model": []}], ["6259|||R 32", {"model": []}], ["6260|||R 35/2", {"model": []}], ["6261|||R 35", {"model": []}], ["6262|||R 37", {"model": []}], ["6263|||R 39", {"model": []}], ["6264|||R 42", {"model": []}], ["6265|||R 45 S", {"model": []}], ["2225|||R 45", {"model": []}], ["6266|||R 47", {"model": []}], ["2226|||R 50", {"model": []}], ["6268|||R 51/2", {"model": []}], ["2239|||R 51/3", {"model": []}], ["2227|||R 51/4", {"model": []}], ["6267|||R 51", {"model": []}], ["6269|||R 52", {"model": []}], ["6270|||R 57", {"model": []}], ["6244|||R 60/6", {"model": []}], ["6243|||R 60", {"model": []}], ["6245|||R 61", {"model": []}], ["6246|||R 62", {"model": []}], ["6247|||R 63", {"model": []}], ["6248|||R 65 GS", {"model": []}], ["6249|||R 65 LS", {"model": []}], ["2240|||R 65", {"model": []}], ["6250|||R 66", {"model": []}], ["2241|||R 67/2", {"model": []}], ["6251|||R 67", {"model": []}], ["6252|||R 68", {"model": []}], ["6254|||R 69 S", {"model": []}], ["6253|||R 69", {"model": []}], ["6242|||R 71", {"model": []}], ["6239|||R 75/5", {"model": []}], ["6240|||R 75/6", {"model": []}], ["6241|||R 75/7", {"model": []}], ["6238|||R 75", {"model": []}], ["2228|||R 80 RT", {"model": []}], ["6049|||R 80 R", {"model": []}], ["6050|||R 80 ST", {"model": []}], ["6051|||R 80/7", {"model": []}], ["2243|||R 80GS Dakar", {"model": []}], ["2242|||R 80GS", {"model": []}], ["6048|||R 80", {"model": []}], ["2233|||R 90 S", {"model": []}], ["6054|||R 90/6", {"model": []}], ["6053|||R 90", {"model": []}], ["6035|||R 100 CS", {"model": []}], ["6036|||R 100 GS Paris-Dakar", {"model": []}], ["6144|||R 100 GS", {"model": []}], ["2205|||R 100 RS", {"model": []}], ["6162|||R 100 RT", {"model": []}], ["2204|||R 100 R", {"model": []}], ["2206|||R 100 S", {"model": []}], ["6037|||R 100 T", {"model": []}], ["6038|||R 100/7", {"model": []}], ["2234|||R 100GS Dakar", {"model": []}], ["6034|||R 100", {"model": []}], ["2229|||R 850 C", {"model": []}], ["2230|||R 850 GS", {"model": []}], ["2232|||R 850 RT", {"model": []}], ["2231|||R 850 R", {"model": []}], ["6052|||R 850", {"model": []}], ["6055|||R 900 GS RR", {"model": []}], ["6056|||R 900 RT", {"model": []}], ["2207|||R 1100 GS", {"model": []}], ["2209|||R 1100 R S", {"model": []}], ["2210|||R 1100 RT", {"model": []}], ["2208|||R 1100 R", {"model": []}], ["6154|||R 1100 S Boxercup Replika", {"model": []}], ["2211|||R 1100 S", {"model": []}], ["6040|||R 1100", {"model": []}], ["2213|||R 1150 GS Adv.", {"model": []}], ["6145|||R 1150 GS Adventure", {"model": []}], ["2212|||R 1150 GS", {"model": []}], ["6147|||R 1150 R Rockster", {"model": []}], ["6155|||R 1150 RS", {"model": []}], ["2216|||R 1150 RT", {"model": []}], ["2215|||R 1150 Rockster", {"model": []}], ["2214|||R 1150 R", {"model": []}], ["6041|||R 1150", {"model": []}], ["2218|||R 1200 C Indepedent", {"model": []}], ["6044|||R 1200 C Independent", {"model": []}], ["6045|||R 1200 C Montauk", {"model": []}], ["6046|||R 1200 CL", {"model": []}], ["2217|||R 1200 C", {"model": []}], ["2220|||R 1200 GS Adventure", {"model": []}], ["6047|||R 1200 GS LC", {"model": []}], ["2219|||R 1200 GS", {"model": []}], ["6148|||R 1200 R Classic", {"model": []}], ["6156|||R 1200 RS", {"model": []}], ["2222|||R 1200 RT", {"model": []}], ["2221|||R 1200 R", {"model": []}], ["2224|||R 1200 ST", {"model": []}], ["2223|||R 1200 S", {"model": []}], ["6043|||R 1200", {"model": []}], ["8017|||R 1250 GS", {"model": []}], ["6149|||R nineT", {"model": []}], ["6057|||RS 54", {"model": []}], ["2244|||S1000RR", {"model": []}], ["6150|||S 1000 R", {"model": []}], ["6146|||S 1000 XR", {"model": []}], ["6058|||T 600", {"model": []}], ["6059|||T 800 R", {"model": []}], ["6060|||T 800 S", {"model": []}], ["6061|||WR 750", {"model": []}]]}]]}