{"make": [["40||1|Cagiva", {"model": [["2799|||Canyon 500", {"model": []}], ["2800|||Canyon 600", {"model": []}], ["2801|||Elefant", {"model": []}], ["2802|||GRAN Canyon 900", {"model": []}], ["2803|||MITO", {"model": []}], ["2804|||Navigator 1000", {"model": []}], ["2806|||Raptor 125 (K.P.)", {"model": []}], ["2807|||Raptor 650", {"model": []}], ["2805|||Raptor 1000", {"model": []}], ["2808|||River 500", {"model": []}], ["2809|||Roadster", {"model": []}], ["2810|||Supercity", {"model": []}], ["2811|||V-RAPTOR 650", {"model": []}]]}]]}