{"make": [["31||1|Daelim", {"model": [["2120|||A-FOUR", {"model": []}], ["3396|||Ace", {"model": []}], ["7329|||Aroma", {"model": []}], ["7330|||B-Bone 125", {"model": []}], ["7331|||Beagle", {"model": []}], ["2121|||Besbi 125", {"model": []}], ["7332|||Besbi", {"model": []}], ["3394|||Bonita", {"model": []}], ["2123|||CITY", {"model": []}], ["2122|||Citiace 110", {"model": []}], ["7333|||Cordi 50", {"model": []}], ["7337|||DH 125", {"model": []}], ["2124|||Daystar 125", {"model": []}], ["2125|||Daystar 150", {"model": []}], ["3397|||Daystar 250", {"model": []}], ["7334|||Daystar F.I.", {"model": []}], ["7336|||Delfino 50", {"model": []}], ["2126|||Delfino 100", {"model": []}], ["7335|||Delfino 125", {"model": []}], ["2127|||E-FIVE", {"model": []}], ["7338|||E-Five ATS", {"model": []}], ["2128|||ET 250", {"model": []}], ["2129|||ET 300", {"model": []}], ["2130|||Freewing 125", {"model": []}], ["2131|||Freewing 250", {"model": []}], ["7339|||Freewing F.I.", {"model": []}], ["2132|||History 125", {"model": []}], ["2133|||Magma 125", {"model": []}], ["7340|||Message 50", {"model": []}], ["2134|||NS 125", {"model": []}], ["7341|||Otello 125", {"model": []}], ["7342|||Otello F.I.", {"model": []}], ["2135|||Roadwin", {"model": []}], ["7344|||S1 125", {"model": []}], ["2136|||S1", {"model": []}], ["7345|||S2 125", {"model": []}], ["7346|||S2 250", {"model": []}], ["3395|||S3", {"model": []}], ["7347|||S300 Fi", {"model": []}], ["2137|||S-FIVE", {"model": []}], ["7343|||S-Five 50", {"model": []}], ["7348|||Steezer", {"model": []}], ["7350|||VC 125F", {"model": []}], ["7349|||VJF 125", {"model": []}], ["3398|||VJF", {"model": []}], ["7351|||Witty", {"model": []}]]}]]}