{"make": [["68||1|Aeon", {"model": [["7868|||180 RSII", {"model": []}], ["2602|||ATV", {"model": []}], ["7871|||AX 600", {"model": []}], ["7869|||Aero", {"model": []}], ["7870|||Argon", {"model": []}], ["7872|||Co In 125", {"model": []}], ["7879|||Cobra 50", {"model": []}], ["7873|||Cobra 100", {"model": []}], ["7874|||Cobra 125", {"model": []}], ["7875|||Cobra 180", {"model": []}], ["2604|||Cobra 220", {"model": []}], ["7876|||Cobra 320", {"model": []}], ["7877|||Cobra 350", {"model": []}], ["7878|||Cobra 400", {"model": []}], ["2605|||Cobra RS 180", {"model": []}], ["7880|||Cobra RS", {"model": []}], ["7881|||Cobra S 300", {"model": []}], ["2603|||Cobra", {"model": []}], ["2606|||Crossland 300", {"model": []}], ["7882|||Crossland 350", {"model": []}], ["7865|||Crossland 400", {"model": []}], ["7863|||Crossland 600", {"model": []}], ["2607|||Crossland RX 350", {"model": []}], ["7862|||Crossland RX", {"model": []}], ["7864|||Cube 300", {"model": []}], ["7861|||Cube 350", {"model": []}], ["7860|||Cube 400", {"model": []}], ["7859|||Echo", {"model": []}], ["7858|||Elite 125", {"model": []}], ["7856|||Elite 350", {"model": []}], ["7855|||Elite 400", {"model": []}], ["2608|||Elite", {"model": []}], ["7857|||Goes 220", {"model": []}], ["7854|||Goes 320", {"model": []}], ["7853|||Goes 350", {"model": []}], ["7851|||Goes 360", {"model": []}], ["7852|||Goes 520", {"model": []}], ["7850|||Krypton", {"model": []}], ["7848|||MY 125", {"model": []}], ["7847|||MY 150", {"model": []}], ["7849|||Mini Kolt", {"model": []}], ["7846|||Nox", {"model": []}], ["7844|||OZ 125", {"model": []}], ["7843|||OZ 150", {"model": []}], ["2609|||Overland 180", {"model": []}], ["7845|||Overland 600", {"model": []}], ["7840|||REVO 50", {"model": []}], ["7841|||REVO 100", {"model": []}], ["7842|||Rascal", {"model": []}], ["7839|||TRX 50", {"model": []}], ["7838|||Urban 125", {"model": []}], ["7837|||Urban 350", {"model": []}], ["2610|||Urban", {"model": []}]]}]]}